TableName,SeriesCode,LineNumber,LineDescription,TimePeriod,METRIC_NAME,CL_UNIT,UNIT_MULT,DataValue,NoteRef
T10101,A191RL,1,Gross domestic product,1947Q2,Fisher Quantity Index,"Percent change, annual rate",0,-1.0,T10101
T10101,A191RL,1,Gross domestic product,1947Q3,Fisher Quantity Index,"Percent change, annual rate",0,-0.8,T10101
T10101,A191RL,1,Gross domestic product,1947Q4,Fisher Quantity Index,"Percent change, annual rate",0,6.4,T10101
T10101,A191RL,1,Gross domestic product,1948Q1,Fisher Quantity Index,"Percent change, annual rate",0,6.2,T10101
T10101,A191RL,1,Gross domestic product,1948Q2,Fisher Quantity Index,"Percent change, annual rate",0,6.8,T10101
T10101,A191RL,1,Gross domestic product,1948Q3,Fisher Quantity Index,"Percent change, annual rate",0,2.3,T10101
T10101,A191RL,1,Gross domestic product,1948Q4,Fisher Quantity Index,"Percent change, annual rate",0,0.5,T10101
T10101,A191RL,1,Gross domestic product,1949Q1,Fisher Quantity Index,"Percent change, annual rate",0,-5.4,T10101
T10101,A191RL,1,Gross domestic product,1949Q2,Fisher Quantity Index,"Percent change, annual rate",0,-1.4,T10101
T10101,A191RL,1,Gross domestic product,1949Q3,Fisher Quantity Index,"Percent change, annual rate",0,4.2,T10101
T10101,A191RL,1,Gross domestic product,1949Q4,Fisher Quantity Index,"Percent change, annual rate",0,-3.3,T10101
T10101,A191RL,1,Gross domestic product,1950Q1,Fisher Quantity Index,"Percent change, annual rate",0,16.7,T10101
T10101,A191RL,1,Gross domestic product,1950Q2,Fisher Quantity Index,"Percent change, annual rate",0,12.7,T10101
T10101,A191RL,1,Gross domestic product,1950Q3,Fisher Quantity Index,"Percent change, annual rate",0,16.4,T10101
T10101,A191RL,1,Gross domestic product,1950Q4,Fisher Quantity Index,"Percent change, annual rate",0,7.9,T10101
T10101,A191RL,1,Gross domestic product,1951Q1,Fisher Quantity Index,"Percent change, annual rate",0,5.5,T10101
T10101,A191RL,1,Gross domestic product,1951Q2,Fisher Quantity Index,"Percent change, annual rate",0,7.1,T10101
T10101,A191RL,1,Gross domestic product,1951Q3,Fisher Quantity Index,"Percent change, annual rate",0,8.5,T10101
T10101,A191RL,1,Gross domestic product,1951Q4,Fisher Quantity Index,"Percent change, annual rate",0,0.9,T10101
T10101,A191RL,1,Gross domestic product,1952Q1,Fisher Quantity Index,"Percent change, annual rate",0,4.3,T10101
T10101,A191RL,1,Gross domestic product,1952Q2,Fisher Quantity Index,"Percent change, annual rate",0,0.8,T10101
T10101,A191RL,1,Gross domestic product,1952Q3,Fisher Quantity Index,"Percent change, annual rate",0,2.9,T10101
T10101,A191RL,1,Gross domestic product,1952Q4,Fisher Quantity Index,"Percent change, annual rate",0,13.8,T10101
T10101,A191RL,1,Gross domestic product,1953Q1,Fisher Quantity Index,"Percent change, annual rate",0,7.7,T10101
T10101,A191RL,1,Gross domestic product,1953Q2,Fisher Quantity Index,"Percent change, annual rate",0,3.1,T10101
T10101,A191RL,1,Gross domestic product,1953Q3,Fisher Quantity Index,"Percent change, annual rate",0,-2.2,T10101
T10101,A191RL,1,Gross domestic product,1953Q4,Fisher Quantity Index,"Percent change, annual rate",0,-5.9,T10101
T10101,A191RL,1,Gross domestic product,1954Q1,Fisher Quantity Index,"Percent change, annual rate",0,-1.9,T10101
T10101,A191RL,1,Gross domestic product,1954Q2,Fisher Quantity Index,"Percent change, annual rate",0,0.4,T10101
T10101,A191RL,1,Gross domestic product,1954Q3,Fisher Quantity Index,"Percent change, annual rate",0,4.6,T10101
T10101,A191RL,1,Gross domestic product,1954Q4,Fisher Quantity Index,"Percent change, annual rate",0,8.1,T10101
T10101,A191RL,1,Gross domestic product,1955Q1,Fisher Quantity Index,"Percent change, annual rate",0,11.9,T10101
T10101,A191RL,1,Gross domestic product,1955Q2,Fisher Quantity Index,"Percent change, annual rate",0,6.7,T10101
T10101,A191RL,1,Gross domestic product,1955Q3,Fisher Quantity Index,"Percent change, annual rate",0,5.5,T10101
T10101,A191RL,1,Gross domestic product,1955Q4,Fisher Quantity Index,"Percent change, annual rate",0,2.4,T10101
T10101,A191RL,1,Gross domestic product,1956Q1,Fisher Quantity Index,"Percent change, annual rate",0,-1.5,T10101
T10101,A191RL,1,Gross domestic product,1956Q2,Fisher Quantity Index,"Percent change, annual rate",0,3.3,T10101
T10101,A191RL,1,Gross domestic product,1956Q3,Fisher Quantity Index,"Percent change, annual rate",0,-0.3,T10101
T10101,A191RL,1,Gross domestic product,1956Q4,Fisher Quantity Index,"Percent change, annual rate",0,6.8,T10101
T10101,A191RL,1,Gross domestic product,1957Q1,Fisher Quantity Index,"Percent change, annual rate",0,2.6,T10101
T10101,A191RL,1,Gross domestic product,1957Q2,Fisher Quantity Index,"Percent change, annual rate",0,-0.9,T10101
T10101,A191RL,1,Gross domestic product,1957Q3,Fisher Quantity Index,"Percent change, annual rate",0,4.0,T10101
T10101,A191RL,1,Gross domestic product,1957Q4,Fisher Quantity Index,"Percent change, annual rate",0,-4.1,T10101
T10101,A191RL,1,Gross domestic product,1958Q1,Fisher Quantity Index,"Percent change, annual rate",0,-10.0,T10101
T10101,A191RL,1,Gross domestic product,1958Q2,Fisher Quantity Index,"Percent change, annual rate",0,2.7,T10101
T10101,A191RL,1,Gross domestic product,1958Q3,Fisher Quantity Index,"Percent change, annual rate",0,9.6,T10101
T10101,A191RL,1,Gross domestic product,1958Q4,Fisher Quantity Index,"Percent change, annual rate",0,9.7,T10101
T10101,A191RL,1,Gross domestic product,1959Q1,Fisher Quantity Index,"Percent change, annual rate",0,7.9,T10101
T10101,A191RL,1,Gross domestic product,1959Q2,Fisher Quantity Index,"Percent change, annual rate",0,9.3,T10101
T10101,A191RL,1,Gross domestic product,1959Q3,Fisher Quantity Index,"Percent change, annual rate",0,0.3,T10101
T10101,A191RL,1,Gross domestic product,1959Q4,Fisher Quantity Index,"Percent change, annual rate",0,1.1,T10101
T10101,A191RL,1,Gross domestic product,1960Q1,Fisher Quantity Index,"Percent change, annual rate",0,9.3,T10101
T10101,A191RL,1,Gross domestic product,1960Q2,Fisher Quantity Index,"Percent change, annual rate",0,-2.1,T10101
T10101,A191RL,1,Gross domestic product,1960Q3,Fisher Quantity Index,"Percent change, annual rate",0,2.0,T10101
T10101,A191RL,1,Gross domestic product,1960Q4,Fisher Quantity Index,"Percent change, annual rate",0,-5.0,T10101
T10101,A191RL,1,Gross domestic product,1961Q1,Fisher Quantity Index,"Percent change, annual rate",0,2.7,T10101
T10101,A191RL,1,Gross domestic product,1961Q2,Fisher Quantity Index,"Percent change, annual rate",0,7.0,T10101
T10101,A191RL,1,Gross domestic product,1961Q3,Fisher Quantity Index,"Percent change, annual rate",0,7.9,T10101
T10101,A191RL,1,Gross domestic product,1961Q4,Fisher Quantity Index,"Percent change, annual rate",0,8.1,T10101
T10101,A191RL,1,Gross domestic product,1962Q1,Fisher Quantity Index,"Percent change, annual rate",0,7.3,T10101
T10101,A191RL,1,Gross domestic product,1962Q2,Fisher Quantity Index,"Percent change, annual rate",0,3.7,T10101
T10101,A191RL,1,Gross domestic product,1962Q3,Fisher Quantity Index,"Percent change, annual rate",0,5.0,T10101
T10101,A191RL,1,Gross domestic product,1962Q4,Fisher Quantity Index,"Percent change, annual rate",0,1.3,T10101
T10101,A191RL,1,Gross domestic product,1963Q1,Fisher Quantity Index,"Percent change, annual rate",0,4.4,T10101
T10101,A191RL,1,Gross domestic product,1963Q2,Fisher Quantity Index,"Percent change, annual rate",0,4.6,T10101
T10101,A191RL,1,Gross domestic product,1963Q3,Fisher Quantity Index,"Percent change, annual rate",0,9.1,T10101
T10101,A191RL,1,Gross domestic product,1963Q4,Fisher Quantity Index,"Percent change, annual rate",0,2.6,T10101
T10101,A191RL,1,Gross domestic product,1964Q1,Fisher Quantity Index,"Percent change, annual rate",0,8.7,T10101
T10101,A191RL,1,Gross domestic product,1964Q2,Fisher Quantity Index,"Percent change, annual rate",0,4.4,T10101
T10101,A191RL,1,Gross domestic product,1964Q3,Fisher Quantity Index,"Percent change, annual rate",0,6.4,T10101
T10101,A191RL,1,Gross domestic product,1964Q4,Fisher Quantity Index,"Percent change, annual rate",0,1.2,T10101
T10101,A191RL,1,Gross domestic product,1965Q1,Fisher Quantity Index,"Percent change, annual rate",0,10.0,T10101
T10101,A191RL,1,Gross domestic product,1965Q2,Fisher Quantity Index,"Percent change, annual rate",0,5.2,T10101
T10101,A191RL,1,Gross domestic product,1965Q3,Fisher Quantity Index,"Percent change, annual rate",0,9.2,T10101
T10101,A191RL,1,Gross domestic product,1965Q4,Fisher Quantity Index,"Percent change, annual rate",0,9.5,T10101
T10101,A191RL,1,Gross domestic product,1966Q1,Fisher Quantity Index,"Percent change, annual rate",0,10.1,T10101
T10101,A191RL,1,Gross domestic product,1966Q2,Fisher Quantity Index,"Percent change, annual rate",0,1.4,T10101
T10101,A191RL,1,Gross domestic product,1966Q3,Fisher Quantity Index,"Percent change, annual rate",0,3.4,T10101
T10101,A191RL,1,Gross domestic product,1966Q4,Fisher Quantity Index,"Percent change, annual rate",0,3.3,T10101
T10101,A191RL,1,Gross domestic product,1967Q1,Fisher Quantity Index,"Percent change, annual rate",0,3.6,T10101
T10101,A191RL,1,Gross domestic product,1967Q2,Fisher Quantity Index,"Percent change, annual rate",0,0.2,T10101
T10101,A191RL,1,Gross domestic product,1967Q3,Fisher Quantity Index,"Percent change, annual rate",0,3.8,T10101
T10101,A191RL,1,Gross domestic product,1967Q4,Fisher Quantity Index,"Percent change, annual rate",0,3.1,T10101
T10101,A191RL,1,Gross domestic product,1968Q1,Fisher Quantity Index,"Percent change, annual rate",0,8.4,T10101
T10101,A191RL,1,Gross domestic product,1968Q2,Fisher Quantity Index,"Percent change, annual rate",0,6.9,T10101
T10101,A191RL,1,Gross domestic product,1968Q3,Fisher Quantity Index,"Percent change, annual rate",0,3.1,T10101
T10101,A191RL,1,Gross domestic product,1968Q4,Fisher Quantity Index,"Percent change, annual rate",0,1.6,T10101
T10101,A191RL,1,Gross domestic product,1969Q1,Fisher Quantity Index,"Percent change, annual rate",0,6.4,T10101
T10101,A191RL,1,Gross domestic product,1969Q2,Fisher Quantity Index,"Percent change, annual rate",0,1.2,T10101
T10101,A191RL,1,Gross domestic product,1969Q3,Fisher Quantity Index,"Percent change, annual rate",0,2.7,T10101
T10101,A191RL,1,Gross domestic product,1969Q4,Fisher Quantity Index,"Percent change, annual rate",0,-1.9,T10101
T10101,A191RL,1,Gross domestic product,1970Q1,Fisher Quantity Index,"Percent change, annual rate",0,-0.6,T10101
T10101,A191RL,1,Gross domestic product,1970Q2,Fisher Quantity Index,"Percent change, annual rate",0,0.6,T10101
T10101,A191RL,1,Gross domestic product,1970Q3,Fisher Quantity Index,"Percent change, annual rate",0,3.7,T10101
T10101,A191RL,1,Gross domestic product,1970Q4,Fisher Quantity Index,"Percent change, annual rate",0,-4.2,T10101
T10101,A191RL,1,Gross domestic product,1971Q1,Fisher Quantity Index,"Percent change, annual rate",0,11.3,T10101
T10101,A191RL,1,Gross domestic product,1971Q2,Fisher Quantity Index,"Percent change, annual rate",0,2.2,T10101
T10101,A191RL,1,Gross domestic product,1971Q3,Fisher Quantity Index,"Percent change, annual rate",0,3.3,T10101
T10101,A191RL,1,Gross domestic product,1971Q4,Fisher Quantity Index,"Percent change, annual rate",0,0.9,T10101
T10101,A191RL,1,Gross domestic product,1972Q1,Fisher Quantity Index,"Percent change, annual rate",0,7.6,T10101
T10101,A191RL,1,Gross domestic product,1972Q2,Fisher Quantity Index,"Percent change, annual rate",0,9.4,T10101
T10101,A191RL,1,Gross domestic product,1972Q3,Fisher Quantity Index,"Percent change, annual rate",0,3.8,T10101
T10101,A191RL,1,Gross domestic product,1972Q4,Fisher Quantity Index,"Percent change, annual rate",0,6.9,T10101
T10101,A191RL,1,Gross domestic product,1973Q1,Fisher Quantity Index,"Percent change, annual rate",0,10.3,T10101
T10101,A191RL,1,Gross domestic product,1973Q2,Fisher Quantity Index,"Percent change, annual rate",0,4.4,T10101
T10101,A191RL,1,Gross domestic product,1973Q3,Fisher Quantity Index,"Percent change, annual rate",0,-2.1,T10101
T10101,A191RL,1,Gross domestic product,1973Q4,Fisher Quantity Index,"Percent change, annual rate",0,3.9,T10101
T10101,A191RL,1,Gross domestic product,1974Q1,Fisher Quantity Index,"Percent change, annual rate",0,-3.4,T10101
T10101,A191RL,1,Gross domestic product,1974Q2,Fisher Quantity Index,"Percent change, annual rate",0,1.0,T10101
T10101,A191RL,1,Gross domestic product,1974Q3,Fisher Quantity Index,"Percent change, annual rate",0,-3.7,T10101
T10101,A191RL,1,Gross domestic product,1974Q4,Fisher Quantity Index,"Percent change, annual rate",0,-1.5,T10101
T10101,A191RL,1,Gross domestic product,1975Q1,Fisher Quantity Index,"Percent change, annual rate",0,-4.8,T10101
T10101,A191RL,1,Gross domestic product,1975Q2,Fisher Quantity Index,"Percent change, annual rate",0,2.9,T10101
T10101,A191RL,1,Gross domestic product,1975Q3,Fisher Quantity Index,"Percent change, annual rate",0,7.0,T10101
T10101,A191RL,1,Gross domestic product,1975Q4,Fisher Quantity Index,"Percent change, annual rate",0,5.5,T10101
T10101,A191RL,1,Gross domestic product,1976Q1,Fisher Quantity Index,"Percent change, annual rate",0,9.3,T10101
T10101,A191RL,1,Gross domestic product,1976Q2,Fisher Quantity Index,"Percent change, annual rate",0,3.0,T10101
T10101,A191RL,1,Gross domestic product,1976Q3,Fisher Quantity Index,"Percent change, annual rate",0,2.2,T10101
T10101,A191RL,1,Gross domestic product,1976Q4,Fisher Quantity Index,"Percent change, annual rate",0,2.9,T10101
T10101,A191RL,1,Gross domestic product,1977Q1,Fisher Quantity Index,"Percent change, annual rate",0,4.8,T10101
T10101,A191RL,1,Gross domestic product,1977Q2,Fisher Quantity Index,"Percent change, annual rate",0,8.0,T10101
T10101,A191RL,1,Gross domestic product,1977Q3,Fisher Quantity Index,"Percent change, annual rate",0,7.4,T10101
T10101,A191RL,1,Gross domestic product,1977Q4,Fisher Quantity Index,"Percent change, annual rate",0,0.0,T10101
T10101,A191RL,1,Gross domestic product,1978Q1,Fisher Quantity Index,"Percent change, annual rate",0,1.3,T10101
T10101,A191RL,1,Gross domestic product,1978Q2,Fisher Quantity Index,"Percent change, annual rate",0,16.4,T10101
T10101,A191RL,1,Gross domestic product,1978Q3,Fisher Quantity Index,"Percent change, annual rate",0,4.1,T10101
T10101,A191RL,1,Gross domestic product,1978Q4,Fisher Quantity Index,"Percent change, annual rate",0,5.5,T10101
T10101,A191RL,1,Gross domestic product,1979Q1,Fisher Quantity Index,"Percent change, annual rate",0,0.7,T10101
T10101,A191RL,1,Gross domestic product,1979Q2,Fisher Quantity Index,"Percent change, annual rate",0,0.4,T10101
T10101,A191RL,1,Gross domestic product,1979Q3,Fisher Quantity Index,"Percent change, annual rate",0,3.0,T10101
T10101,A191RL,1,Gross domestic product,1979Q4,Fisher Quantity Index,"Percent change, annual rate",0,1.0,T10101
T10101,A191RL,1,Gross domestic product,1980Q1,Fisher Quantity Index,"Percent change, annual rate",0,1.3,T10101
T10101,A191RL,1,Gross domestic product,1980Q2,Fisher Quantity Index,"Percent change, annual rate",0,-8.0,T10101
T10101,A191RL,1,Gross domestic product,1980Q3,Fisher Quantity Index,"Percent change, annual rate",0,-0.5,T10101
T10101,A191RL,1,Gross domestic product,1980Q4,Fisher Quantity Index,"Percent change, annual rate",0,7.7,T10101
T10101,A191RL,1,Gross domestic product,1981Q1,Fisher Quantity Index,"Percent change, annual rate",0,8.1,T10101
T10101,A191RL,1,Gross domestic product,1981Q2,Fisher Quantity Index,"Percent change, annual rate",0,-2.9,T10101
T10101,A191RL,1,Gross domestic product,1981Q3,Fisher Quantity Index,"Percent change, annual rate",0,4.9,T10101
T10101,A191RL,1,Gross domestic product,1981Q4,Fisher Quantity Index,"Percent change, annual rate",0,-4.3,T10101
T10101,A191RL,1,Gross domestic product,1982Q1,Fisher Quantity Index,"Percent change, annual rate",0,-6.1,T10101
T10101,A191RL,1,Gross domestic product,1982Q2,Fisher Quantity Index,"Percent change, annual rate",0,1.8,T10101
T10101,A191RL,1,Gross domestic product,1982Q3,Fisher Quantity Index,"Percent change, annual rate",0,-1.5,T10101
T10101,A191RL,1,Gross domestic product,1982Q4,Fisher Quantity Index,"Percent change, annual rate",0,0.2,T10101
T10101,A191RL,1,Gross domestic product,1983Q1,Fisher Quantity Index,"Percent change, annual rate",0,5.4,T10101
T10101,A191RL,1,Gross domestic product,1983Q2,Fisher Quantity Index,"Percent change, annual rate",0,9.4,T10101
T10101,A191RL,1,Gross domestic product,1983Q3,Fisher Quantity Index,"Percent change, annual rate",0,8.2,T10101
T10101,A191RL,1,Gross domestic product,1983Q4,Fisher Quantity Index,"Percent change, annual rate",0,8.6,T10101
T10101,A191RL,1,Gross domestic product,1984Q1,Fisher Quantity Index,"Percent change, annual rate",0,8.1,T10101
T10101,A191RL,1,Gross domestic product,1984Q2,Fisher Quantity Index,"Percent change, annual rate",0,7.1,T10101
T10101,A191RL,1,Gross domestic product,1984Q3,Fisher Quantity Index,"Percent change, annual rate",0,3.9,T10101
T10101,A191RL,1,Gross domestic product,1984Q4,Fisher Quantity Index,"Percent change, annual rate",0,3.3,T10101
T10101,A191RL,1,Gross domestic product,1985Q1,Fisher Quantity Index,"Percent change, annual rate",0,3.9,T10101
T10101,A191RL,1,Gross domestic product,1985Q2,Fisher Quantity Index,"Percent change, annual rate",0,3.6,T10101
T10101,A191RL,1,Gross domestic product,1985Q3,Fisher Quantity Index,"Percent change, annual rate",0,6.3,T10101
T10101,A191RL,1,Gross domestic product,1985Q4,Fisher Quantity Index,"Percent change, annual rate",0,3.0,T10101
T10101,A191RL,1,Gross domestic product,1986Q1,Fisher Quantity Index,"Percent change, annual rate",0,3.8,T10101
T10101,A191RL,1,Gross domestic product,1986Q2,Fisher Quantity Index,"Percent change, annual rate",0,1.8,T10101
T10101,A191RL,1,Gross domestic product,1986Q3,Fisher Quantity Index,"Percent change, annual rate",0,3.9,T10101
T10101,A191RL,1,Gross domestic product,1986Q4,Fisher Quantity Index,"Percent change, annual rate",0,2.2,T10101
T10101,A191RL,1,Gross domestic product,1987Q1,Fisher Quantity Index,"Percent change, annual rate",0,3.0,T10101
T10101,A191RL,1,Gross domestic product,1987Q2,Fisher Quantity Index,"Percent change, annual rate",0,4.4,T10101
T10101,A191RL,1,Gross domestic product,1987Q3,Fisher Quantity Index,"Percent change, annual rate",0,3.5,T10101
T10101,A191RL,1,Gross domestic product,1987Q4,Fisher Quantity Index,"Percent change, annual rate",0,7.0,T10101
T10101,A191RL,1,Gross domestic product,1988Q1,Fisher Quantity Index,"Percent change, annual rate",0,2.1,T10101
T10101,A191RL,1,Gross domestic product,1988Q2,Fisher Quantity Index,"Percent change, annual rate",0,5.4,T10101
T10101,A191RL,1,Gross domestic product,1988Q3,Fisher Quantity Index,"Percent change, annual rate",0,2.4,T10101
T10101,A191RL,1,Gross domestic product,1988Q4,Fisher Quantity Index,"Percent change, annual rate",0,5.4,T10101
T10101,A191RL,1,Gross domestic product,1989Q1,Fisher Quantity Index,"Percent change, annual rate",0,4.1,T10101
T10101,A191RL,1,Gross domestic product,1989Q2,Fisher Quantity Index,"Percent change, annual rate",0,3.1,T10101
T10101,A191RL,1,Gross domestic product,1989Q3,Fisher Quantity Index,"Percent change, annual rate",0,3.0,T10101
T10101,A191RL,1,Gross domestic product,1989Q4,Fisher Quantity Index,"Percent change, annual rate",0,0.8,T10101
T10101,A191RL,1,Gross domestic product,1990Q1,Fisher Quantity Index,"Percent change, annual rate",0,4.4,T10101
T10101,A191RL,1,Gross domestic product,1990Q2,Fisher Quantity Index,"Percent change, annual rate",0,1.5,T10101
T10101,A191RL,1,Gross domestic product,1990Q3,Fisher Quantity Index,"Percent change, annual rate",0,0.3,T10101
T10101,A191RL,1,Gross domestic product,1990Q4,Fisher Quantity Index,"Percent change, annual rate",0,-3.6,T10101
T10101,A191RL,1,Gross domestic product,1991Q1,Fisher Quantity Index,"Percent change, annual rate",0,-1.9,T10101
T10101,A191RL,1,Gross domestic product,1991Q2,Fisher Quantity Index,"Percent change, annual rate",0,3.2,T10101
T10101,A191RL,1,Gross domestic product,1991Q3,Fisher Quantity Index,"Percent change, annual rate",0,2.0,T10101
T10101,A191RL,1,Gross domestic product,1991Q4,Fisher Quantity Index,"Percent change, annual rate",0,1.4,T10101
T10101,A191RL,1,Gross domestic product,1992Q1,Fisher Quantity Index,"Percent change, annual rate",0,4.9,T10101
T10101,A191RL,1,Gross domestic product,1992Q2,Fisher Quantity Index,"Percent change, annual rate",0,4.4,T10101
T10101,A191RL,1,Gross domestic product,1992Q3,Fisher Quantity Index,"Percent change, annual rate",0,4.0,T10101
T10101,A191RL,1,Gross domestic product,1992Q4,Fisher Quantity Index,"Percent change, annual rate",0,4.2,T10101
T10101,A191RL,1,Gross domestic product,1993Q1,Fisher Quantity Index,"Percent change, annual rate",0,0.7,T10101
T10101,A191RL,1,Gross domestic product,1993Q2,Fisher Quantity Index,"Percent change, annual rate",0,2.3,T10101
T10101,A191RL,1,Gross domestic product,1993Q3,Fisher Quantity Index,"Percent change, annual rate",0,1.9,T10101
T10101,A191RL,1,Gross domestic product,1993Q4,Fisher Quantity Index,"Percent change, annual rate",0,5.6,T10101
T10101,A191RL,1,Gross domestic product,1994Q1,Fisher Quantity Index,"Percent change, annual rate",0,3.9,T10101
T10101,A191RL,1,Gross domestic product,1994Q2,Fisher Quantity Index,"Percent change, annual rate",0,5.5,T10101
T10101,A191RL,1,Gross domestic product,1994Q3,Fisher Quantity Index,"Percent change, annual rate",0,2.4,T10101
T10101,A191RL,1,Gross domestic product,1994Q4,Fisher Quantity Index,"Percent change, annual rate",0,4.7,T10101
T10101,A191RL,1,Gross domestic product,1995Q1,Fisher Quantity Index,"Percent change, annual rate",0,1.4,T10101
T10101,A191RL,1,Gross domestic product,1995Q2,Fisher Quantity Index,"Percent change, annual rate",0,1.2,T10101
T10101,A191RL,1,Gross domestic product,1995Q3,Fisher Quantity Index,"Percent change, annual rate",0,3.5,T10101
T10101,A191RL,1,Gross domestic product,1995Q4,Fisher Quantity Index,"Percent change, annual rate",0,2.7,T10101
T10101,A191RL,1,Gross domestic product,1996Q1,Fisher Quantity Index,"Percent change, annual rate",0,3.0,T10101
T10101,A191RL,1,Gross domestic product,1996Q2,Fisher Quantity Index,"Percent change, annual rate",0,6.8,T10101
T10101,A191RL,1,Gross domestic product,1996Q3,Fisher Quantity Index,"Percent change, annual rate",0,3.6,T10101
T10101,A191RL,1,Gross domestic product,1996Q4,Fisher Quantity Index,"Percent change, annual rate",0,4.2,T10101
T10101,A191RL,1,Gross domestic product,1997Q1,Fisher Quantity Index,"Percent change, annual rate",0,2.6,T10101
T10101,A191RL,1,Gross domestic product,1997Q2,Fisher Quantity Index,"Percent change, annual rate",0,6.8,T10101
T10101,A191RL,1,Gross domestic product,1997Q3,Fisher Quantity Index,"Percent change, annual rate",0,5.1,T10101
T10101,A191RL,1,Gross domestic product,1997Q4,Fisher Quantity Index,"Percent change, annual rate",0,3.5,T10101
T10101,A191RL,1,Gross domestic product,1998Q1,Fisher Quantity Index,"Percent change, annual rate",0,4.1,T10101
T10101,A191RL,1,Gross domestic product,1998Q2,Fisher Quantity Index,"Percent change, annual rate",0,3.8,T10101
T10101,A191RL,1,Gross domestic product,1998Q3,Fisher Quantity Index,"Percent change, annual rate",0,5.1,T10101
T10101,A191RL,1,Gross domestic product,1998Q4,Fisher Quantity Index,"Percent change, annual rate",0,6.6,T10101
T10101,A191RL,1,Gross domestic product,1999Q1,Fisher Quantity Index,"Percent change, annual rate",0,3.8,T10101
T10101,A191RL,1,Gross domestic product,1999Q2,Fisher Quantity Index,"Percent change, annual rate",0,3.4,T10101
T10101,A191RL,1,Gross domestic product,1999Q3,Fisher Quantity Index,"Percent change, annual rate",0,5.4,T10101
T10101,A191RL,1,Gross domestic product,1999Q4,Fisher Quantity Index,"Percent change, annual rate",0,6.7,T10101
T10101,A191RL,1,Gross domestic product,2000Q1,Fisher Quantity Index,"Percent change, annual rate",0,1.5,T10101
T10101,A191RL,1,Gross domestic product,2000Q2,Fisher Quantity Index,"Percent change, annual rate",0,7.5,T10101
T10101,A191RL,1,Gross domestic product,2000Q3,Fisher Quantity Index,"Percent change, annual rate",0,0.4,T10101
T10101,A191RL,1,Gross domestic product,2000Q4,Fisher Quantity Index,"Percent change, annual rate",0,2.4,T10101
T10101,A191RL,1,Gross domestic product,2001Q1,Fisher Quantity Index,"Percent change, annual rate",0,-1.3,T10101
T10101,A191RL,1,Gross domestic product,2001Q2,Fisher Quantity Index,"Percent change, annual rate",0,2.5,T10101
T10101,A191RL,1,Gross domestic product,2001Q3,Fisher Quantity Index,"Percent change, annual rate",0,-1.6,T10101
T10101,A191RL,1,Gross domestic product,2001Q4,Fisher Quantity Index,"Percent change, annual rate",0,1.1,T10101
T10101,A191RL,1,Gross domestic product,2002Q1,Fisher Quantity Index,"Percent change, annual rate",0,3.4,T10101
T10101,A191RL,1,Gross domestic product,2002Q2,Fisher Quantity Index,"Percent change, annual rate",0,2.5,T10101
T10101,A191RL,1,Gross domestic product,2002Q3,Fisher Quantity Index,"Percent change, annual rate",0,1.6,T10101
T10101,A191RL,1,Gross domestic product,2002Q4,Fisher Quantity Index,"Percent change, annual rate",0,0.5,T10101
T10101,A191RL,1,Gross domestic product,2003Q1,Fisher Quantity Index,"Percent change, annual rate",0,2.1,T10101
T10101,A191RL,1,Gross domestic product,2003Q2,Fisher Quantity Index,"Percent change, annual rate",0,3.6,T10101
T10101,A191RL,1,Gross domestic product,2003Q3,Fisher Quantity Index,"Percent change, annual rate",0,6.8,T10101
T10101,A191RL,1,Gross domestic product,2003Q4,Fisher Quantity Index,"Percent change, annual rate",0,4.7,T10101
T10101,A191RL,1,Gross domestic product,2004Q1,Fisher Quantity Index,"Percent change, annual rate",0,2.3,T10101
T10101,A191RL,1,Gross domestic product,2004Q2,Fisher Quantity Index,"Percent change, annual rate",0,3.1,T10101
T10101,A191RL,1,Gross domestic product,2004Q3,Fisher Quantity Index,"Percent change, annual rate",0,3.8,T10101
T10101,A191RL,1,Gross domestic product,2004Q4,Fisher Quantity Index,"Percent change, annual rate",0,4.1,T10101
T10101,A191RL,1,Gross domestic product,2005Q1,Fisher Quantity Index,"Percent change, annual rate",0,4.5,T10101
T10101,A191RL,1,Gross domestic product,2005Q2,Fisher Quantity Index,"Percent change, annual rate",0,2.0,T10101
T10101,A191RL,1,Gross domestic product,2005Q3,Fisher Quantity Index,"Percent change, annual rate",0,3.2,T10101
T10101,A191RL,1,Gross domestic product,2005Q4,Fisher Quantity Index,"Percent change, annual rate",0,2.2,T10101
T10101,A191RL,1,Gross domestic product,2006Q1,Fisher Quantity Index,"Percent change, annual rate",0,5.5,T10101
T10101,A191RL,1,Gross domestic product,2006Q2,Fisher Quantity Index,"Percent change, annual rate",0,1.0,T10101
T10101,A191RL,1,Gross domestic product,2006Q3,Fisher Quantity Index,"Percent change, annual rate",0,0.6,T10101
T10101,A191RL,1,Gross domestic product,2006Q4,Fisher Quantity Index,"Percent change, annual rate",0,3.5,T10101
T10101,A191RL,1,Gross domestic product,2007Q1,Fisher Quantity Index,"Percent change, annual rate",0,1.2,T10101
T10101,A191RL,1,Gross domestic product,2007Q2,Fisher Quantity Index,"Percent change, annual rate",0,2.5,T10101
T10101,A191RL,1,Gross domestic product,2007Q3,Fisher Quantity Index,"Percent change, annual rate",0,2.3,T10101
T10101,A191RL,1,Gross domestic product,2007Q4,Fisher Quantity Index,"Percent change, annual rate",0,2.5,T10101
T10101,A191RL,1,Gross domestic product,2008Q1,Fisher Quantity Index,"Percent change, annual rate",0,-1.7,T10101
T10101,A191RL,1,Gross domestic product,2008Q2,Fisher Quantity Index,"Percent change, annual rate",0,2.4,T10101
T10101,A191RL,1,Gross domestic product,2008Q3,Fisher Quantity Index,"Percent change, annual rate",0,-2.1,T10101
T10101,A191RL,1,Gross domestic product,2008Q4,Fisher Quantity Index,"Percent change, annual rate",0,-8.5,T10101
T10101,A191RL,1,Gross domestic product,2009Q1,Fisher Quantity Index,"Percent change, annual rate",0,-4.5,T10101
T10101,A191RL,1,Gross domestic product,2009Q2,Fisher Quantity Index,"Percent change, annual rate",0,-0.7,T10101
T10101,A191RL,1,Gross domestic product,2009Q3,Fisher Quantity Index,"Percent change, annual rate",0,1.4,T10101
T10101,A191RL,1,Gross domestic product,2009Q4,Fisher Quantity Index,"Percent change, annual rate",0,4.4,T10101
T10101,A191RL,1,Gross domestic product,2010Q1,Fisher Quantity Index,"Percent change, annual rate",0,1.9,T10101
T10101,A191RL,1,Gross domestic product,2010Q2,Fisher Quantity Index,"Percent change, annual rate",0,3.9,T10101
T10101,A191RL,1,Gross domestic product,2010Q3,Fisher Quantity Index,"Percent change, annual rate",0,3.1,T10101
T10101,A191RL,1,Gross domestic product,2010Q4,Fisher Quantity Index,"Percent change, annual rate",0,2.1,T10101
T10101,A191RL,1,Gross domestic product,2011Q1,Fisher Quantity Index,"Percent change, annual rate",0,-0.9,T10101
T10101,A191RL,1,Gross domestic product,2011Q2,Fisher Quantity Index,"Percent change, annual rate",0,2.7,T10101
T10101,A191RL,1,Gross domestic product,2011Q3,Fisher Quantity Index,"Percent change, annual rate",0,-0.1,T10101
T10101,A191RL,1,Gross domestic product,2011Q4,Fisher Quantity Index,"Percent change, annual rate",0,4.6,T10101
T10101,A191RL,1,Gross domestic product,2012Q1,Fisher Quantity Index,"Percent change, annual rate",0,3.4,T10101
T10101,A191RL,1,Gross domestic product,2012Q2,Fisher Quantity Index,"Percent change, annual rate",0,1.8,T10101
T10101,A191RL,1,Gross domestic product,2012Q3,Fisher Quantity Index,"Percent change, annual rate",0,0.6,T10101
T10101,A191RL,1,Gross domestic product,2012Q4,Fisher Quantity Index,"Percent change, annual rate",0,0.5,T10101
T10101,A191RL,1,Gross domestic product,2013Q1,Fisher Quantity Index,"Percent change, annual rate",0,4.0,T10101
T10101,A191RL,1,Gross domestic product,2013Q2,Fisher Quantity Index,"Percent change, annual rate",0,1.1,T10101
T10101,A191RL,1,Gross domestic product,2013Q3,Fisher Quantity Index,"Percent change, annual rate",0,3.5,T10101
T10101,A191RL,1,Gross domestic product,2013Q4,Fisher Quantity Index,"Percent change, annual rate",0,3.5,T10101
T10101,A191RL,1,Gross domestic product,2014Q1,Fisher Quantity Index,"Percent change, annual rate",0,-1.4,T10101
T10101,A191RL,1,Gross domestic product,2014Q2,Fisher Quantity Index,"Percent change, annual rate",0,5.3,T10101
T10101,A191RL,1,Gross domestic product,2014Q3,Fisher Quantity Index,"Percent change, annual rate",0,5.0,T10101
T10101,A191RL,1,Gross domestic product,2014Q4,Fisher Quantity Index,"Percent change, annual rate",0,2.0,T10101
T10101,A191RL,1,Gross domestic product,2015Q1,Fisher Quantity Index,"Percent change, annual rate",0,3.6,T10101
T10101,A191RL,1,Gross domestic product,2015Q2,Fisher Quantity Index,"Percent change, annual rate",0,2.5,T10101
T10101,A191RL,1,Gross domestic product,2015Q3,Fisher Quantity Index,"Percent change, annual rate",0,1.6,T10101
T10101,A191RL,1,Gross domestic product,2015Q4,Fisher Quantity Index,"Percent change, annual rate",0,0.7,T10101
T10101,A191RL,1,Gross domestic product,2016Q1,Fisher Quantity Index,"Percent change, annual rate",0,2.3,T10101
T10101,A191RL,1,Gross domestic product,2016Q2,Fisher Quantity Index,"Percent change, annual rate",0,1.3,T10101
T10101,A191RL,1,Gross domestic product,2016Q3,Fisher Quantity Index,"Percent change, annual rate",0,2.9,T10101
T10101,A191RL,1,Gross domestic product,2016Q4,Fisher Quantity Index,"Percent change, annual rate",0,2.2,T10101
T10101,A191RL,1,Gross domestic product,2017Q1,Fisher Quantity Index,"Percent change, annual rate",0,2.0,T10101
T10101,A191RL,1,Gross domestic product,2017Q2,Fisher Quantity Index,"Percent change, annual rate",0,2.3,T10101
T10101,A191RL,1,Gross domestic product,2017Q3,Fisher Quantity Index,"Percent change, annual rate",0,3.2,T10101
T10101,A191RL,1,Gross domestic product,2017Q4,Fisher Quantity Index,"Percent change, annual rate",0,4.6,T10101
T10101,A191RL,1,Gross domestic product,2018Q1,Fisher Quantity Index,"Percent change, annual rate",0,3.3,T10101
T10101,A191RL,1,Gross domestic product,2018Q2,Fisher Quantity Index,"Percent change, annual rate",0,2.1,T10101
T10101,A191RL,1,Gross domestic product,2018Q3,Fisher Quantity Index,"Percent change, annual rate",0,2.5,T10101
T10101,A191RL,1,Gross domestic product,2018Q4,Fisher Quantity Index,"Percent change, annual rate",0,0.6,T10101
T10101,A191RL,1,Gross domestic product,2019Q1,Fisher Quantity Index,"Percent change, annual rate",0,2.5,T10101
T10101,A191RL,1,Gross domestic product,2019Q2,Fisher Quantity Index,"Percent change, annual rate",0,3.4,T10101
T10101,A191RL,1,Gross domestic product,2019Q3,Fisher Quantity Index,"Percent change, annual rate",0,4.8,T10101
T10101,A191RL,1,Gross domestic product,2019Q4,Fisher Quantity Index,"Percent change, annual rate",0,2.8,T10101
T10101,A191RL,1,Gross domestic product,2020Q1,Fisher Quantity Index,"Percent change, annual rate",0,-5.2,T10101
T10101,A191RL,1,Gross domestic product,2020Q2,Fisher Quantity Index,"Percent change, annual rate",0,-28.0,T10101
T10101,A191RL,1,Gross domestic product,2020Q3,Fisher Quantity Index,"Percent change, annual rate",0,34.9,T10101
T10101,A191RL,1,Gross domestic product,2020Q4,Fisher Quantity Index,"Percent change, annual rate",0,4.6,T10101
T10101,A191RL,1,Gross domestic product,2021Q1,Fisher Quantity Index,"Percent change, annual rate",0,5.7,T10101
T10101,A191RL,1,Gross domestic product,2021Q2,Fisher Quantity Index,"Percent change, annual rate",0,7.0,T10101
T10101,A191RL,1,Gross domestic product,2021Q3,Fisher Quantity Index,"Percent change, annual rate",0,3.3,T10101
T10101,A191RL,1,Gross domestic product,2021Q4,Fisher Quantity Index,"Percent change, annual rate",0,7.0,T10101
T10101,A191RL,1,Gross domestic product,2022Q1,Fisher Quantity Index,"Percent change, annual rate",0,-1.0,T10101
T10101,A191RL,1,Gross domestic product,2022Q2,Fisher Quantity Index,"Percent change, annual rate",0,0.6,T10101
T10101,A191RL,1,Gross domestic product,2022Q3,Fisher Quantity Index,"Percent change, annual rate",0,2.9,T10101
T10101,A191RL,1,Gross domestic product,2022Q4,Fisher Quantity Index,"Percent change, annual rate",0,2.8,T10101
T10101,A191RL,1,Gross domestic product,2023Q1,Fisher Quantity Index,"Percent change, annual rate",0,2.9,T10101
T10101,A191RL,1,Gross domestic product,2023Q2,Fisher Quantity Index,"Percent change, annual rate",0,2.5,T10101
T10101,A191RL,1,Gross domestic product,2023Q3,Fisher Quantity Index,"Percent change, annual rate",0,4.7,T10101
T10101,A191RL,1,Gross domestic product,2023Q4,Fisher Quantity Index,"Percent change, annual rate",0,3.4,T10101
T10101,A191RL,1,Gross domestic product,2024Q1,Fisher Quantity Index,"Percent change, annual rate",0,0.8,T10101
T10101,A191RL,1,Gross domestic product,2024Q2,Fisher Quantity Index,"Percent change, annual rate",0,3.6,T10101
T10101,A191RL,1,Gross domestic product,2024Q3,Fisher Quantity Index,"Percent change, annual rate",0,3.3,T10101
T10101,A191RL,1,Gross domestic product,2024Q4,Fisher Quantity Index,"Percent change, annual rate",0,1.9,T10101
T10101,A191RL,1,Gross domestic product,2025Q1,Fisher Quantity Index,"Percent change, annual rate",0,-0.6,T10101
T10101,A191RL,1,Gross domestic product,2025Q2,Fisher Quantity Index,"Percent change, annual rate",0,3.8,T10101
T10101,A191RL,1,Gross domestic product,2025Q3,Fisher Quantity Index,"Percent change, annual rate",0,4.4,T10101
T10101,DPCERL,2,Personal consumption expenditures,1947Q2,Fisher Quantity Index,"Percent change, annual rate",0,6.8,T10101
T10101,DPCERL,2,Personal consumption expenditures,1947Q3,Fisher Quantity Index,"Percent change, annual rate",0,1.3,T10101
T10101,DPCERL,2,Personal consumption expenditures,1947Q4,Fisher Quantity Index,"Percent change, annual rate",0,0.1,T10101
T10101,DPCERL,2,Personal consumption expenditures,1948Q1,Fisher Quantity Index,"Percent change, annual rate",0,2.0,T10101
T10101,DPCERL,2,Personal consumption expenditures,1948Q2,Fisher Quantity Index,"Percent change, annual rate",0,4.7,T10101
T10101,DPCERL,2,Personal consumption expenditures,1948Q3,Fisher Quantity Index,"Percent change, annual rate",0,0.6,T10101
T10101,DPCERL,2,Personal consumption expenditures,1948Q4,Fisher Quantity Index,"Percent change, annual rate",0,3.2,T10101
T10101,DPCERL,2,Personal consumption expenditures,1949Q1,Fisher Quantity Index,"Percent change, annual rate",0,0.6,T10101
T10101,DPCERL,2,Personal consumption expenditures,1949Q2,Fisher Quantity Index,"Percent change, annual rate",0,6.3,T10101
T10101,DPCERL,2,Personal consumption expenditures,1949Q3,Fisher Quantity Index,"Percent change, annual rate",0,0.9,T10101
T10101,DPCERL,2,Personal consumption expenditures,1949Q4,Fisher Quantity Index,"Percent change, annual rate",0,6.0,T10101
T10101,DPCERL,2,Personal consumption expenditures,1950Q1,Fisher Quantity Index,"Percent change, annual rate",0,6.9,T10101
T10101,DPCERL,2,Personal consumption expenditures,1950Q2,Fisher Quantity Index,"Percent change, annual rate",0,6.7,T10101
T10101,DPCERL,2,Personal consumption expenditures,1950Q3,Fisher Quantity Index,"Percent change, annual rate",0,22.2,T10101
T10101,DPCERL,2,Personal consumption expenditures,1950Q4,Fisher Quantity Index,"Percent change, annual rate",0,-11.5,T10101
T10101,DPCERL,2,Personal consumption expenditures,1951Q1,Fisher Quantity Index,"Percent change, annual rate",0,10.0,T10101
T10101,DPCERL,2,Personal consumption expenditures,1951Q2,Fisher Quantity Index,"Percent change, annual rate",0,-10.8,T10101
T10101,DPCERL,2,Personal consumption expenditures,1951Q3,Fisher Quantity Index,"Percent change, annual rate",0,4.7,T10101
T10101,DPCERL,2,Personal consumption expenditures,1951Q4,Fisher Quantity Index,"Percent change, annual rate",0,2.3,T10101
T10101,DPCERL,2,Personal consumption expenditures,1952Q1,Fisher Quantity Index,"Percent change, annual rate",0,0.9,T10101
T10101,DPCERL,2,Personal consumption expenditures,1952Q2,Fisher Quantity Index,"Percent change, annual rate",0,8.1,T10101
T10101,DPCERL,2,Personal consumption expenditures,1952Q3,Fisher Quantity Index,"Percent change, annual rate",0,1.9,T10101
T10101,DPCERL,2,Personal consumption expenditures,1952Q4,Fisher Quantity Index,"Percent change, annual rate",0,14.9,T10101
T10101,DPCERL,2,Personal consumption expenditures,1953Q1,Fisher Quantity Index,"Percent change, annual rate",0,4.8,T10101
T10101,DPCERL,2,Personal consumption expenditures,1953Q2,Fisher Quantity Index,"Percent change, annual rate",0,2.4,T10101
T10101,DPCERL,2,Personal consumption expenditures,1953Q3,Fisher Quantity Index,"Percent change, annual rate",0,-0.9,T10101
T10101,DPCERL,2,Personal consumption expenditures,1953Q4,Fisher Quantity Index,"Percent change, annual rate",0,-2.7,T10101
T10101,DPCERL,2,Personal consumption expenditures,1954Q1,Fisher Quantity Index,"Percent change, annual rate",0,1.5,T10101
T10101,DPCERL,2,Personal consumption expenditures,1954Q2,Fisher Quantity Index,"Percent change, annual rate",0,5.3,T10101
T10101,DPCERL,2,Personal consumption expenditures,1954Q3,Fisher Quantity Index,"Percent change, annual rate",0,5.5,T10101
T10101,DPCERL,2,Personal consumption expenditures,1954Q4,Fisher Quantity Index,"Percent change, annual rate",0,8.6,T10101
T10101,DPCERL,2,Personal consumption expenditures,1955Q1,Fisher Quantity Index,"Percent change, annual rate",0,9.3,T10101
T10101,DPCERL,2,Personal consumption expenditures,1955Q2,Fisher Quantity Index,"Percent change, annual rate",0,7.9,T10101
T10101,DPCERL,2,Personal consumption expenditures,1955Q3,Fisher Quantity Index,"Percent change, annual rate",0,5.0,T10101
T10101,DPCERL,2,Personal consumption expenditures,1955Q4,Fisher Quantity Index,"Percent change, annual rate",0,5.1,T10101
T10101,DPCERL,2,Personal consumption expenditures,1956Q1,Fisher Quantity Index,"Percent change, annual rate",0,0.7,T10101
T10101,DPCERL,2,Personal consumption expenditures,1956Q2,Fisher Quantity Index,"Percent change, annual rate",0,1.4,T10101
T10101,DPCERL,2,Personal consumption expenditures,1956Q3,Fisher Quantity Index,"Percent change, annual rate",0,0.9,T10101
T10101,DPCERL,2,Personal consumption expenditures,1956Q4,Fisher Quantity Index,"Percent change, annual rate",0,5.6,T10101
T10101,DPCERL,2,Personal consumption expenditures,1957Q1,Fisher Quantity Index,"Percent change, annual rate",0,2.8,T10101
T10101,DPCERL,2,Personal consumption expenditures,1957Q2,Fisher Quantity Index,"Percent change, annual rate",0,0.7,T10101
T10101,DPCERL,2,Personal consumption expenditures,1957Q3,Fisher Quantity Index,"Percent change, annual rate",0,3.2,T10101
T10101,DPCERL,2,Personal consumption expenditures,1957Q4,Fisher Quantity Index,"Percent change, annual rate",0,0.2,T10101
T10101,DPCERL,2,Personal consumption expenditures,1958Q1,Fisher Quantity Index,"Percent change, annual rate",0,-5.4,T10101
T10101,DPCERL,2,Personal consumption expenditures,1958Q2,Fisher Quantity Index,"Percent change, annual rate",0,3.4,T10101
T10101,DPCERL,2,Personal consumption expenditures,1958Q3,Fisher Quantity Index,"Percent change, annual rate",0,6.8,T10101
T10101,DPCERL,2,Personal consumption expenditures,1958Q4,Fisher Quantity Index,"Percent change, annual rate",0,5.5,T10101
T10101,DPCERL,2,Personal consumption expenditures,1959Q1,Fisher Quantity Index,"Percent change, annual rate",0,7.5,T10101
T10101,DPCERL,2,Personal consumption expenditures,1959Q2,Fisher Quantity Index,"Percent change, annual rate",0,6.3,T10101
T10101,DPCERL,2,Personal consumption expenditures,1959Q3,Fisher Quantity Index,"Percent change, annual rate",0,4.2,T10101
T10101,DPCERL,2,Personal consumption expenditures,1959Q4,Fisher Quantity Index,"Percent change, annual rate",0,0.5,T10101
T10101,DPCERL,2,Personal consumption expenditures,1960Q1,Fisher Quantity Index,"Percent change, annual rate",0,3.9,T10101
T10101,DPCERL,2,Personal consumption expenditures,1960Q2,Fisher Quantity Index,"Percent change, annual rate",0,5.1,T10101
T10101,DPCERL,2,Personal consumption expenditures,1960Q3,Fisher Quantity Index,"Percent change, annual rate",0,-1.6,T10101
T10101,DPCERL,2,Personal consumption expenditures,1960Q4,Fisher Quantity Index,"Percent change, annual rate",0,0.5,T10101
T10101,DPCERL,2,Personal consumption expenditures,1961Q1,Fisher Quantity Index,"Percent change, annual rate",0,-0.1,T10101
T10101,DPCERL,2,Personal consumption expenditures,1961Q2,Fisher Quantity Index,"Percent change, annual rate",0,6.1,T10101
T10101,DPCERL,2,Personal consumption expenditures,1961Q3,Fisher Quantity Index,"Percent change, annual rate",0,2.0,T10101
T10101,DPCERL,2,Personal consumption expenditures,1961Q4,Fisher Quantity Index,"Percent change, annual rate",0,8.3,T10101
T10101,DPCERL,2,Personal consumption expenditures,1962Q1,Fisher Quantity Index,"Percent change, annual rate",0,4.3,T10101
T10101,DPCERL,2,Personal consumption expenditures,1962Q2,Fisher Quantity Index,"Percent change, annual rate",0,5.0,T10101
T10101,DPCERL,2,Personal consumption expenditures,1962Q3,Fisher Quantity Index,"Percent change, annual rate",0,3.3,T10101
T10101,DPCERL,2,Personal consumption expenditures,1962Q4,Fisher Quantity Index,"Percent change, annual rate",0,5.8,T10101
T10101,DPCERL,2,Personal consumption expenditures,1963Q1,Fisher Quantity Index,"Percent change, annual rate",0,2.8,T10101
T10101,DPCERL,2,Personal consumption expenditures,1963Q2,Fisher Quantity Index,"Percent change, annual rate",0,3.8,T10101
T10101,DPCERL,2,Personal consumption expenditures,1963Q3,Fisher Quantity Index,"Percent change, annual rate",0,5.5,T10101
T10101,DPCERL,2,Personal consumption expenditures,1963Q4,Fisher Quantity Index,"Percent change, annual rate",0,3.4,T10101
T10101,DPCERL,2,Personal consumption expenditures,1964Q1,Fisher Quantity Index,"Percent change, annual rate",0,8.1,T10101
T10101,DPCERL,2,Personal consumption expenditures,1964Q2,Fisher Quantity Index,"Percent change, annual rate",0,7.3,T10101
T10101,DPCERL,2,Personal consumption expenditures,1964Q3,Fisher Quantity Index,"Percent change, annual rate",0,7.6,T10101
T10101,DPCERL,2,Personal consumption expenditures,1964Q4,Fisher Quantity Index,"Percent change, annual rate",0,1.2,T10101
T10101,DPCERL,2,Personal consumption expenditures,1965Q1,Fisher Quantity Index,"Percent change, annual rate",0,9.2,T10101
T10101,DPCERL,2,Personal consumption expenditures,1965Q2,Fisher Quantity Index,"Percent change, annual rate",0,4.5,T10101
T10101,DPCERL,2,Personal consumption expenditures,1965Q3,Fisher Quantity Index,"Percent change, annual rate",0,7.1,T10101
T10101,DPCERL,2,Personal consumption expenditures,1965Q4,Fisher Quantity Index,"Percent change, annual rate",0,11.7,T10101
T10101,DPCERL,2,Personal consumption expenditures,1966Q1,Fisher Quantity Index,"Percent change, annual rate",0,6.0,T10101
T10101,DPCERL,2,Personal consumption expenditures,1966Q2,Fisher Quantity Index,"Percent change, annual rate",0,1.0,T10101
T10101,DPCERL,2,Personal consumption expenditures,1966Q3,Fisher Quantity Index,"Percent change, annual rate",0,4.7,T10101
T10101,DPCERL,2,Personal consumption expenditures,1966Q4,Fisher Quantity Index,"Percent change, annual rate",0,1.7,T10101
T10101,DPCERL,2,Personal consumption expenditures,1967Q1,Fisher Quantity Index,"Percent change, annual rate",0,2.3,T10101
T10101,DPCERL,2,Personal consumption expenditures,1967Q2,Fisher Quantity Index,"Percent change, annual rate",0,5.6,T10101
T10101,DPCERL,2,Personal consumption expenditures,1967Q3,Fisher Quantity Index,"Percent change, annual rate",0,2.1,T10101
T10101,DPCERL,2,Personal consumption expenditures,1967Q4,Fisher Quantity Index,"Percent change, annual rate",0,2.5,T10101
T10101,DPCERL,2,Personal consumption expenditures,1968Q1,Fisher Quantity Index,"Percent change, annual rate",0,9.9,T10101
T10101,DPCERL,2,Personal consumption expenditures,1968Q2,Fisher Quantity Index,"Percent change, annual rate",0,6.2,T10101
T10101,DPCERL,2,Personal consumption expenditures,1968Q3,Fisher Quantity Index,"Percent change, annual rate",0,7.7,T10101
T10101,DPCERL,2,Personal consumption expenditures,1968Q4,Fisher Quantity Index,"Percent change, annual rate",0,1.8,T10101
T10101,DPCERL,2,Personal consumption expenditures,1969Q1,Fisher Quantity Index,"Percent change, annual rate",0,4.5,T10101
T10101,DPCERL,2,Personal consumption expenditures,1969Q2,Fisher Quantity Index,"Percent change, annual rate",0,2.6,T10101
T10101,DPCERL,2,Personal consumption expenditures,1969Q3,Fisher Quantity Index,"Percent change, annual rate",0,2.0,T10101
T10101,DPCERL,2,Personal consumption expenditures,1969Q4,Fisher Quantity Index,"Percent change, annual rate",0,3.2,T10101
T10101,DPCERL,2,Personal consumption expenditures,1970Q1,Fisher Quantity Index,"Percent change, annual rate",0,2.5,T10101
T10101,DPCERL,2,Personal consumption expenditures,1970Q2,Fisher Quantity Index,"Percent change, annual rate",0,1.8,T10101
T10101,DPCERL,2,Personal consumption expenditures,1970Q3,Fisher Quantity Index,"Percent change, annual rate",0,3.6,T10101
T10101,DPCERL,2,Personal consumption expenditures,1970Q4,Fisher Quantity Index,"Percent change, annual rate",0,-1.1,T10101
T10101,DPCERL,2,Personal consumption expenditures,1971Q1,Fisher Quantity Index,"Percent change, annual rate",0,7.9,T10101
T10101,DPCERL,2,Personal consumption expenditures,1971Q2,Fisher Quantity Index,"Percent change, annual rate",0,3.7,T10101
T10101,DPCERL,2,Personal consumption expenditures,1971Q3,Fisher Quantity Index,"Percent change, annual rate",0,3.2,T10101
T10101,DPCERL,2,Personal consumption expenditures,1971Q4,Fisher Quantity Index,"Percent change, annual rate",0,6.8,T10101
T10101,DPCERL,2,Personal consumption expenditures,1972Q1,Fisher Quantity Index,"Percent change, annual rate",0,5.4,T10101
T10101,DPCERL,2,Personal consumption expenditures,1972Q2,Fisher Quantity Index,"Percent change, annual rate",0,7.8,T10101
T10101,DPCERL,2,Personal consumption expenditures,1972Q3,Fisher Quantity Index,"Percent change, annual rate",0,6.3,T10101
T10101,DPCERL,2,Personal consumption expenditures,1972Q4,Fisher Quantity Index,"Percent change, annual rate",0,9.7,T10101
T10101,DPCERL,2,Personal consumption expenditures,1973Q1,Fisher Quantity Index,"Percent change, annual rate",0,7.5,T10101
T10101,DPCERL,2,Personal consumption expenditures,1973Q2,Fisher Quantity Index,"Percent change, annual rate",0,-0.2,T10101
T10101,DPCERL,2,Personal consumption expenditures,1973Q3,Fisher Quantity Index,"Percent change, annual rate",0,1.4,T10101
T10101,DPCERL,2,Personal consumption expenditures,1973Q4,Fisher Quantity Index,"Percent change, annual rate",0,-1.2,T10101
T10101,DPCERL,2,Personal consumption expenditures,1974Q1,Fisher Quantity Index,"Percent change, annual rate",0,-3.5,T10101
T10101,DPCERL,2,Personal consumption expenditures,1974Q2,Fisher Quantity Index,"Percent change, annual rate",0,1.4,T10101
T10101,DPCERL,2,Personal consumption expenditures,1974Q3,Fisher Quantity Index,"Percent change, annual rate",0,1.7,T10101
T10101,DPCERL,2,Personal consumption expenditures,1974Q4,Fisher Quantity Index,"Percent change, annual rate",0,-5.7,T10101
T10101,DPCERL,2,Personal consumption expenditures,1975Q1,Fisher Quantity Index,"Percent change, annual rate",0,3.4,T10101
T10101,DPCERL,2,Personal consumption expenditures,1975Q2,Fisher Quantity Index,"Percent change, annual rate",0,6.7,T10101
T10101,DPCERL,2,Personal consumption expenditures,1975Q3,Fisher Quantity Index,"Percent change, annual rate",0,5.8,T10101
T10101,DPCERL,2,Personal consumption expenditures,1975Q4,Fisher Quantity Index,"Percent change, annual rate",0,4.4,T10101
T10101,DPCERL,2,Personal consumption expenditures,1976Q1,Fisher Quantity Index,"Percent change, annual rate",0,8.2,T10101
T10101,DPCERL,2,Personal consumption expenditures,1976Q2,Fisher Quantity Index,"Percent change, annual rate",0,3.7,T10101
T10101,DPCERL,2,Personal consumption expenditures,1976Q3,Fisher Quantity Index,"Percent change, annual rate",0,4.3,T10101
T10101,DPCERL,2,Personal consumption expenditures,1976Q4,Fisher Quantity Index,"Percent change, annual rate",0,5.3,T10101
T10101,DPCERL,2,Personal consumption expenditures,1977Q1,Fisher Quantity Index,"Percent change, annual rate",0,4.8,T10101
T10101,DPCERL,2,Personal consumption expenditures,1977Q2,Fisher Quantity Index,"Percent change, annual rate",0,2.2,T10101
T10101,DPCERL,2,Personal consumption expenditures,1977Q3,Fisher Quantity Index,"Percent change, annual rate",0,3.8,T10101
T10101,DPCERL,2,Personal consumption expenditures,1977Q4,Fisher Quantity Index,"Percent change, annual rate",0,6.2,T10101
T10101,DPCERL,2,Personal consumption expenditures,1978Q1,Fisher Quantity Index,"Percent change, annual rate",0,2.3,T10101
T10101,DPCERL,2,Personal consumption expenditures,1978Q2,Fisher Quantity Index,"Percent change, annual rate",0,8.8,T10101
T10101,DPCERL,2,Personal consumption expenditures,1978Q3,Fisher Quantity Index,"Percent change, annual rate",0,1.7,T10101
T10101,DPCERL,2,Personal consumption expenditures,1978Q4,Fisher Quantity Index,"Percent change, annual rate",0,3.3,T10101
T10101,DPCERL,2,Personal consumption expenditures,1979Q1,Fisher Quantity Index,"Percent change, annual rate",0,2.1,T10101
T10101,DPCERL,2,Personal consumption expenditures,1979Q2,Fisher Quantity Index,"Percent change, annual rate",0,-0.3,T10101
T10101,DPCERL,2,Personal consumption expenditures,1979Q3,Fisher Quantity Index,"Percent change, annual rate",0,4.0,T10101
T10101,DPCERL,2,Personal consumption expenditures,1979Q4,Fisher Quantity Index,"Percent change, annual rate",0,1.0,T10101
T10101,DPCERL,2,Personal consumption expenditures,1980Q1,Fisher Quantity Index,"Percent change, annual rate",0,-0.6,T10101
T10101,DPCERL,2,Personal consumption expenditures,1980Q2,Fisher Quantity Index,"Percent change, annual rate",0,-8.7,T10101
T10101,DPCERL,2,Personal consumption expenditures,1980Q3,Fisher Quantity Index,"Percent change, annual rate",0,4.5,T10101
T10101,DPCERL,2,Personal consumption expenditures,1980Q4,Fisher Quantity Index,"Percent change, annual rate",0,5.5,T10101
T10101,DPCERL,2,Personal consumption expenditures,1981Q1,Fisher Quantity Index,"Percent change, annual rate",0,1.3,T10101
T10101,DPCERL,2,Personal consumption expenditures,1981Q2,Fisher Quantity Index,"Percent change, annual rate",0,0.0,T10101
T10101,DPCERL,2,Personal consumption expenditures,1981Q3,Fisher Quantity Index,"Percent change, annual rate",0,1.9,T10101
T10101,DPCERL,2,Personal consumption expenditures,1981Q4,Fisher Quantity Index,"Percent change, annual rate",0,-2.7,T10101
T10101,DPCERL,2,Personal consumption expenditures,1982Q1,Fisher Quantity Index,"Percent change, annual rate",0,3.0,T10101
T10101,DPCERL,2,Personal consumption expenditures,1982Q2,Fisher Quantity Index,"Percent change, annual rate",0,1.2,T10101
T10101,DPCERL,2,Personal consumption expenditures,1982Q3,Fisher Quantity Index,"Percent change, annual rate",0,2.7,T10101
T10101,DPCERL,2,Personal consumption expenditures,1982Q4,Fisher Quantity Index,"Percent change, annual rate",0,7.2,T10101
T10101,DPCERL,2,Personal consumption expenditures,1983Q1,Fisher Quantity Index,"Percent change, annual rate",0,4.0,T10101
T10101,DPCERL,2,Personal consumption expenditures,1983Q2,Fisher Quantity Index,"Percent change, annual rate",0,8.4,T10101
T10101,DPCERL,2,Personal consumption expenditures,1983Q3,Fisher Quantity Index,"Percent change, annual rate",0,7.4,T10101
T10101,DPCERL,2,Personal consumption expenditures,1983Q4,Fisher Quantity Index,"Percent change, annual rate",0,6.5,T10101
T10101,DPCERL,2,Personal consumption expenditures,1984Q1,Fisher Quantity Index,"Percent change, annual rate",0,3.4,T10101
T10101,DPCERL,2,Personal consumption expenditures,1984Q2,Fisher Quantity Index,"Percent change, annual rate",0,5.7,T10101
T10101,DPCERL,2,Personal consumption expenditures,1984Q3,Fisher Quantity Index,"Percent change, annual rate",0,3.0,T10101
T10101,DPCERL,2,Personal consumption expenditures,1984Q4,Fisher Quantity Index,"Percent change, annual rate",0,5.3,T10101
T10101,DPCERL,2,Personal consumption expenditures,1985Q1,Fisher Quantity Index,"Percent change, annual rate",0,7.0,T10101
T10101,DPCERL,2,Personal consumption expenditures,1985Q2,Fisher Quantity Index,"Percent change, annual rate",0,3.7,T10101
T10101,DPCERL,2,Personal consumption expenditures,1985Q3,Fisher Quantity Index,"Percent change, annual rate",0,7.8,T10101
T10101,DPCERL,2,Personal consumption expenditures,1985Q4,Fisher Quantity Index,"Percent change, annual rate",0,0.9,T10101
T10101,DPCERL,2,Personal consumption expenditures,1986Q1,Fisher Quantity Index,"Percent change, annual rate",0,3.5,T10101
T10101,DPCERL,2,Personal consumption expenditures,1986Q2,Fisher Quantity Index,"Percent change, annual rate",0,4.4,T10101
T10101,DPCERL,2,Personal consumption expenditures,1986Q3,Fisher Quantity Index,"Percent change, annual rate",0,7.3,T10101
T10101,DPCERL,2,Personal consumption expenditures,1986Q4,Fisher Quantity Index,"Percent change, annual rate",0,2.5,T10101
T10101,DPCERL,2,Personal consumption expenditures,1987Q1,Fisher Quantity Index,"Percent change, annual rate",0,0.4,T10101
T10101,DPCERL,2,Personal consumption expenditures,1987Q2,Fisher Quantity Index,"Percent change, annual rate",0,5.6,T10101
T10101,DPCERL,2,Personal consumption expenditures,1987Q3,Fisher Quantity Index,"Percent change, annual rate",0,4.6,T10101
T10101,DPCERL,2,Personal consumption expenditures,1987Q4,Fisher Quantity Index,"Percent change, annual rate",0,0.8,T10101
T10101,DPCERL,2,Personal consumption expenditures,1988Q1,Fisher Quantity Index,"Percent change, annual rate",0,7.3,T10101
T10101,DPCERL,2,Personal consumption expenditures,1988Q2,Fisher Quantity Index,"Percent change, annual rate",0,3.0,T10101
T10101,DPCERL,2,Personal consumption expenditures,1988Q3,Fisher Quantity Index,"Percent change, annual rate",0,3.6,T10101
T10101,DPCERL,2,Personal consumption expenditures,1988Q4,Fisher Quantity Index,"Percent change, annual rate",0,4.6,T10101
T10101,DPCERL,2,Personal consumption expenditures,1989Q1,Fisher Quantity Index,"Percent change, annual rate",0,1.9,T10101
T10101,DPCERL,2,Personal consumption expenditures,1989Q2,Fisher Quantity Index,"Percent change, annual rate",0,1.9,T10101
T10101,DPCERL,2,Personal consumption expenditures,1989Q3,Fisher Quantity Index,"Percent change, annual rate",0,3.9,T10101
T10101,DPCERL,2,Personal consumption expenditures,1989Q4,Fisher Quantity Index,"Percent change, annual rate",0,1.7,T10101
T10101,DPCERL,2,Personal consumption expenditures,1990Q1,Fisher Quantity Index,"Percent change, annual rate",0,3.4,T10101
T10101,DPCERL,2,Personal consumption expenditures,1990Q2,Fisher Quantity Index,"Percent change, annual rate",0,1.2,T10101
T10101,DPCERL,2,Personal consumption expenditures,1990Q3,Fisher Quantity Index,"Percent change, annual rate",0,1.6,T10101
T10101,DPCERL,2,Personal consumption expenditures,1990Q4,Fisher Quantity Index,"Percent change, annual rate",0,-3.0,T10101
T10101,DPCERL,2,Personal consumption expenditures,1991Q1,Fisher Quantity Index,"Percent change, annual rate",0,-1.5,T10101
T10101,DPCERL,2,Personal consumption expenditures,1991Q2,Fisher Quantity Index,"Percent change, annual rate",0,3.4,T10101
T10101,DPCERL,2,Personal consumption expenditures,1991Q3,Fisher Quantity Index,"Percent change, annual rate",0,2.0,T10101
T10101,DPCERL,2,Personal consumption expenditures,1991Q4,Fisher Quantity Index,"Percent change, annual rate",0,-0.2,T10101
T10101,DPCERL,2,Personal consumption expenditures,1992Q1,Fisher Quantity Index,"Percent change, annual rate",0,7.7,T10101
T10101,DPCERL,2,Personal consumption expenditures,1992Q2,Fisher Quantity Index,"Percent change, annual rate",0,2.7,T10101
T10101,DPCERL,2,Personal consumption expenditures,1992Q3,Fisher Quantity Index,"Percent change, annual rate",0,4.4,T10101
T10101,DPCERL,2,Personal consumption expenditures,1992Q4,Fisher Quantity Index,"Percent change, annual rate",0,4.9,T10101
T10101,DPCERL,2,Personal consumption expenditures,1993Q1,Fisher Quantity Index,"Percent change, annual rate",0,1.5,T10101
T10101,DPCERL,2,Personal consumption expenditures,1993Q2,Fisher Quantity Index,"Percent change, annual rate",0,3.7,T10101
T10101,DPCERL,2,Personal consumption expenditures,1993Q3,Fisher Quantity Index,"Percent change, annual rate",0,4.5,T10101
T10101,DPCERL,2,Personal consumption expenditures,1993Q4,Fisher Quantity Index,"Percent change, annual rate",0,3.6,T10101
T10101,DPCERL,2,Personal consumption expenditures,1994Q1,Fisher Quantity Index,"Percent change, annual rate",0,4.7,T10101
T10101,DPCERL,2,Personal consumption expenditures,1994Q2,Fisher Quantity Index,"Percent change, annual rate",0,3.1,T10101
T10101,DPCERL,2,Personal consumption expenditures,1994Q3,Fisher Quantity Index,"Percent change, annual rate",0,3.1,T10101
T10101,DPCERL,2,Personal consumption expenditures,1994Q4,Fisher Quantity Index,"Percent change, annual rate",0,4.4,T10101
T10101,DPCERL,2,Personal consumption expenditures,1995Q1,Fisher Quantity Index,"Percent change, annual rate",0,1.0,T10101
T10101,DPCERL,2,Personal consumption expenditures,1995Q2,Fisher Quantity Index,"Percent change, annual rate",0,3.6,T10101
T10101,DPCERL,2,Personal consumption expenditures,1995Q3,Fisher Quantity Index,"Percent change, annual rate",0,3.7,T10101
T10101,DPCERL,2,Personal consumption expenditures,1995Q4,Fisher Quantity Index,"Percent change, annual rate",0,2.8,T10101
T10101,DPCERL,2,Personal consumption expenditures,1996Q1,Fisher Quantity Index,"Percent change, annual rate",0,3.7,T10101
T10101,DPCERL,2,Personal consumption expenditures,1996Q2,Fisher Quantity Index,"Percent change, annual rate",0,4.4,T10101
T10101,DPCERL,2,Personal consumption expenditures,1996Q3,Fisher Quantity Index,"Percent change, annual rate",0,2.4,T10101
T10101,DPCERL,2,Personal consumption expenditures,1996Q4,Fisher Quantity Index,"Percent change, annual rate",0,3.2,T10101
T10101,DPCERL,2,Personal consumption expenditures,1997Q1,Fisher Quantity Index,"Percent change, annual rate",0,4.3,T10101
T10101,DPCERL,2,Personal consumption expenditures,1997Q2,Fisher Quantity Index,"Percent change, annual rate",0,1.8,T10101
T10101,DPCERL,2,Personal consumption expenditures,1997Q3,Fisher Quantity Index,"Percent change, annual rate",0,7.0,T10101
T10101,DPCERL,2,Personal consumption expenditures,1997Q4,Fisher Quantity Index,"Percent change, annual rate",0,4.9,T10101
T10101,DPCERL,2,Personal consumption expenditures,1998Q1,Fisher Quantity Index,"Percent change, annual rate",0,4.1,T10101
T10101,DPCERL,2,Personal consumption expenditures,1998Q2,Fisher Quantity Index,"Percent change, annual rate",0,7.2,T10101
T10101,DPCERL,2,Personal consumption expenditures,1998Q3,Fisher Quantity Index,"Percent change, annual rate",0,5.3,T10101
T10101,DPCERL,2,Personal consumption expenditures,1998Q4,Fisher Quantity Index,"Percent change, annual rate",0,5.9,T10101
T10101,DPCERL,2,Personal consumption expenditures,1999Q1,Fisher Quantity Index,"Percent change, annual rate",0,4.2,T10101
T10101,DPCERL,2,Personal consumption expenditures,1999Q2,Fisher Quantity Index,"Percent change, annual rate",0,6.3,T10101
T10101,DPCERL,2,Personal consumption expenditures,1999Q3,Fisher Quantity Index,"Percent change, annual rate",0,4.6,T10101
T10101,DPCERL,2,Personal consumption expenditures,1999Q4,Fisher Quantity Index,"Percent change, annual rate",0,6.0,T10101
T10101,DPCERL,2,Personal consumption expenditures,2000Q1,Fisher Quantity Index,"Percent change, annual rate",0,6.2,T10101
T10101,DPCERL,2,Personal consumption expenditures,2000Q2,Fisher Quantity Index,"Percent change, annual rate",0,3.8,T10101
T10101,DPCERL,2,Personal consumption expenditures,2000Q3,Fisher Quantity Index,"Percent change, annual rate",0,3.9,T10101
T10101,DPCERL,2,Personal consumption expenditures,2000Q4,Fisher Quantity Index,"Percent change, annual rate",0,3.5,T10101
T10101,DPCERL,2,Personal consumption expenditures,2001Q1,Fisher Quantity Index,"Percent change, annual rate",0,1.5,T10101
T10101,DPCERL,2,Personal consumption expenditures,2001Q2,Fisher Quantity Index,"Percent change, annual rate",0,0.8,T10101
T10101,DPCERL,2,Personal consumption expenditures,2001Q3,Fisher Quantity Index,"Percent change, annual rate",0,1.4,T10101
T10101,DPCERL,2,Personal consumption expenditures,2001Q4,Fisher Quantity Index,"Percent change, annual rate",0,6.6,T10101
T10101,DPCERL,2,Personal consumption expenditures,2002Q1,Fisher Quantity Index,"Percent change, annual rate",0,0.9,T10101
T10101,DPCERL,2,Personal consumption expenditures,2002Q2,Fisher Quantity Index,"Percent change, annual rate",0,2.0,T10101
T10101,DPCERL,2,Personal consumption expenditures,2002Q3,Fisher Quantity Index,"Percent change, annual rate",0,2.8,T10101
T10101,DPCERL,2,Personal consumption expenditures,2002Q4,Fisher Quantity Index,"Percent change, annual rate",0,2.2,T10101
T10101,DPCERL,2,Personal consumption expenditures,2003Q1,Fisher Quantity Index,"Percent change, annual rate",0,2.0,T10101
T10101,DPCERL,2,Personal consumption expenditures,2003Q2,Fisher Quantity Index,"Percent change, annual rate",0,4.7,T10101
T10101,DPCERL,2,Personal consumption expenditures,2003Q3,Fisher Quantity Index,"Percent change, annual rate",0,5.8,T10101
T10101,DPCERL,2,Personal consumption expenditures,2003Q4,Fisher Quantity Index,"Percent change, annual rate",0,2.8,T10101
T10101,DPCERL,2,Personal consumption expenditures,2004Q1,Fisher Quantity Index,"Percent change, annual rate",0,3.8,T10101
T10101,DPCERL,2,Personal consumption expenditures,2004Q2,Fisher Quantity Index,"Percent change, annual rate",0,2.2,T10101
T10101,DPCERL,2,Personal consumption expenditures,2004Q3,Fisher Quantity Index,"Percent change, annual rate",0,4.8,T10101
T10101,DPCERL,2,Personal consumption expenditures,2004Q4,Fisher Quantity Index,"Percent change, annual rate",0,4.6,T10101
T10101,DPCERL,2,Personal consumption expenditures,2005Q1,Fisher Quantity Index,"Percent change, annual rate",0,2.6,T10101
T10101,DPCERL,2,Personal consumption expenditures,2005Q2,Fisher Quantity Index,"Percent change, annual rate",0,4.5,T10101
T10101,DPCERL,2,Personal consumption expenditures,2005Q3,Fisher Quantity Index,"Percent change, annual rate",0,3.4,T10101
T10101,DPCERL,2,Personal consumption expenditures,2005Q4,Fisher Quantity Index,"Percent change, annual rate",0,0.7,T10101
T10101,DPCERL,2,Personal consumption expenditures,2006Q1,Fisher Quantity Index,"Percent change, annual rate",0,4.4,T10101
T10101,DPCERL,2,Personal consumption expenditures,2006Q2,Fisher Quantity Index,"Percent change, annual rate",0,2.1,T10101
T10101,DPCERL,2,Personal consumption expenditures,2006Q3,Fisher Quantity Index,"Percent change, annual rate",0,2.6,T10101
T10101,DPCERL,2,Personal consumption expenditures,2006Q4,Fisher Quantity Index,"Percent change, annual rate",0,3.9,T10101
T10101,DPCERL,2,Personal consumption expenditures,2007Q1,Fisher Quantity Index,"Percent change, annual rate",0,2.5,T10101
T10101,DPCERL,2,Personal consumption expenditures,2007Q2,Fisher Quantity Index,"Percent change, annual rate",0,1.1,T10101
T10101,DPCERL,2,Personal consumption expenditures,2007Q3,Fisher Quantity Index,"Percent change, annual rate",0,2.7,T10101
T10101,DPCERL,2,Personal consumption expenditures,2007Q4,Fisher Quantity Index,"Percent change, annual rate",0,1.6,T10101
T10101,DPCERL,2,Personal consumption expenditures,2008Q1,Fisher Quantity Index,"Percent change, annual rate",0,-0.5,T10101
T10101,DPCERL,2,Personal consumption expenditures,2008Q2,Fisher Quantity Index,"Percent change, annual rate",0,1.1,T10101
T10101,DPCERL,2,Personal consumption expenditures,2008Q3,Fisher Quantity Index,"Percent change, annual rate",0,-3.0,T10101
T10101,DPCERL,2,Personal consumption expenditures,2008Q4,Fisher Quantity Index,"Percent change, annual rate",0,-3.5,T10101
T10101,DPCERL,2,Personal consumption expenditures,2009Q1,Fisher Quantity Index,"Percent change, annual rate",0,-1.0,T10101
T10101,DPCERL,2,Personal consumption expenditures,2009Q2,Fisher Quantity Index,"Percent change, annual rate",0,-2.0,T10101
T10101,DPCERL,2,Personal consumption expenditures,2009Q3,Fisher Quantity Index,"Percent change, annual rate",0,2.7,T10101
T10101,DPCERL,2,Personal consumption expenditures,2009Q4,Fisher Quantity Index,"Percent change, annual rate",0,-0.4,T10101
T10101,DPCERL,2,Personal consumption expenditures,2010Q1,Fisher Quantity Index,"Percent change, annual rate",0,2.3,T10101
T10101,DPCERL,2,Personal consumption expenditures,2010Q2,Fisher Quantity Index,"Percent change, annual rate",0,3.6,T10101
T10101,DPCERL,2,Personal consumption expenditures,2010Q3,Fisher Quantity Index,"Percent change, annual rate",0,2.9,T10101
T10101,DPCERL,2,Personal consumption expenditures,2010Q4,Fisher Quantity Index,"Percent change, annual rate",0,2.5,T10101
T10101,DPCERL,2,Personal consumption expenditures,2011Q1,Fisher Quantity Index,"Percent change, annual rate",0,1.5,T10101
T10101,DPCERL,2,Personal consumption expenditures,2011Q2,Fisher Quantity Index,"Percent change, annual rate",0,0.4,T10101
T10101,DPCERL,2,Personal consumption expenditures,2011Q3,Fisher Quantity Index,"Percent change, annual rate",0,1.2,T10101
T10101,DPCERL,2,Personal consumption expenditures,2011Q4,Fisher Quantity Index,"Percent change, annual rate",0,0.7,T10101
T10101,DPCERL,2,Personal consumption expenditures,2012Q1,Fisher Quantity Index,"Percent change, annual rate",0,2.9,T10101
T10101,DPCERL,2,Personal consumption expenditures,2012Q2,Fisher Quantity Index,"Percent change, annual rate",0,0.7,T10101
T10101,DPCERL,2,Personal consumption expenditures,2012Q3,Fisher Quantity Index,"Percent change, annual rate",0,0.8,T10101
T10101,DPCERL,2,Personal consumption expenditures,2012Q4,Fisher Quantity Index,"Percent change, annual rate",0,1.6,T10101
T10101,DPCERL,2,Personal consumption expenditures,2013Q1,Fisher Quantity Index,"Percent change, annual rate",0,2.6,T10101
T10101,DPCERL,2,Personal consumption expenditures,2013Q2,Fisher Quantity Index,"Percent change, annual rate",0,1.1,T10101
T10101,DPCERL,2,Personal consumption expenditures,2013Q3,Fisher Quantity Index,"Percent change, annual rate",0,1.6,T10101
T10101,DPCERL,2,Personal consumption expenditures,2013Q4,Fisher Quantity Index,"Percent change, annual rate",0,3.6,T10101
T10101,DPCERL,2,Personal consumption expenditures,2014Q1,Fisher Quantity Index,"Percent change, annual rate",0,1.4,T10101
T10101,DPCERL,2,Personal consumption expenditures,2014Q2,Fisher Quantity Index,"Percent change, annual rate",0,3.9,T10101
T10101,DPCERL,2,Personal consumption expenditures,2014Q3,Fisher Quantity Index,"Percent change, annual rate",0,4.0,T10101
T10101,DPCERL,2,Personal consumption expenditures,2014Q4,Fisher Quantity Index,"Percent change, annual rate",0,4.7,T10101
T10101,DPCERL,2,Personal consumption expenditures,2015Q1,Fisher Quantity Index,"Percent change, annual rate",0,3.1,T10101
T10101,DPCERL,2,Personal consumption expenditures,2015Q2,Fisher Quantity Index,"Percent change, annual rate",0,2.8,T10101
T10101,DPCERL,2,Personal consumption expenditures,2015Q3,Fisher Quantity Index,"Percent change, annual rate",0,2.8,T10101
T10101,DPCERL,2,Personal consumption expenditures,2015Q4,Fisher Quantity Index,"Percent change, annual rate",0,1.6,T10101
T10101,DPCERL,2,Personal consumption expenditures,2016Q1,Fisher Quantity Index,"Percent change, annual rate",0,3.1,T10101
T10101,DPCERL,2,Personal consumption expenditures,2016Q2,Fisher Quantity Index,"Percent change, annual rate",0,2.0,T10101
T10101,DPCERL,2,Personal consumption expenditures,2016Q3,Fisher Quantity Index,"Percent change, annual rate",0,2.8,T10101
T10101,DPCERL,2,Personal consumption expenditures,2016Q4,Fisher Quantity Index,"Percent change, annual rate",0,2.1,T10101
T10101,DPCERL,2,Personal consumption expenditures,2017Q1,Fisher Quantity Index,"Percent change, annual rate",0,3.1,T10101
T10101,DPCERL,2,Personal consumption expenditures,2017Q2,Fisher Quantity Index,"Percent change, annual rate",0,2.0,T10101
T10101,DPCERL,2,Personal consumption expenditures,2017Q3,Fisher Quantity Index,"Percent change, annual rate",0,2.7,T10101
T10101,DPCERL,2,Personal consumption expenditures,2017Q4,Fisher Quantity Index,"Percent change, annual rate",0,4.4,T10101
T10101,DPCERL,2,Personal consumption expenditures,2018Q1,Fisher Quantity Index,"Percent change, annual rate",0,2.9,T10101
T10101,DPCERL,2,Personal consumption expenditures,2018Q2,Fisher Quantity Index,"Percent change, annual rate",0,2.2,T10101
T10101,DPCERL,2,Personal consumption expenditures,2018Q3,Fisher Quantity Index,"Percent change, annual rate",0,1.9,T10101
T10101,DPCERL,2,Personal consumption expenditures,2018Q4,Fisher Quantity Index,"Percent change, annual rate",0,1.3,T10101
T10101,DPCERL,2,Personal consumption expenditures,2019Q1,Fisher Quantity Index,"Percent change, annual rate",0,0.6,T10101
T10101,DPCERL,2,Personal consumption expenditures,2019Q2,Fisher Quantity Index,"Percent change, annual rate",0,3.5,T10101
T10101,DPCERL,2,Personal consumption expenditures,2019Q3,Fisher Quantity Index,"Percent change, annual rate",0,4.6,T10101
T10101,DPCERL,2,Personal consumption expenditures,2019Q4,Fisher Quantity Index,"Percent change, annual rate",0,2.7,T10101
T10101,DPCERL,2,Personal consumption expenditures,2020Q1,Fisher Quantity Index,"Percent change, annual rate",0,-6.6,T10101
T10101,DPCERL,2,Personal consumption expenditures,2020Q2,Fisher Quantity Index,"Percent change, annual rate",0,-30.4,T10101
T10101,DPCERL,2,Personal consumption expenditures,2020Q3,Fisher Quantity Index,"Percent change, annual rate",0,40.6,T10101
T10101,DPCERL,2,Personal consumption expenditures,2020Q4,Fisher Quantity Index,"Percent change, annual rate",0,5.5,T10101
T10101,DPCERL,2,Personal consumption expenditures,2021Q1,Fisher Quantity Index,"Percent change, annual rate",0,9.4,T10101
T10101,DPCERL,2,Personal consumption expenditures,2021Q2,Fisher Quantity Index,"Percent change, annual rate",0,14.7,T10101
T10101,DPCERL,2,Personal consumption expenditures,2021Q3,Fisher Quantity Index,"Percent change, annual rate",0,3.4,T10101
T10101,DPCERL,2,Personal consumption expenditures,2021Q4,Fisher Quantity Index,"Percent change, annual rate",0,3.9,T10101
T10101,DPCERL,2,Personal consumption expenditures,2022Q1,Fisher Quantity Index,"Percent change, annual rate",0,0.4,T10101
T10101,DPCERL,2,Personal consumption expenditures,2022Q2,Fisher Quantity Index,"Percent change, annual rate",0,3.3,T10101
T10101,DPCERL,2,Personal consumption expenditures,2022Q3,Fisher Quantity Index,"Percent change, annual rate",0,1.9,T10101
T10101,DPCERL,2,Personal consumption expenditures,2022Q4,Fisher Quantity Index,"Percent change, annual rate",0,0.8,T10101
T10101,DPCERL,2,Personal consumption expenditures,2023Q1,Fisher Quantity Index,"Percent change, annual rate",0,4.5,T10101
T10101,DPCERL,2,Personal consumption expenditures,2023Q2,Fisher Quantity Index,"Percent change, annual rate",0,1.5,T10101
T10101,DPCERL,2,Personal consumption expenditures,2023Q3,Fisher Quantity Index,"Percent change, annual rate",0,3.1,T10101
T10101,DPCERL,2,Personal consumption expenditures,2023Q4,Fisher Quantity Index,"Percent change, annual rate",0,3.0,T10101
T10101,DPCERL,2,Personal consumption expenditures,2024Q1,Fisher Quantity Index,"Percent change, annual rate",0,1.7,T10101
T10101,DPCERL,2,Personal consumption expenditures,2024Q2,Fisher Quantity Index,"Percent change, annual rate",0,3.9,T10101
T10101,DPCERL,2,Personal consumption expenditures,2024Q3,Fisher Quantity Index,"Percent change, annual rate",0,4.0,T10101
T10101,DPCERL,2,Personal consumption expenditures,2024Q4,Fisher Quantity Index,"Percent change, annual rate",0,3.9,T10101
T10101,DPCERL,2,Personal consumption expenditures,2025Q1,Fisher Quantity Index,"Percent change, annual rate",0,0.6,T10101
T10101,DPCERL,2,Personal consumption expenditures,2025Q2,Fisher Quantity Index,"Percent change, annual rate",0,2.5,T10101
T10101,DPCERL,2,Personal consumption expenditures,2025Q3,Fisher Quantity Index,"Percent change, annual rate",0,3.5,T10101
T10101,DGDSRL,3,Goods,1947Q2,Fisher Quantity Index,"Percent change, annual rate",0,7.4,T10101
T10101,DGDSRL,3,Goods,1947Q3,Fisher Quantity Index,"Percent change, annual rate",0,2.7,T10101
T10101,DGDSRL,3,Goods,1947Q4,Fisher Quantity Index,"Percent change, annual rate",0,1.5,T10101
T10101,DGDSRL,3,Goods,1948Q1,Fisher Quantity Index,"Percent change, annual rate",0,0.6,T10101
T10101,DGDSRL,3,Goods,1948Q2,Fisher Quantity Index,"Percent change, annual rate",0,3.7,T10101
T10101,DGDSRL,3,Goods,1948Q3,Fisher Quantity Index,"Percent change, annual rate",0,-0.4,T10101
T10101,DGDSRL,3,Goods,1948Q4,Fisher Quantity Index,"Percent change, annual rate",0,2.7,T10101
T10101,DGDSRL,3,Goods,1949Q1,Fisher Quantity Index,"Percent change, annual rate",0,-0.6,T10101
T10101,DGDSRL,3,Goods,1949Q2,Fisher Quantity Index,"Percent change, annual rate",0,9.1,T10101
T10101,DGDSRL,3,Goods,1949Q3,Fisher Quantity Index,"Percent change, annual rate",0,2.0,T10101
T10101,DGDSRL,3,Goods,1949Q4,Fisher Quantity Index,"Percent change, annual rate",0,9.3,T10101
T10101,DGDSRL,3,Goods,1950Q1,Fisher Quantity Index,"Percent change, annual rate",0,8.0,T10101
T10101,DGDSRL,3,Goods,1950Q2,Fisher Quantity Index,"Percent change, annual rate",0,4.4,T10101
T10101,DGDSRL,3,Goods,1950Q3,Fisher Quantity Index,"Percent change, annual rate",0,33.5,T10101
T10101,DGDSRL,3,Goods,1950Q4,Fisher Quantity Index,"Percent change, annual rate",0,-19.5,T10101
T10101,DGDSRL,3,Goods,1951Q1,Fisher Quantity Index,"Percent change, annual rate",0,9.1,T10101
T10101,DGDSRL,3,Goods,1951Q2,Fisher Quantity Index,"Percent change, annual rate",0,-18.8,T10101
T10101,DGDSRL,3,Goods,1951Q3,Fisher Quantity Index,"Percent change, annual rate",0,4.5,T10101
T10101,DGDSRL,3,Goods,1951Q4,Fisher Quantity Index,"Percent change, annual rate",0,3.3,T10101
T10101,DGDSRL,3,Goods,1952Q1,Fisher Quantity Index,"Percent change, annual rate",0,-1.9,T10101
T10101,DGDSRL,3,Goods,1952Q2,Fisher Quantity Index,"Percent change, annual rate",0,9.2,T10101
T10101,DGDSRL,3,Goods,1952Q3,Fisher Quantity Index,"Percent change, annual rate",0,-0.4,T10101
T10101,DGDSRL,3,Goods,1952Q4,Fisher Quantity Index,"Percent change, annual rate",0,21.8,T10101
T10101,DGDSRL,3,Goods,1953Q1,Fisher Quantity Index,"Percent change, annual rate",0,5.4,T10101
T10101,DGDSRL,3,Goods,1953Q2,Fisher Quantity Index,"Percent change, annual rate",0,0.7,T10101
T10101,DGDSRL,3,Goods,1953Q3,Fisher Quantity Index,"Percent change, annual rate",0,-3.3,T10101
T10101,DGDSRL,3,Goods,1953Q4,Fisher Quantity Index,"Percent change, annual rate",0,-2.4,T10101
T10101,DGDSRL,3,Goods,1954Q1,Fisher Quantity Index,"Percent change, annual rate",0,-0.3,T10101
T10101,DGDSRL,3,Goods,1954Q2,Fisher Quantity Index,"Percent change, annual rate",0,4.0,T10101
T10101,DGDSRL,3,Goods,1954Q3,Fisher Quantity Index,"Percent change, annual rate",0,4.3,T10101
T10101,DGDSRL,3,Goods,1954Q4,Fisher Quantity Index,"Percent change, annual rate",0,11.6,T10101
T10101,DGDSRL,3,Goods,1955Q1,Fisher Quantity Index,"Percent change, annual rate",0,12.9,T10101
T10101,DGDSRL,3,Goods,1955Q2,Fisher Quantity Index,"Percent change, annual rate",0,11.7,T10101
T10101,DGDSRL,3,Goods,1955Q3,Fisher Quantity Index,"Percent change, annual rate",0,5.7,T10101
T10101,DGDSRL,3,Goods,1955Q4,Fisher Quantity Index,"Percent change, annual rate",0,2.9,T10101
T10101,DGDSRL,3,Goods,1956Q1,Fisher Quantity Index,"Percent change, annual rate",0,-1.8,T10101
T10101,DGDSRL,3,Goods,1956Q2,Fisher Quantity Index,"Percent change, annual rate",0,-0.6,T10101
T10101,DGDSRL,3,Goods,1956Q3,Fisher Quantity Index,"Percent change, annual rate",0,-1.7,T10101
T10101,DGDSRL,3,Goods,1956Q4,Fisher Quantity Index,"Percent change, annual rate",0,5.9,T10101
T10101,DGDSRL,3,Goods,1957Q1,Fisher Quantity Index,"Percent change, annual rate",0,3.8,T10101
T10101,DGDSRL,3,Goods,1957Q2,Fisher Quantity Index,"Percent change, annual rate",0,-1.5,T10101
T10101,DGDSRL,3,Goods,1957Q3,Fisher Quantity Index,"Percent change, annual rate",0,3.4,T10101
T10101,DGDSRL,3,Goods,1957Q4,Fisher Quantity Index,"Percent change, annual rate",0,-3.1,T10101
T10101,DGDSRL,3,Goods,1958Q1,Fisher Quantity Index,"Percent change, annual rate",0,-9.2,T10101
T10101,DGDSRL,3,Goods,1958Q2,Fisher Quantity Index,"Percent change, annual rate",0,1.2,T10101
T10101,DGDSRL,3,Goods,1958Q3,Fisher Quantity Index,"Percent change, annual rate",0,7.8,T10101
T10101,DGDSRL,3,Goods,1958Q4,Fisher Quantity Index,"Percent change, annual rate",0,7.9,T10101
T10101,DGDSRL,3,Goods,1959Q1,Fisher Quantity Index,"Percent change, annual rate",0,9.6,T10101
T10101,DGDSRL,3,Goods,1959Q2,Fisher Quantity Index,"Percent change, annual rate",0,6.5,T10101
T10101,DGDSRL,3,Goods,1959Q3,Fisher Quantity Index,"Percent change, annual rate",0,3.2,T10101
T10101,DGDSRL,3,Goods,1959Q4,Fisher Quantity Index,"Percent change, annual rate",0,-3.2,T10101
T10101,DGDSRL,3,Goods,1960Q1,Fisher Quantity Index,"Percent change, annual rate",0,4.1,T10101
T10101,DGDSRL,3,Goods,1960Q2,Fisher Quantity Index,"Percent change, annual rate",0,5.7,T10101
T10101,DGDSRL,3,Goods,1960Q3,Fisher Quantity Index,"Percent change, annual rate",0,-2.6,T10101
T10101,DGDSRL,3,Goods,1960Q4,Fisher Quantity Index,"Percent change, annual rate",0,-2.4,T10101
T10101,DGDSRL,3,Goods,1961Q1,Fisher Quantity Index,"Percent change, annual rate",0,-3.7,T10101
T10101,DGDSRL,3,Goods,1961Q2,Fisher Quantity Index,"Percent change, annual rate",0,6.2,T10101
T10101,DGDSRL,3,Goods,1961Q3,Fisher Quantity Index,"Percent change, annual rate",0,2.6,T10101
T10101,DGDSRL,3,Goods,1961Q4,Fisher Quantity Index,"Percent change, annual rate",0,9.2,T10101
T10101,DGDSRL,3,Goods,1962Q1,Fisher Quantity Index,"Percent change, annual rate",0,4.8,T10101
T10101,DGDSRL,3,Goods,1962Q2,Fisher Quantity Index,"Percent change, annual rate",0,4.0,T10101
T10101,DGDSRL,3,Goods,1962Q3,Fisher Quantity Index,"Percent change, annual rate",0,3.1,T10101
T10101,DGDSRL,3,Goods,1962Q4,Fisher Quantity Index,"Percent change, annual rate",0,6.4,T10101
T10101,DGDSRL,3,Goods,1963Q1,Fisher Quantity Index,"Percent change, annual rate",0,3.8,T10101
T10101,DGDSRL,3,Goods,1963Q2,Fisher Quantity Index,"Percent change, annual rate",0,3.4,T10101
T10101,DGDSRL,3,Goods,1963Q3,Fisher Quantity Index,"Percent change, annual rate",0,4.1,T10101
T10101,DGDSRL,3,Goods,1963Q4,Fisher Quantity Index,"Percent change, annual rate",0,1.4,T10101
T10101,DGDSRL,3,Goods,1964Q1,Fisher Quantity Index,"Percent change, annual rate",0,9.6,T10101
T10101,DGDSRL,3,Goods,1964Q2,Fisher Quantity Index,"Percent change, annual rate",0,8.7,T10101
T10101,DGDSRL,3,Goods,1964Q3,Fisher Quantity Index,"Percent change, annual rate",0,9.7,T10101
T10101,DGDSRL,3,Goods,1964Q4,Fisher Quantity Index,"Percent change, annual rate",0,-2.9,T10101
T10101,DGDSRL,3,Goods,1965Q1,Fisher Quantity Index,"Percent change, annual rate",0,13.7,T10101
T10101,DGDSRL,3,Goods,1965Q2,Fisher Quantity Index,"Percent change, annual rate",0,2.9,T10101
T10101,DGDSRL,3,Goods,1965Q3,Fisher Quantity Index,"Percent change, annual rate",0,8.4,T10101
T10101,DGDSRL,3,Goods,1965Q4,Fisher Quantity Index,"Percent change, annual rate",0,16.3,T10101
T10101,DGDSRL,3,Goods,1966Q1,Fisher Quantity Index,"Percent change, annual rate",0,7.7,T10101
T10101,DGDSRL,3,Goods,1966Q2,Fisher Quantity Index,"Percent change, annual rate",0,-2.0,T10101
T10101,DGDSRL,3,Goods,1966Q3,Fisher Quantity Index,"Percent change, annual rate",0,5.9,T10101
T10101,DGDSRL,3,Goods,1966Q4,Fisher Quantity Index,"Percent change, annual rate",0,-0.8,T10101
T10101,DGDSRL,3,Goods,1967Q1,Fisher Quantity Index,"Percent change, annual rate",0,1.0,T10101
T10101,DGDSRL,3,Goods,1967Q2,Fisher Quantity Index,"Percent change, annual rate",0,7.2,T10101
T10101,DGDSRL,3,Goods,1967Q3,Fisher Quantity Index,"Percent change, annual rate",0,-1.2,T10101
T10101,DGDSRL,3,Goods,1967Q4,Fisher Quantity Index,"Percent change, annual rate",0,1.6,T10101
T10101,DGDSRL,3,Goods,1968Q1,Fisher Quantity Index,"Percent change, annual rate",0,13.3,T10101
T10101,DGDSRL,3,Goods,1968Q2,Fisher Quantity Index,"Percent change, annual rate",0,6.1,T10101
T10101,DGDSRL,3,Goods,1968Q3,Fisher Quantity Index,"Percent change, annual rate",0,10.2,T10101
T10101,DGDSRL,3,Goods,1968Q4,Fisher Quantity Index,"Percent change, annual rate",0,-0.6,T10101
T10101,DGDSRL,3,Goods,1969Q1,Fisher Quantity Index,"Percent change, annual rate",0,5.5,T10101
T10101,DGDSRL,3,Goods,1969Q2,Fisher Quantity Index,"Percent change, annual rate",0,0.3,T10101
T10101,DGDSRL,3,Goods,1969Q3,Fisher Quantity Index,"Percent change, annual rate",0,0.7,T10101
T10101,DGDSRL,3,Goods,1969Q4,Fisher Quantity Index,"Percent change, annual rate",0,1.5,T10101
T10101,DGDSRL,3,Goods,1970Q1,Fisher Quantity Index,"Percent change, annual rate",0,0.6,T10101
T10101,DGDSRL,3,Goods,1970Q2,Fisher Quantity Index,"Percent change, annual rate",0,1.1,T10101
T10101,DGDSRL,3,Goods,1970Q3,Fisher Quantity Index,"Percent change, annual rate",0,2.5,T10101
T10101,DGDSRL,3,Goods,1970Q4,Fisher Quantity Index,"Percent change, annual rate",0,-4.3,T10101
T10101,DGDSRL,3,Goods,1971Q1,Fisher Quantity Index,"Percent change, annual rate",0,13.5,T10101
T10101,DGDSRL,3,Goods,1971Q2,Fisher Quantity Index,"Percent change, annual rate",0,3.3,T10101
T10101,DGDSRL,3,Goods,1971Q3,Fisher Quantity Index,"Percent change, annual rate",0,2.6,T10101
T10101,DGDSRL,3,Goods,1971Q4,Fisher Quantity Index,"Percent change, annual rate",0,7.2,T10101
T10101,DGDSRL,3,Goods,1972Q1,Fisher Quantity Index,"Percent change, annual rate",0,3.8,T10101
T10101,DGDSRL,3,Goods,1972Q2,Fisher Quantity Index,"Percent change, annual rate",0,11.0,T10101
T10101,DGDSRL,3,Goods,1972Q3,Fisher Quantity Index,"Percent change, annual rate",0,7.1,T10101
T10101,DGDSRL,3,Goods,1972Q4,Fisher Quantity Index,"Percent change, annual rate",0,12.3,T10101
T10101,DGDSRL,3,Goods,1973Q1,Fisher Quantity Index,"Percent change, annual rate",0,9.9,T10101
T10101,DGDSRL,3,Goods,1973Q2,Fisher Quantity Index,"Percent change, annual rate",0,-3.8,T10101
T10101,DGDSRL,3,Goods,1973Q3,Fisher Quantity Index,"Percent change, annual rate",0,0.1,T10101
T10101,DGDSRL,3,Goods,1973Q4,Fisher Quantity Index,"Percent change, annual rate",0,-3.9,T10101
T10101,DGDSRL,3,Goods,1974Q1,Fisher Quantity Index,"Percent change, annual rate",0,-6.4,T10101
T10101,DGDSRL,3,Goods,1974Q2,Fisher Quantity Index,"Percent change, annual rate",0,-1.3,T10101
T10101,DGDSRL,3,Goods,1974Q3,Fisher Quantity Index,"Percent change, annual rate",0,1.3,T10101
T10101,DGDSRL,3,Goods,1974Q4,Fisher Quantity Index,"Percent change, annual rate",0,-15.3,T10101
T10101,DGDSRL,3,Goods,1975Q1,Fisher Quantity Index,"Percent change, annual rate",0,2.9,T10101
T10101,DGDSRL,3,Goods,1975Q2,Fisher Quantity Index,"Percent change, annual rate",0,8.8,T10101
T10101,DGDSRL,3,Goods,1975Q3,Fisher Quantity Index,"Percent change, annual rate",0,10.2,T10101
T10101,DGDSRL,3,Goods,1975Q4,Fisher Quantity Index,"Percent change, annual rate",0,2.8,T10101
T10101,DGDSRL,3,Goods,1976Q1,Fisher Quantity Index,"Percent change, annual rate",0,12.2,T10101
T10101,DGDSRL,3,Goods,1976Q2,Fisher Quantity Index,"Percent change, annual rate",0,4.9,T10101
T10101,DGDSRL,3,Goods,1976Q3,Fisher Quantity Index,"Percent change, annual rate",0,3.6,T10101
T10101,DGDSRL,3,Goods,1976Q4,Fisher Quantity Index,"Percent change, annual rate",0,5.0,T10101
T10101,DGDSRL,3,Goods,1977Q1,Fisher Quantity Index,"Percent change, annual rate",0,4.5,T10101
T10101,DGDSRL,3,Goods,1977Q2,Fisher Quantity Index,"Percent change, annual rate",0,3.0,T10101
T10101,DGDSRL,3,Goods,1977Q3,Fisher Quantity Index,"Percent change, annual rate",0,3.3,T10101
T10101,DGDSRL,3,Goods,1977Q4,Fisher Quantity Index,"Percent change, annual rate",0,8.8,T10101
T10101,DGDSRL,3,Goods,1978Q1,Fisher Quantity Index,"Percent change, annual rate",0,-2.2,T10101
T10101,DGDSRL,3,Goods,1978Q2,Fisher Quantity Index,"Percent change, annual rate",0,12.0,T10101
T10101,DGDSRL,3,Goods,1978Q3,Fisher Quantity Index,"Percent change, annual rate",0,0.3,T10101
T10101,DGDSRL,3,Goods,1978Q4,Fisher Quantity Index,"Percent change, annual rate",0,4.6,T10101
T10101,DGDSRL,3,Goods,1979Q1,Fisher Quantity Index,"Percent change, annual rate",0,-0.3,T10101
T10101,DGDSRL,3,Goods,1979Q2,Fisher Quantity Index,"Percent change, annual rate",0,-3.3,T10101
T10101,DGDSRL,3,Goods,1979Q3,Fisher Quantity Index,"Percent change, annual rate",0,6.8,T10101
T10101,DGDSRL,3,Goods,1979Q4,Fisher Quantity Index,"Percent change, annual rate",0,-1.7,T10101
T10101,DGDSRL,3,Goods,1980Q1,Fisher Quantity Index,"Percent change, annual rate",0,-2.0,T10101
T10101,DGDSRL,3,Goods,1980Q2,Fisher Quantity Index,"Percent change, annual rate",0,-15.5,T10101
T10101,DGDSRL,3,Goods,1980Q3,Fisher Quantity Index,"Percent change, annual rate",0,4.2,T10101
T10101,DGDSRL,3,Goods,1980Q4,Fisher Quantity Index,"Percent change, annual rate",0,4.6,T10101
T10101,DGDSRL,3,Goods,1981Q1,Fisher Quantity Index,"Percent change, annual rate",0,5.9,T10101
T10101,DGDSRL,3,Goods,1981Q2,Fisher Quantity Index,"Percent change, annual rate",0,-3.2,T10101
T10101,DGDSRL,3,Goods,1981Q3,Fisher Quantity Index,"Percent change, annual rate",0,4.1,T10101
T10101,DGDSRL,3,Goods,1981Q4,Fisher Quantity Index,"Percent change, annual rate",0,-7.0,T10101
T10101,DGDSRL,3,Goods,1982Q1,Fisher Quantity Index,"Percent change, annual rate",0,4.1,T10101
T10101,DGDSRL,3,Goods,1982Q2,Fisher Quantity Index,"Percent change, annual rate",0,-0.1,T10101
T10101,DGDSRL,3,Goods,1982Q3,Fisher Quantity Index,"Percent change, annual rate",0,2.2,T10101
T10101,DGDSRL,3,Goods,1982Q4,Fisher Quantity Index,"Percent change, annual rate",0,8.3,T10101
T10101,DGDSRL,3,Goods,1983Q1,Fisher Quantity Index,"Percent change, annual rate",0,2.1,T10101
T10101,DGDSRL,3,Goods,1983Q2,Fisher Quantity Index,"Percent change, annual rate",0,12.3,T10101
T10101,DGDSRL,3,Goods,1983Q3,Fisher Quantity Index,"Percent change, annual rate",0,9.2,T10101
T10101,DGDSRL,3,Goods,1983Q4,Fisher Quantity Index,"Percent change, annual rate",0,9.8,T10101
T10101,DGDSRL,3,Goods,1984Q1,Fisher Quantity Index,"Percent change, annual rate",0,5.5,T10101
T10101,DGDSRL,3,Goods,1984Q2,Fisher Quantity Index,"Percent change, annual rate",0,9.2,T10101
T10101,DGDSRL,3,Goods,1984Q3,Fisher Quantity Index,"Percent change, annual rate",0,0.2,T10101
T10101,DGDSRL,3,Goods,1984Q4,Fisher Quantity Index,"Percent change, annual rate",0,6.4,T10101
T10101,DGDSRL,3,Goods,1985Q1,Fisher Quantity Index,"Percent change, annual rate",0,6.3,T10101
T10101,DGDSRL,3,Goods,1985Q2,Fisher Quantity Index,"Percent change, annual rate",0,3.7,T10101
T10101,DGDSRL,3,Goods,1985Q3,Fisher Quantity Index,"Percent change, annual rate",0,11.1,T10101
T10101,DGDSRL,3,Goods,1985Q4,Fisher Quantity Index,"Percent change, annual rate",0,-2.4,T10101
T10101,DGDSRL,3,Goods,1986Q1,Fisher Quantity Index,"Percent change, annual rate",0,6.2,T10101
T10101,DGDSRL,3,Goods,1986Q2,Fisher Quantity Index,"Percent change, annual rate",0,7.3,T10101
T10101,DGDSRL,3,Goods,1986Q3,Fisher Quantity Index,"Percent change, annual rate",0,13.0,T10101
T10101,DGDSRL,3,Goods,1986Q4,Fisher Quantity Index,"Percent change, annual rate",0,-0.3,T10101
T10101,DGDSRL,3,Goods,1987Q1,Fisher Quantity Index,"Percent change, annual rate",0,-7.9,T10101
T10101,DGDSRL,3,Goods,1987Q2,Fisher Quantity Index,"Percent change, annual rate",0,7.9,T10101
T10101,DGDSRL,3,Goods,1987Q3,Fisher Quantity Index,"Percent change, annual rate",0,6.2,T10101
T10101,DGDSRL,3,Goods,1987Q4,Fisher Quantity Index,"Percent change, annual rate",0,-3.5,T10101
T10101,DGDSRL,3,Goods,1988Q1,Fisher Quantity Index,"Percent change, annual rate",0,9.8,T10101
T10101,DGDSRL,3,Goods,1988Q2,Fisher Quantity Index,"Percent change, annual rate",0,2.1,T10101
T10101,DGDSRL,3,Goods,1988Q3,Fisher Quantity Index,"Percent change, annual rate",0,-0.1,T10101
T10101,DGDSRL,3,Goods,1988Q4,Fisher Quantity Index,"Percent change, annual rate",0,6.5,T10101
T10101,DGDSRL,3,Goods,1989Q1,Fisher Quantity Index,"Percent change, annual rate",0,0.5,T10101
T10101,DGDSRL,3,Goods,1989Q2,Fisher Quantity Index,"Percent change, annual rate",0,2.3,T10101
T10101,DGDSRL,3,Goods,1989Q3,Fisher Quantity Index,"Percent change, annual rate",0,5.9,T10101
T10101,DGDSRL,3,Goods,1989Q4,Fisher Quantity Index,"Percent change, annual rate",0,-1.3,T10101
T10101,DGDSRL,3,Goods,1990Q1,Fisher Quantity Index,"Percent change, annual rate",0,5.5,T10101
T10101,DGDSRL,3,Goods,1990Q2,Fisher Quantity Index,"Percent change, annual rate",0,-4.2,T10101
T10101,DGDSRL,3,Goods,1990Q3,Fisher Quantity Index,"Percent change, annual rate",0,-0.9,T10101
T10101,DGDSRL,3,Goods,1990Q4,Fisher Quantity Index,"Percent change, annual rate",0,-6.2,T10101
T10101,DGDSRL,3,Goods,1991Q1,Fisher Quantity Index,"Percent change, annual rate",0,-3.4,T10101
T10101,DGDSRL,3,Goods,1991Q2,Fisher Quantity Index,"Percent change, annual rate",0,2.3,T10101
T10101,DGDSRL,3,Goods,1991Q3,Fisher Quantity Index,"Percent change, annual rate",0,2.4,T10101
T10101,DGDSRL,3,Goods,1991Q4,Fisher Quantity Index,"Percent change, annual rate",0,-4.4,T10101
T10101,DGDSRL,3,Goods,1992Q1,Fisher Quantity Index,"Percent change, annual rate",0,9.4,T10101
T10101,DGDSRL,3,Goods,1992Q2,Fisher Quantity Index,"Percent change, annual rate",0,2.1,T10101
T10101,DGDSRL,3,Goods,1992Q3,Fisher Quantity Index,"Percent change, annual rate",0,4.4,T10101
T10101,DGDSRL,3,Goods,1992Q4,Fisher Quantity Index,"Percent change, annual rate",0,5.4,T10101
T10101,DGDSRL,3,Goods,1993Q1,Fisher Quantity Index,"Percent change, annual rate",0,1.6,T10101
T10101,DGDSRL,3,Goods,1993Q2,Fisher Quantity Index,"Percent change, annual rate",0,6.6,T10101
T10101,DGDSRL,3,Goods,1993Q3,Fisher Quantity Index,"Percent change, annual rate",0,4.2,T10101
T10101,DGDSRL,3,Goods,1993Q4,Fisher Quantity Index,"Percent change, annual rate",0,5.2,T10101
T10101,DGDSRL,3,Goods,1994Q1,Fisher Quantity Index,"Percent change, annual rate",0,7.0,T10101
T10101,DGDSRL,3,Goods,1994Q2,Fisher Quantity Index,"Percent change, annual rate",0,3.6,T10101
T10101,DGDSRL,3,Goods,1994Q3,Fisher Quantity Index,"Percent change, annual rate",0,3.8,T10101
T10101,DGDSRL,3,Goods,1994Q4,Fisher Quantity Index,"Percent change, annual rate",0,7.9,T10101
T10101,DGDSRL,3,Goods,1995Q1,Fisher Quantity Index,"Percent change, annual rate",0,-2.0,T10101
T10101,DGDSRL,3,Goods,1995Q2,Fisher Quantity Index,"Percent change, annual rate",0,2.7,T10101
T10101,DGDSRL,3,Goods,1995Q3,Fisher Quantity Index,"Percent change, annual rate",0,4.9,T10101
T10101,DGDSRL,3,Goods,1995Q4,Fisher Quantity Index,"Percent change, annual rate",0,3.8,T10101
T10101,DGDSRL,3,Goods,1996Q1,Fisher Quantity Index,"Percent change, annual rate",0,3.2,T10101
T10101,DGDSRL,3,Goods,1996Q2,Fisher Quantity Index,"Percent change, annual rate",0,8.0,T10101
T10101,DGDSRL,3,Goods,1996Q3,Fisher Quantity Index,"Percent change, annual rate",0,2.9,T10101
T10101,DGDSRL,3,Goods,1996Q4,Fisher Quantity Index,"Percent change, annual rate",0,4.9,T10101
T10101,DGDSRL,3,Goods,1997Q1,Fisher Quantity Index,"Percent change, annual rate",0,5.5,T10101
T10101,DGDSRL,3,Goods,1997Q2,Fisher Quantity Index,"Percent change, annual rate",0,-0.3,T10101
T10101,DGDSRL,3,Goods,1997Q3,Fisher Quantity Index,"Percent change, annual rate",0,10.8,T10101
T10101,DGDSRL,3,Goods,1997Q4,Fisher Quantity Index,"Percent change, annual rate",0,5.6,T10101
T10101,DGDSRL,3,Goods,1998Q1,Fisher Quantity Index,"Percent change, annual rate",0,3.0,T10101
T10101,DGDSRL,3,Goods,1998Q2,Fisher Quantity Index,"Percent change, annual rate",0,10.8,T10101
T10101,DGDSRL,3,Goods,1998Q3,Fisher Quantity Index,"Percent change, annual rate",0,6.1,T10101
T10101,DGDSRL,3,Goods,1998Q4,Fisher Quantity Index,"Percent change, annual rate",0,12.7,T10101
T10101,DGDSRL,3,Goods,1999Q1,Fisher Quantity Index,"Percent change, annual rate",0,5.0,T10101
T10101,DGDSRL,3,Goods,1999Q2,Fisher Quantity Index,"Percent change, annual rate",0,9.8,T10101
T10101,DGDSRL,3,Goods,1999Q3,Fisher Quantity Index,"Percent change, annual rate",0,4.8,T10101
T10101,DGDSRL,3,Goods,1999Q4,Fisher Quantity Index,"Percent change, annual rate",0,7.0,T10101
T10101,DGDSRL,3,Goods,2000Q1,Fisher Quantity Index,"Percent change, annual rate",0,6.1,T10101
T10101,DGDSRL,3,Goods,2000Q2,Fisher Quantity Index,"Percent change, annual rate",0,2.1,T10101
T10101,DGDSRL,3,Goods,2000Q3,Fisher Quantity Index,"Percent change, annual rate",0,4.2,T10101
T10101,DGDSRL,3,Goods,2000Q4,Fisher Quantity Index,"Percent change, annual rate",0,3.5,T10101
T10101,DGDSRL,3,Goods,2001Q1,Fisher Quantity Index,"Percent change, annual rate",0,0.9,T10101
T10101,DGDSRL,3,Goods,2001Q2,Fisher Quantity Index,"Percent change, annual rate",0,1.1,T10101
T10101,DGDSRL,3,Goods,2001Q3,Fisher Quantity Index,"Percent change, annual rate",0,2.9,T10101
T10101,DGDSRL,3,Goods,2001Q4,Fisher Quantity Index,"Percent change, annual rate",0,15.2,T10101
T10101,DGDSRL,3,Goods,2002Q1,Fisher Quantity Index,"Percent change, annual rate",0,-0.7,T10101
T10101,DGDSRL,3,Goods,2002Q2,Fisher Quantity Index,"Percent change, annual rate",0,1.1,T10101
T10101,DGDSRL,3,Goods,2002Q3,Fisher Quantity Index,"Percent change, annual rate",0,5.0,T10101
T10101,DGDSRL,3,Goods,2002Q4,Fisher Quantity Index,"Percent change, annual rate",0,1.6,T10101
T10101,DGDSRL,3,Goods,2003Q1,Fisher Quantity Index,"Percent change, annual rate",0,2.2,T10101
T10101,DGDSRL,3,Goods,2003Q2,Fisher Quantity Index,"Percent change, annual rate",0,9.0,T10101
T10101,DGDSRL,3,Goods,2003Q3,Fisher Quantity Index,"Percent change, annual rate",0,11.7,T10101
T10101,DGDSRL,3,Goods,2003Q4,Fisher Quantity Index,"Percent change, annual rate",0,3.6,T10101
T10101,DGDSRL,3,Goods,2004Q1,Fisher Quantity Index,"Percent change, annual rate",0,4.6,T10101
T10101,DGDSRL,3,Goods,2004Q2,Fisher Quantity Index,"Percent change, annual rate",0,1.4,T10101
T10101,DGDSRL,3,Goods,2004Q3,Fisher Quantity Index,"Percent change, annual rate",0,5.7,T10101
T10101,DGDSRL,3,Goods,2004Q4,Fisher Quantity Index,"Percent change, annual rate",0,5.5,T10101
T10101,DGDSRL,3,Goods,2005Q1,Fisher Quantity Index,"Percent change, annual rate",0,3.1,T10101
T10101,DGDSRL,3,Goods,2005Q2,Fisher Quantity Index,"Percent change, annual rate",0,6.0,T10101
T10101,DGDSRL,3,Goods,2005Q3,Fisher Quantity Index,"Percent change, annual rate",0,3.9,T10101
T10101,DGDSRL,3,Goods,2005Q4,Fisher Quantity Index,"Percent change, annual rate",0,-0.8,T10101
T10101,DGDSRL,3,Goods,2006Q1,Fisher Quantity Index,"Percent change, annual rate",0,8.5,T10101
T10101,DGDSRL,3,Goods,2006Q2,Fisher Quantity Index,"Percent change, annual rate",0,0.6,T10101
T10101,DGDSRL,3,Goods,2006Q3,Fisher Quantity Index,"Percent change, annual rate",0,3.6,T10101
T10101,DGDSRL,3,Goods,2006Q4,Fisher Quantity Index,"Percent change, annual rate",0,5.7,T10101
T10101,DGDSRL,3,Goods,2007Q1,Fisher Quantity Index,"Percent change, annual rate",0,2.8,T10101
T10101,DGDSRL,3,Goods,2007Q2,Fisher Quantity Index,"Percent change, annual rate",0,0.9,T10101
T10101,DGDSRL,3,Goods,2007Q3,Fisher Quantity Index,"Percent change, annual rate",0,2.5,T10101
T10101,DGDSRL,3,Goods,2007Q4,Fisher Quantity Index,"Percent change, annual rate",0,0.8,T10101
T10101,DGDSRL,3,Goods,2008Q1,Fisher Quantity Index,"Percent change, annual rate",0,-6.4,T10101
T10101,DGDSRL,3,Goods,2008Q2,Fisher Quantity Index,"Percent change, annual rate",0,-0.6,T10101
T10101,DGDSRL,3,Goods,2008Q3,Fisher Quantity Index,"Percent change, annual rate",0,-8.1,T10101
T10101,DGDSRL,3,Goods,2008Q4,Fisher Quantity Index,"Percent change, annual rate",0,-11.6,T10101
T10101,DGDSRL,3,Goods,2009Q1,Fisher Quantity Index,"Percent change, annual rate",0,0.1,T10101
T10101,DGDSRL,3,Goods,2009Q2,Fisher Quantity Index,"Percent change, annual rate",0,-2.5,T10101
T10101,DGDSRL,3,Goods,2009Q3,Fisher Quantity Index,"Percent change, annual rate",0,7.2,T10101
T10101,DGDSRL,3,Goods,2009Q4,Fisher Quantity Index,"Percent change, annual rate",0,-2.1,T10101
T10101,DGDSRL,3,Goods,2010Q1,Fisher Quantity Index,"Percent change, annual rate",0,3.0,T10101
T10101,DGDSRL,3,Goods,2010Q2,Fisher Quantity Index,"Percent change, annual rate",0,5.6,T10101
T10101,DGDSRL,3,Goods,2010Q3,Fisher Quantity Index,"Percent change, annual rate",0,3.0,T10101
T10101,DGDSRL,3,Goods,2010Q4,Fisher Quantity Index,"Percent change, annual rate",0,5.7,T10101
T10101,DGDSRL,3,Goods,2011Q1,Fisher Quantity Index,"Percent change, annual rate",0,2.0,T10101
T10101,DGDSRL,3,Goods,2011Q2,Fisher Quantity Index,"Percent change, annual rate",0,-1.5,T10101
T10101,DGDSRL,3,Goods,2011Q3,Fisher Quantity Index,"Percent change, annual rate",0,0.1,T10101
T10101,DGDSRL,3,Goods,2011Q4,Fisher Quantity Index,"Percent change, annual rate",0,2.9,T10101
T10101,DGDSRL,3,Goods,2012Q1,Fisher Quantity Index,"Percent change, annual rate",0,5.2,T10101
T10101,DGDSRL,3,Goods,2012Q2,Fisher Quantity Index,"Percent change, annual rate",0,-0.1,T10101
T10101,DGDSRL,3,Goods,2012Q3,Fisher Quantity Index,"Percent change, annual rate",0,1.8,T10101
T10101,DGDSRL,3,Goods,2012Q4,Fisher Quantity Index,"Percent change, annual rate",0,2.9,T10101
T10101,DGDSRL,3,Goods,2013Q1,Fisher Quantity Index,"Percent change, annual rate",0,7.5,T10101
T10101,DGDSRL,3,Goods,2013Q2,Fisher Quantity Index,"Percent change, annual rate",0,0.9,T10101
T10101,DGDSRL,3,Goods,2013Q3,Fisher Quantity Index,"Percent change, annual rate",0,3.3,T10101
T10101,DGDSRL,3,Goods,2013Q4,Fisher Quantity Index,"Percent change, annual rate",0,4.0,T10101
T10101,DGDSRL,3,Goods,2014Q1,Fisher Quantity Index,"Percent change, annual rate",0,3.0,T10101
T10101,DGDSRL,3,Goods,2014Q2,Fisher Quantity Index,"Percent change, annual rate",0,7.7,T10101
T10101,DGDSRL,3,Goods,2014Q3,Fisher Quantity Index,"Percent change, annual rate",0,4.6,T10101
T10101,DGDSRL,3,Goods,2014Q4,Fisher Quantity Index,"Percent change, annual rate",0,5.9,T10101
T10101,DGDSRL,3,Goods,2015Q1,Fisher Quantity Index,"Percent change, annual rate",0,5.3,T10101
T10101,DGDSRL,3,Goods,2015Q2,Fisher Quantity Index,"Percent change, annual rate",0,4.3,T10101
T10101,DGDSRL,3,Goods,2015Q3,Fisher Quantity Index,"Percent change, annual rate",0,4.6,T10101
T10101,DGDSRL,3,Goods,2015Q4,Fisher Quantity Index,"Percent change, annual rate",0,1.9,T10101
T10101,DGDSRL,3,Goods,2016Q1,Fisher Quantity Index,"Percent change, annual rate",0,4.3,T10101
T10101,DGDSRL,3,Goods,2016Q2,Fisher Quantity Index,"Percent change, annual rate",0,3.5,T10101
T10101,DGDSRL,3,Goods,2016Q3,Fisher Quantity Index,"Percent change, annual rate",0,4.3,T10101
T10101,DGDSRL,3,Goods,2016Q4,Fisher Quantity Index,"Percent change, annual rate",0,2.6,T10101
T10101,DGDSRL,3,Goods,2017Q1,Fisher Quantity Index,"Percent change, annual rate",0,3.6,T10101
T10101,DGDSRL,3,Goods,2017Q2,Fisher Quantity Index,"Percent change, annual rate",0,4.3,T10101
T10101,DGDSRL,3,Goods,2017Q3,Fisher Quantity Index,"Percent change, annual rate",0,5.1,T10101
T10101,DGDSRL,3,Goods,2017Q4,Fisher Quantity Index,"Percent change, annual rate",0,8.7,T10101
T10101,DGDSRL,3,Goods,2018Q1,Fisher Quantity Index,"Percent change, annual rate",0,3.7,T10101
T10101,DGDSRL,3,Goods,2018Q2,Fisher Quantity Index,"Percent change, annual rate",0,1.0,T10101
T10101,DGDSRL,3,Goods,2018Q3,Fisher Quantity Index,"Percent change, annual rate",0,1.8,T10101
T10101,DGDSRL,3,Goods,2018Q4,Fisher Quantity Index,"Percent change, annual rate",0,2.1,T10101
T10101,DGDSRL,3,Goods,2019Q1,Fisher Quantity Index,"Percent change, annual rate",0,1.1,T10101
T10101,DGDSRL,3,Goods,2019Q2,Fisher Quantity Index,"Percent change, annual rate",0,7.1,T10101
T10101,DGDSRL,3,Goods,2019Q3,Fisher Quantity Index,"Percent change, annual rate",0,5.8,T10101
T10101,DGDSRL,3,Goods,2019Q4,Fisher Quantity Index,"Percent change, annual rate",0,1.3,T10101
T10101,DGDSRL,3,Goods,2020Q1,Fisher Quantity Index,"Percent change, annual rate",0,-1.8,T10101
T10101,DGDSRL,3,Goods,2020Q2,Fisher Quantity Index,"Percent change, annual rate",0,-8.4,T10101
T10101,DGDSRL,3,Goods,2020Q3,Fisher Quantity Index,"Percent change, annual rate",0,49.8,T10101
T10101,DGDSRL,3,Goods,2020Q4,Fisher Quantity Index,"Percent change, annual rate",0,2.1,T10101
T10101,DGDSRL,3,Goods,2021Q1,Fisher Quantity Index,"Percent change, annual rate",0,17.6,T10101
T10101,DGDSRL,3,Goods,2021Q2,Fisher Quantity Index,"Percent change, annual rate",0,16.1,T10101
T10101,DGDSRL,3,Goods,2021Q3,Fisher Quantity Index,"Percent change, annual rate",0,-8.9,T10101
T10101,DGDSRL,3,Goods,2021Q4,Fisher Quantity Index,"Percent change, annual rate",0,3.6,T10101
T10101,DGDSRL,3,Goods,2022Q1,Fisher Quantity Index,"Percent change, annual rate",0,-2.0,T10101
T10101,DGDSRL,3,Goods,2022Q2,Fisher Quantity Index,"Percent change, annual rate",0,-0.4,T10101
T10101,DGDSRL,3,Goods,2022Q3,Fisher Quantity Index,"Percent change, annual rate",0,-2.5,T10101
T10101,DGDSRL,3,Goods,2022Q4,Fisher Quantity Index,"Percent change, annual rate",0,-2.3,T10101
T10101,DGDSRL,3,Goods,2023Q1,Fisher Quantity Index,"Percent change, annual rate",0,7.2,T10101
T10101,DGDSRL,3,Goods,2023Q2,Fisher Quantity Index,"Percent change, annual rate",0,0.4,T10101
T10101,DGDSRL,3,Goods,2023Q3,Fisher Quantity Index,"Percent change, annual rate",0,4.4,T10101
T10101,DGDSRL,3,Goods,2023Q4,Fisher Quantity Index,"Percent change, annual rate",0,2.2,T10101
T10101,DGDSRL,3,Goods,2024Q1,Fisher Quantity Index,"Percent change, annual rate",0,-1.3,T10101
T10101,DGDSRL,3,Goods,2024Q2,Fisher Quantity Index,"Percent change, annual rate",0,5.5,T10101
T10101,DGDSRL,3,Goods,2024Q3,Fisher Quantity Index,"Percent change, annual rate",0,6.1,T10101
T10101,DGDSRL,3,Goods,2024Q4,Fisher Quantity Index,"Percent change, annual rate",0,6.9,T10101
T10101,DGDSRL,3,Goods,2025Q1,Fisher Quantity Index,"Percent change, annual rate",0,0.2,T10101
T10101,DGDSRL,3,Goods,2025Q2,Fisher Quantity Index,"Percent change, annual rate",0,2.2,T10101
T10101,DGDSRL,3,Goods,2025Q3,Fisher Quantity Index,"Percent change, annual rate",0,3.0,T10101
T10101,DDURRL,4,Durable goods,1947Q2,Fisher Quantity Index,"Percent change, annual rate",0,8.6,T10101
T10101,DDURRL,4,Durable goods,1947Q3,Fisher Quantity Index,"Percent change, annual rate",0,5.8,T10101
T10101,DDURRL,4,Durable goods,1947Q4,Fisher Quantity Index,"Percent change, annual rate",0,28.5,T10101
T10101,DDURRL,4,Durable goods,1948Q1,Fisher Quantity Index,"Percent change, annual rate",0,-1.9,T10101
T10101,DDURRL,4,Durable goods,1948Q2,Fisher Quantity Index,"Percent change, annual rate",0,2.7,T10101
T10101,DDURRL,4,Durable goods,1948Q3,Fisher Quantity Index,"Percent change, annual rate",0,6.8,T10101
T10101,DDURRL,4,Durable goods,1948Q4,Fisher Quantity Index,"Percent change, annual rate",0,-5.6,T10101
T10101,DDURRL,4,Durable goods,1949Q1,Fisher Quantity Index,"Percent change, annual rate",0,-7.1,T10101
T10101,DDURRL,4,Durable goods,1949Q2,Fisher Quantity Index,"Percent change, annual rate",0,39.5,T10101
T10101,DDURRL,4,Durable goods,1949Q3,Fisher Quantity Index,"Percent change, annual rate",0,20.5,T10101
T10101,DDURRL,4,Durable goods,1949Q4,Fisher Quantity Index,"Percent change, annual rate",0,16.9,T10101
T10101,DDURRL,4,Durable goods,1950Q1,Fisher Quantity Index,"Percent change, annual rate",0,16.2,T10101
T10101,DDURRL,4,Durable goods,1950Q2,Fisher Quantity Index,"Percent change, annual rate",0,3.4,T10101
T10101,DDURRL,4,Durable goods,1950Q3,Fisher Quantity Index,"Percent change, annual rate",0,134.2,T10101
T10101,DDURRL,4,Durable goods,1950Q4,Fisher Quantity Index,"Percent change, annual rate",0,-41.1,T10101
T10101,DDURRL,4,Durable goods,1951Q1,Fisher Quantity Index,"Percent change, annual rate",0,13.2,T10101
T10101,DDURRL,4,Durable goods,1951Q2,Fisher Quantity Index,"Percent change, annual rate",0,-46.2,T10101
T10101,DDURRL,4,Durable goods,1951Q3,Fisher Quantity Index,"Percent change, annual rate",0,-7.1,T10101
T10101,DDURRL,4,Durable goods,1951Q4,Fisher Quantity Index,"Percent change, annual rate",0,-1.2,T10101
T10101,DDURRL,4,Durable goods,1952Q1,Fisher Quantity Index,"Percent change, annual rate",0,2.3,T10101
T10101,DDURRL,4,Durable goods,1952Q2,Fisher Quantity Index,"Percent change, annual rate",0,8.0,T10101
T10101,DDURRL,4,Durable goods,1952Q3,Fisher Quantity Index,"Percent change, annual rate",0,-21.7,T10101
T10101,DDURRL,4,Durable goods,1952Q4,Fisher Quantity Index,"Percent change, annual rate",0,89.0,T10101
T10101,DDURRL,4,Durable goods,1953Q1,Fisher Quantity Index,"Percent change, annual rate",0,14.1,T10101
T10101,DDURRL,4,Durable goods,1953Q2,Fisher Quantity Index,"Percent change, annual rate",0,-2.3,T10101
T10101,DDURRL,4,Durable goods,1953Q3,Fisher Quantity Index,"Percent change, annual rate",0,-2.5,T10101
T10101,DDURRL,4,Durable goods,1953Q4,Fisher Quantity Index,"Percent change, annual rate",0,-10.7,T10101
T10101,DDURRL,4,Durable goods,1954Q1,Fisher Quantity Index,"Percent change, annual rate",0,-11.8,T10101
T10101,DDURRL,4,Durable goods,1954Q2,Fisher Quantity Index,"Percent change, annual rate",0,20.7,T10101
T10101,DDURRL,4,Durable goods,1954Q3,Fisher Quantity Index,"Percent change, annual rate",0,1.8,T10101
T10101,DDURRL,4,Durable goods,1954Q4,Fisher Quantity Index,"Percent change, annual rate",0,27.0,T10101
T10101,DDURRL,4,Durable goods,1955Q1,Fisher Quantity Index,"Percent change, annual rate",0,41.1,T10101
T10101,DDURRL,4,Durable goods,1955Q2,Fisher Quantity Index,"Percent change, annual rate",0,23.5,T10101
T10101,DDURRL,4,Durable goods,1955Q3,Fisher Quantity Index,"Percent change, annual rate",0,13.6,T10101
T10101,DDURRL,4,Durable goods,1955Q4,Fisher Quantity Index,"Percent change, annual rate",0,-10.2,T10101
T10101,DDURRL,4,Durable goods,1956Q1,Fisher Quantity Index,"Percent change, annual rate",0,-17.0,T10101
T10101,DDURRL,4,Durable goods,1956Q2,Fisher Quantity Index,"Percent change, annual rate",0,0.5,T10101
T10101,DDURRL,4,Durable goods,1956Q3,Fisher Quantity Index,"Percent change, annual rate",0,-6.8,T10101
T10101,DDURRL,4,Durable goods,1956Q4,Fisher Quantity Index,"Percent change, annual rate",0,13.5,T10101
T10101,DDURRL,4,Durable goods,1957Q1,Fisher Quantity Index,"Percent change, annual rate",0,7.6,T10101
T10101,DDURRL,4,Durable goods,1957Q2,Fisher Quantity Index,"Percent change, annual rate",0,-9.2,T10101
T10101,DDURRL,4,Durable goods,1957Q3,Fisher Quantity Index,"Percent change, annual rate",0,-2.7,T10101
T10101,DDURRL,4,Durable goods,1957Q4,Fisher Quantity Index,"Percent change, annual rate",0,-4.6,T10101
T10101,DDURRL,4,Durable goods,1958Q1,Fisher Quantity Index,"Percent change, annual rate",0,-24.0,T10101
T10101,DDURRL,4,Durable goods,1958Q2,Fisher Quantity Index,"Percent change, annual rate",0,-6.0,T10101
T10101,DDURRL,4,Durable goods,1958Q3,Fisher Quantity Index,"Percent change, annual rate",0,8.5,T10101
T10101,DDURRL,4,Durable goods,1958Q4,Fisher Quantity Index,"Percent change, annual rate",0,15.5,T10101
T10101,DDURRL,4,Durable goods,1959Q1,Fisher Quantity Index,"Percent change, annual rate",0,23.6,T10101
T10101,DDURRL,4,Durable goods,1959Q2,Fisher Quantity Index,"Percent change, annual rate",0,15.9,T10101
T10101,DDURRL,4,Durable goods,1959Q3,Fisher Quantity Index,"Percent change, annual rate",0,8.0,T10101
T10101,DDURRL,4,Durable goods,1959Q4,Fisher Quantity Index,"Percent change, annual rate",0,-17.8,T10101
T10101,DDURRL,4,Durable goods,1960Q1,Fisher Quantity Index,"Percent change, annual rate",0,13.5,T10101
T10101,DDURRL,4,Durable goods,1960Q2,Fisher Quantity Index,"Percent change, annual rate",0,9.4,T10101
T10101,DDURRL,4,Durable goods,1960Q3,Fisher Quantity Index,"Percent change, annual rate",0,-3.1,T10101
T10101,DDURRL,4,Durable goods,1960Q4,Fisher Quantity Index,"Percent change, annual rate",0,-9.6,T10101
T10101,DDURRL,4,Durable goods,1961Q1,Fisher Quantity Index,"Percent change, annual rate",0,-20.2,T10101
T10101,DDURRL,4,Durable goods,1961Q2,Fisher Quantity Index,"Percent change, annual rate",0,8.5,T10101
T10101,DDURRL,4,Durable goods,1961Q3,Fisher Quantity Index,"Percent change, annual rate",0,10.2,T10101
T10101,DDURRL,4,Durable goods,1961Q4,Fisher Quantity Index,"Percent change, annual rate",0,20.9,T10101
T10101,DDURRL,4,Durable goods,1962Q1,Fisher Quantity Index,"Percent change, annual rate",0,9.0,T10101
T10101,DDURRL,4,Durable goods,1962Q2,Fisher Quantity Index,"Percent change, annual rate",0,11.1,T10101
T10101,DDURRL,4,Durable goods,1962Q3,Fisher Quantity Index,"Percent change, annual rate",0,3.0,T10101
T10101,DDURRL,4,Durable goods,1962Q4,Fisher Quantity Index,"Percent change, annual rate",0,18.8,T10101
T10101,DDURRL,4,Durable goods,1963Q1,Fisher Quantity Index,"Percent change, annual rate",0,8.2,T10101
T10101,DDURRL,4,Durable goods,1963Q2,Fisher Quantity Index,"Percent change, annual rate",0,8.9,T10101
T10101,DDURRL,4,Durable goods,1963Q3,Fisher Quantity Index,"Percent change, annual rate",0,5.0,T10101
T10101,DDURRL,4,Durable goods,1963Q4,Fisher Quantity Index,"Percent change, annual rate",0,6.5,T10101
T10101,DDURRL,4,Durable goods,1964Q1,Fisher Quantity Index,"Percent change, annual rate",0,16.5,T10101
T10101,DDURRL,4,Durable goods,1964Q2,Fisher Quantity Index,"Percent change, annual rate",0,10.8,T10101
T10101,DDURRL,4,Durable goods,1964Q3,Fisher Quantity Index,"Percent change, annual rate",0,13.9,T10101
T10101,DDURRL,4,Durable goods,1964Q4,Fisher Quantity Index,"Percent change, annual rate",0,-11.7,T10101
T10101,DDURRL,4,Durable goods,1965Q1,Fisher Quantity Index,"Percent change, annual rate",0,42.7,T10101
T10101,DDURRL,4,Durable goods,1965Q2,Fisher Quantity Index,"Percent change, annual rate",0,0.7,T10101
T10101,DDURRL,4,Durable goods,1965Q3,Fisher Quantity Index,"Percent change, annual rate",0,14.4,T10101
T10101,DDURRL,4,Durable goods,1965Q4,Fisher Quantity Index,"Percent change, annual rate",0,17.9,T10101
T10101,DDURRL,4,Durable goods,1966Q1,Fisher Quantity Index,"Percent change, annual rate",0,20.4,T10101
T10101,DDURRL,4,Durable goods,1966Q2,Fisher Quantity Index,"Percent change, annual rate",0,-15.1,T10101
T10101,DDURRL,4,Durable goods,1966Q3,Fisher Quantity Index,"Percent change, annual rate",0,13.8,T10101
T10101,DDURRL,4,Durable goods,1966Q4,Fisher Quantity Index,"Percent change, annual rate",0,-0.2,T10101
T10101,DDURRL,4,Durable goods,1967Q1,Fisher Quantity Index,"Percent change, annual rate",0,-7.4,T10101
T10101,DDURRL,4,Durable goods,1967Q2,Fisher Quantity Index,"Percent change, annual rate",0,18.3,T10101
T10101,DDURRL,4,Durable goods,1967Q3,Fisher Quantity Index,"Percent change, annual rate",0,-3.1,T10101
T10101,DDURRL,4,Durable goods,1967Q4,Fisher Quantity Index,"Percent change, annual rate",0,1.0,T10101
T10101,DDURRL,4,Durable goods,1968Q1,Fisher Quantity Index,"Percent change, annual rate",0,27.3,T10101
T10101,DDURRL,4,Durable goods,1968Q2,Fisher Quantity Index,"Percent change, annual rate",0,8.8,T10101
T10101,DDURRL,4,Durable goods,1968Q3,Fisher Quantity Index,"Percent change, annual rate",0,19.2,T10101
T10101,DDURRL,4,Durable goods,1968Q4,Fisher Quantity Index,"Percent change, annual rate",0,-2.3,T10101
T10101,DDURRL,4,Durable goods,1969Q1,Fisher Quantity Index,"Percent change, annual rate",0,7.8,T10101
T10101,DDURRL,4,Durable goods,1969Q2,Fisher Quantity Index,"Percent change, annual rate",0,-1.1,T10101
T10101,DDURRL,4,Durable goods,1969Q3,Fisher Quantity Index,"Percent change, annual rate",0,-1.1,T10101
T10101,DDURRL,4,Durable goods,1969Q4,Fisher Quantity Index,"Percent change, annual rate",0,-1.5,T10101
T10101,DDURRL,4,Durable goods,1970Q1,Fisher Quantity Index,"Percent change, annual rate",0,-6.0,T10101
T10101,DDURRL,4,Durable goods,1970Q2,Fisher Quantity Index,"Percent change, annual rate",0,4.7,T10101
T10101,DDURRL,4,Durable goods,1970Q3,Fisher Quantity Index,"Percent change, annual rate",0,1.4,T10101
T10101,DDURRL,4,Durable goods,1970Q4,Fisher Quantity Index,"Percent change, annual rate",0,-24.0,T10101
T10101,DDURRL,4,Durable goods,1971Q1,Fisher Quantity Index,"Percent change, annual rate",0,50.4,T10101
T10101,DDURRL,4,Durable goods,1971Q2,Fisher Quantity Index,"Percent change, annual rate",0,9.4,T10101
T10101,DDURRL,4,Durable goods,1971Q3,Fisher Quantity Index,"Percent change, annual rate",0,11.1,T10101
T10101,DDURRL,4,Durable goods,1971Q4,Fisher Quantity Index,"Percent change, annual rate",0,18.2,T10101
T10101,DDURRL,4,Durable goods,1972Q1,Fisher Quantity Index,"Percent change, annual rate",0,9.5,T10101
T10101,DDURRL,4,Durable goods,1972Q2,Fisher Quantity Index,"Percent change, annual rate",0,10.4,T10101
T10101,DDURRL,4,Durable goods,1972Q3,Fisher Quantity Index,"Percent change, annual rate",0,10.7,T10101
T10101,DDURRL,4,Durable goods,1972Q4,Fisher Quantity Index,"Percent change, annual rate",0,22.9,T10101
T10101,DDURRL,4,Durable goods,1973Q1,Fisher Quantity Index,"Percent change, annual rate",0,28.0,T10101
T10101,DDURRL,4,Durable goods,1973Q2,Fisher Quantity Index,"Percent change, annual rate",0,-4.6,T10101
T10101,DDURRL,4,Durable goods,1973Q3,Fisher Quantity Index,"Percent change, annual rate",0,-3.5,T10101
T10101,DDURRL,4,Durable goods,1973Q4,Fisher Quantity Index,"Percent change, annual rate",0,-9.0,T10101
T10101,DDURRL,4,Durable goods,1974Q1,Fisher Quantity Index,"Percent change, annual rate",0,-9.0,T10101
T10101,DDURRL,4,Durable goods,1974Q2,Fisher Quantity Index,"Percent change, annual rate",0,2.2,T10101
T10101,DDURRL,4,Durable goods,1974Q3,Fisher Quantity Index,"Percent change, annual rate",0,2.4,T10101
T10101,DDURRL,4,Durable goods,1974Q4,Fisher Quantity Index,"Percent change, annual rate",0,-33.0,T10101
T10101,DDURRL,4,Durable goods,1975Q1,Fisher Quantity Index,"Percent change, annual rate",0,8.8,T10101
T10101,DDURRL,4,Durable goods,1975Q2,Fisher Quantity Index,"Percent change, annual rate",0,8.0,T10101
T10101,DDURRL,4,Durable goods,1975Q3,Fisher Quantity Index,"Percent change, annual rate",0,27.4,T10101
T10101,DDURRL,4,Durable goods,1975Q4,Fisher Quantity Index,"Percent change, annual rate",0,12.1,T10101
T10101,DDURRL,4,Durable goods,1976Q1,Fisher Quantity Index,"Percent change, annual rate",0,21.6,T10101
T10101,DDURRL,4,Durable goods,1976Q2,Fisher Quantity Index,"Percent change, annual rate",0,1.8,T10101
T10101,DDURRL,4,Durable goods,1976Q3,Fisher Quantity Index,"Percent change, annual rate",0,4.6,T10101
T10101,DDURRL,4,Durable goods,1976Q4,Fisher Quantity Index,"Percent change, annual rate",0,6.5,T10101
T10101,DDURRL,4,Durable goods,1977Q1,Fisher Quantity Index,"Percent change, annual rate",0,16.0,T10101
T10101,DDURRL,4,Durable goods,1977Q2,Fisher Quantity Index,"Percent change, annual rate",0,9.8,T10101
T10101,DDURRL,4,Durable goods,1977Q3,Fisher Quantity Index,"Percent change, annual rate",0,6.0,T10101
T10101,DDURRL,4,Durable goods,1977Q4,Fisher Quantity Index,"Percent change, annual rate",0,8.7,T10101
T10101,DDURRL,4,Durable goods,1978Q1,Fisher Quantity Index,"Percent change, annual rate",0,-10.2,T10101
T10101,DDURRL,4,Durable goods,1978Q2,Fisher Quantity Index,"Percent change, annual rate",0,33.3,T10101
T10101,DDURRL,4,Durable goods,1978Q3,Fisher Quantity Index,"Percent change, annual rate",0,-5.3,T10101
T10101,DDURRL,4,Durable goods,1978Q4,Fisher Quantity Index,"Percent change, annual rate",0,3.2,T10101
T10101,DDURRL,4,Durable goods,1979Q1,Fisher Quantity Index,"Percent change, annual rate",0,-4.7,T10101
T10101,DDURRL,4,Durable goods,1979Q2,Fisher Quantity Index,"Percent change, annual rate",0,-8.7,T10101
T10101,DDURRL,4,Durable goods,1979Q3,Fisher Quantity Index,"Percent change, annual rate",0,11.6,T10101
T10101,DDURRL,4,Durable goods,1979Q4,Fisher Quantity Index,"Percent change, annual rate",0,-9.9,T10101
T10101,DDURRL,4,Durable goods,1980Q1,Fisher Quantity Index,"Percent change, annual rate",0,-6.1,T10101
T10101,DDURRL,4,Durable goods,1980Q2,Fisher Quantity Index,"Percent change, annual rate",0,-36.7,T10101
T10101,DDURRL,4,Durable goods,1980Q3,Fisher Quantity Index,"Percent change, annual rate",0,19.0,T10101
T10101,DDURRL,4,Durable goods,1980Q4,Fisher Quantity Index,"Percent change, annual rate",0,12.8,T10101
T10101,DDURRL,4,Durable goods,1981Q1,Fisher Quantity Index,"Percent change, annual rate",0,11.9,T10101
T10101,DDURRL,4,Durable goods,1981Q2,Fisher Quantity Index,"Percent change, annual rate",0,-14.7,T10101
T10101,DDURRL,4,Durable goods,1981Q3,Fisher Quantity Index,"Percent change, annual rate",0,12.7,T10101
T10101,DDURRL,4,Durable goods,1981Q4,Fisher Quantity Index,"Percent change, annual rate",0,-25.8,T10101
T10101,DDURRL,4,Durable goods,1982Q1,Fisher Quantity Index,"Percent change, annual rate",0,13.4,T10101
T10101,DDURRL,4,Durable goods,1982Q2,Fisher Quantity Index,"Percent change, annual rate",0,1.5,T10101
T10101,DDURRL,4,Durable goods,1982Q3,Fisher Quantity Index,"Percent change, annual rate",0,3.3,T10101
T10101,DDURRL,4,Durable goods,1982Q4,Fisher Quantity Index,"Percent change, annual rate",0,19.5,T10101
T10101,DDURRL,4,Durable goods,1983Q1,Fisher Quantity Index,"Percent change, annual rate",0,4.1,T10101
T10101,DDURRL,4,Durable goods,1983Q2,Fisher Quantity Index,"Percent change, annual rate",0,32.5,T10101
T10101,DDURRL,4,Durable goods,1983Q3,Fisher Quantity Index,"Percent change, annual rate",0,16.3,T10101
T10101,DDURRL,4,Durable goods,1983Q4,Fisher Quantity Index,"Percent change, annual rate",0,21.2,T10101
T10101,DDURRL,4,Durable goods,1984Q1,Fisher Quantity Index,"Percent change, annual rate",0,16.0,T10101
T10101,DDURRL,4,Durable goods,1984Q2,Fisher Quantity Index,"Percent change, annual rate",0,9.6,T10101
T10101,DDURRL,4,Durable goods,1984Q3,Fisher Quantity Index,"Percent change, annual rate",0,0.1,T10101
T10101,DDURRL,4,Durable goods,1984Q4,Fisher Quantity Index,"Percent change, annual rate",0,13.6,T10101
T10101,DDURRL,4,Durable goods,1985Q1,Fisher Quantity Index,"Percent change, annual rate",0,14.6,T10101
T10101,DDURRL,4,Durable goods,1985Q2,Fisher Quantity Index,"Percent change, annual rate",0,4.9,T10101
T10101,DDURRL,4,Durable goods,1985Q3,Fisher Quantity Index,"Percent change, annual rate",0,28.2,T10101
T10101,DDURRL,4,Durable goods,1985Q4,Fisher Quantity Index,"Percent change, annual rate",0,-13.1,T10101
T10101,DDURRL,4,Durable goods,1986Q1,Fisher Quantity Index,"Percent change, annual rate",0,8.4,T10101
T10101,DDURRL,4,Durable goods,1986Q2,Fisher Quantity Index,"Percent change, annual rate",0,14.9,T10101
T10101,DDURRL,4,Durable goods,1986Q3,Fisher Quantity Index,"Percent change, annual rate",0,38.7,T10101
T10101,DDURRL,4,Durable goods,1986Q4,Fisher Quantity Index,"Percent change, annual rate",0,-6.2,T10101
T10101,DDURRL,4,Durable goods,1987Q1,Fisher Quantity Index,"Percent change, annual rate",0,-21.7,T10101
T10101,DDURRL,4,Durable goods,1987Q2,Fisher Quantity Index,"Percent change, annual rate",0,17.4,T10101
T10101,DDURRL,4,Durable goods,1987Q3,Fisher Quantity Index,"Percent change, annual rate",0,17.6,T10101
T10101,DDURRL,4,Durable goods,1987Q4,Fisher Quantity Index,"Percent change, annual rate",0,-10.4,T10101
T10101,DDURRL,4,Durable goods,1988Q1,Fisher Quantity Index,"Percent change, annual rate",0,20.3,T10101
T10101,DDURRL,4,Durable goods,1988Q2,Fisher Quantity Index,"Percent change, annual rate",0,0.2,T10101
T10101,DDURRL,4,Durable goods,1988Q3,Fisher Quantity Index,"Percent change, annual rate",0,-5.1,T10101
T10101,DDURRL,4,Durable goods,1988Q4,Fisher Quantity Index,"Percent change, annual rate",0,10.8,T10101
T10101,DDURRL,4,Durable goods,1989Q1,Fisher Quantity Index,"Percent change, annual rate",0,-1.8,T10101
T10101,DDURRL,4,Durable goods,1989Q2,Fisher Quantity Index,"Percent change, annual rate",0,5.4,T10101
T10101,DDURRL,4,Durable goods,1989Q3,Fisher Quantity Index,"Percent change, annual rate",0,9.4,T10101
T10101,DDURRL,4,Durable goods,1989Q4,Fisher Quantity Index,"Percent change, annual rate",0,-11.6,T10101
T10101,DDURRL,4,Durable goods,1990Q1,Fisher Quantity Index,"Percent change, annual rate",0,18.0,T10101
T10101,DDURRL,4,Durable goods,1990Q2,Fisher Quantity Index,"Percent change, annual rate",0,-12.6,T10101
T10101,DDURRL,4,Durable goods,1990Q3,Fisher Quantity Index,"Percent change, annual rate",0,-4.0,T10101
T10101,DDURRL,4,Durable goods,1990Q4,Fisher Quantity Index,"Percent change, annual rate",0,-10.6,T10101
T10101,DDURRL,4,Durable goods,1991Q1,Fisher Quantity Index,"Percent change, annual rate",0,-10.6,T10101
T10101,DDURRL,4,Durable goods,1991Q2,Fisher Quantity Index,"Percent change, annual rate",0,2.0,T10101
T10101,DDURRL,4,Durable goods,1991Q3,Fisher Quantity Index,"Percent change, annual rate",0,6.3,T10101
T10101,DDURRL,4,Durable goods,1991Q4,Fisher Quantity Index,"Percent change, annual rate",0,-6.4,T10101
T10101,DDURRL,4,Durable goods,1992Q1,Fisher Quantity Index,"Percent change, annual rate",0,16.6,T10101
T10101,DDURRL,4,Durable goods,1992Q2,Fisher Quantity Index,"Percent change, annual rate",0,2.8,T10101
T10101,DDURRL,4,Durable goods,1992Q3,Fisher Quantity Index,"Percent change, annual rate",0,8.8,T10101
T10101,DDURRL,4,Durable goods,1992Q4,Fisher Quantity Index,"Percent change, annual rate",0,8.2,T10101
T10101,DDURRL,4,Durable goods,1993Q1,Fisher Quantity Index,"Percent change, annual rate",0,3.9,T10101
T10101,DDURRL,4,Durable goods,1993Q2,Fisher Quantity Index,"Percent change, annual rate",0,13.6,T10101
T10101,DDURRL,4,Durable goods,1993Q3,Fisher Quantity Index,"Percent change, annual rate",0,4.5,T10101
T10101,DDURRL,4,Durable goods,1993Q4,Fisher Quantity Index,"Percent change, annual rate",0,10.0,T10101
T10101,DDURRL,4,Durable goods,1994Q1,Fisher Quantity Index,"Percent change, annual rate",0,9.9,T10101
T10101,DDURRL,4,Durable goods,1994Q2,Fisher Quantity Index,"Percent change, annual rate",0,4.4,T10101
T10101,DDURRL,4,Durable goods,1994Q3,Fisher Quantity Index,"Percent change, annual rate",0,4.3,T10101
T10101,DDURRL,4,Durable goods,1994Q4,Fisher Quantity Index,"Percent change, annual rate",0,14.8,T10101
T10101,DDURRL,4,Durable goods,1995Q1,Fisher Quantity Index,"Percent change, annual rate",0,-8.0,T10101
T10101,DDURRL,4,Durable goods,1995Q2,Fisher Quantity Index,"Percent change, annual rate",0,4.1,T10101
T10101,DDURRL,4,Durable goods,1995Q3,Fisher Quantity Index,"Percent change, annual rate",0,11.8,T10101
T10101,DDURRL,4,Durable goods,1995Q4,Fisher Quantity Index,"Percent change, annual rate",0,7.1,T10101
T10101,DDURRL,4,Durable goods,1996Q1,Fisher Quantity Index,"Percent change, annual rate",0,4.4,T10101
T10101,DDURRL,4,Durable goods,1996Q2,Fisher Quantity Index,"Percent change, annual rate",0,13.3,T10101
T10101,DDURRL,4,Durable goods,1996Q3,Fisher Quantity Index,"Percent change, annual rate",0,2.9,T10101
T10101,DDURRL,4,Durable goods,1996Q4,Fisher Quantity Index,"Percent change, annual rate",0,8.0,T10101
T10101,DDURRL,4,Durable goods,1997Q1,Fisher Quantity Index,"Percent change, annual rate",0,11.3,T10101
T10101,DDURRL,4,Durable goods,1997Q2,Fisher Quantity Index,"Percent change, annual rate",0,-1.3,T10101
T10101,DDURRL,4,Durable goods,1997Q3,Fisher Quantity Index,"Percent change, annual rate",0,19.1,T10101
T10101,DDURRL,4,Durable goods,1997Q4,Fisher Quantity Index,"Percent change, annual rate",0,10.6,T10101
T10101,DDURRL,4,Durable goods,1998Q1,Fisher Quantity Index,"Percent change, annual rate",0,3.3,T10101
T10101,DDURRL,4,Durable goods,1998Q2,Fisher Quantity Index,"Percent change, annual rate",0,21.8,T10101
T10101,DDURRL,4,Durable goods,1998Q3,Fisher Quantity Index,"Percent change, annual rate",0,11.9,T10101
T10101,DDURRL,4,Durable goods,1998Q4,Fisher Quantity Index,"Percent change, annual rate",0,25.8,T10101
T10101,DDURRL,4,Durable goods,1999Q1,Fisher Quantity Index,"Percent change, annual rate",0,0.9,T10101
T10101,DDURRL,4,Durable goods,1999Q2,Fisher Quantity Index,"Percent change, annual rate",0,20.5,T10101
T10101,DDURRL,4,Durable goods,1999Q3,Fisher Quantity Index,"Percent change, annual rate",0,9.9,T10101
T10101,DDURRL,4,Durable goods,1999Q4,Fisher Quantity Index,"Percent change, annual rate",0,4.9,T10101
T10101,DDURRL,4,Durable goods,2000Q1,Fisher Quantity Index,"Percent change, annual rate",0,24.3,T10101
T10101,DDURRL,4,Durable goods,2000Q2,Fisher Quantity Index,"Percent change, annual rate",0,-7.2,T10101
T10101,DDURRL,4,Durable goods,2000Q3,Fisher Quantity Index,"Percent change, annual rate",0,7.0,T10101
T10101,DDURRL,4,Durable goods,2000Q4,Fisher Quantity Index,"Percent change, annual rate",0,2.8,T10101
T10101,DDURRL,4,Durable goods,2001Q1,Fisher Quantity Index,"Percent change, annual rate",0,6.7,T10101
T10101,DDURRL,4,Durable goods,2001Q2,Fisher Quantity Index,"Percent change, annual rate",0,-0.3,T10101
T10101,DDURRL,4,Durable goods,2001Q3,Fisher Quantity Index,"Percent change, annual rate",0,4.7,T10101
T10101,DDURRL,4,Durable goods,2001Q4,Fisher Quantity Index,"Percent change, annual rate",0,37.7,T10101
T10101,DDURRL,4,Durable goods,2002Q1,Fisher Quantity Index,"Percent change, annual rate",0,-4.3,T10101
T10101,DDURRL,4,Durable goods,2002Q2,Fisher Quantity Index,"Percent change, annual rate",0,2.5,T10101
T10101,DDURRL,4,Durable goods,2002Q3,Fisher Quantity Index,"Percent change, annual rate",0,12.5,T10101
T10101,DDURRL,4,Durable goods,2002Q4,Fisher Quantity Index,"Percent change, annual rate",0,-3.6,T10101
T10101,DDURRL,4,Durable goods,2003Q1,Fisher Quantity Index,"Percent change, annual rate",0,0.4,T10101
T10101,DDURRL,4,Durable goods,2003Q2,Fisher Quantity Index,"Percent change, annual rate",0,19.4,T10101
T10101,DDURRL,4,Durable goods,2003Q3,Fisher Quantity Index,"Percent change, annual rate",0,18.9,T10101
T10101,DDURRL,4,Durable goods,2003Q4,Fisher Quantity Index,"Percent change, annual rate",0,5.9,T10101
T10101,DDURRL,4,Durable goods,2004Q1,Fisher Quantity Index,"Percent change, annual rate",0,7.2,T10101
T10101,DDURRL,4,Durable goods,2004Q2,Fisher Quantity Index,"Percent change, annual rate",0,1.0,T10101
T10101,DDURRL,4,Durable goods,2004Q3,Fisher Quantity Index,"Percent change, annual rate",0,10.7,T10101
T10101,DDURRL,4,Durable goods,2004Q4,Fisher Quantity Index,"Percent change, annual rate",0,7.8,T10101
T10101,DDURRL,4,Durable goods,2005Q1,Fisher Quantity Index,"Percent change, annual rate",0,1.9,T10101
T10101,DDURRL,4,Durable goods,2005Q2,Fisher Quantity Index,"Percent change, annual rate",0,11.1,T10101
T10101,DDURRL,4,Durable goods,2005Q3,Fisher Quantity Index,"Percent change, annual rate",0,8.1,T10101
T10101,DDURRL,4,Durable goods,2005Q4,Fisher Quantity Index,"Percent change, annual rate",0,-11.4,T10101
T10101,DDURRL,4,Durable goods,2006Q1,Fisher Quantity Index,"Percent change, annual rate",0,16.9,T10101
T10101,DDURRL,4,Durable goods,2006Q2,Fisher Quantity Index,"Percent change, annual rate",0,0.2,T10101
T10101,DDURRL,4,Durable goods,2006Q3,Fisher Quantity Index,"Percent change, annual rate",0,5.9,T10101
T10101,DDURRL,4,Durable goods,2006Q4,Fisher Quantity Index,"Percent change, annual rate",0,5.8,T10101
T10101,DDURRL,4,Durable goods,2007Q1,Fisher Quantity Index,"Percent change, annual rate",0,5.5,T10101
T10101,DDURRL,4,Durable goods,2007Q2,Fisher Quantity Index,"Percent change, annual rate",0,4.3,T10101
T10101,DDURRL,4,Durable goods,2007Q3,Fisher Quantity Index,"Percent change, annual rate",0,5.0,T10101
T10101,DDURRL,4,Durable goods,2007Q4,Fisher Quantity Index,"Percent change, annual rate",0,3.0,T10101
T10101,DDURRL,4,Durable goods,2008Q1,Fisher Quantity Index,"Percent change, annual rate",0,-12.3,T10101
T10101,DDURRL,4,Durable goods,2008Q2,Fisher Quantity Index,"Percent change, annual rate",0,-2.8,T10101
T10101,DDURRL,4,Durable goods,2008Q3,Fisher Quantity Index,"Percent change, annual rate",0,-12.8,T10101
T10101,DDURRL,4,Durable goods,2008Q4,Fisher Quantity Index,"Percent change, annual rate",0,-26.3,T10101
T10101,DDURRL,4,Durable goods,2009Q1,Fisher Quantity Index,"Percent change, annual rate",0,0.7,T10101
T10101,DDURRL,4,Durable goods,2009Q2,Fisher Quantity Index,"Percent change, annual rate",0,-2.9,T10101
T10101,DDURRL,4,Durable goods,2009Q3,Fisher Quantity Index,"Percent change, annual rate",0,20.9,T10101
T10101,DDURRL,4,Durable goods,2009Q4,Fisher Quantity Index,"Percent change, annual rate",0,-9.1,T10101
T10101,DDURRL,4,Durable goods,2010Q1,Fisher Quantity Index,"Percent change, annual rate",0,5.0,T10101
T10101,DDURRL,4,Durable goods,2010Q2,Fisher Quantity Index,"Percent change, annual rate",0,13.2,T10101
T10101,DDURRL,4,Durable goods,2010Q3,Fisher Quantity Index,"Percent change, annual rate",0,6.4,T10101
T10101,DDURRL,4,Durable goods,2010Q4,Fisher Quantity Index,"Percent change, annual rate",0,11.7,T10101
T10101,DDURRL,4,Durable goods,2011Q1,Fisher Quantity Index,"Percent change, annual rate",0,3.5,T10101
T10101,DDURRL,4,Durable goods,2011Q2,Fisher Quantity Index,"Percent change, annual rate",0,-2.8,T10101
T10101,DDURRL,4,Durable goods,2011Q3,Fisher Quantity Index,"Percent change, annual rate",0,3.6,T10101
T10101,DDURRL,4,Durable goods,2011Q4,Fisher Quantity Index,"Percent change, annual rate",0,9.9,T10101
T10101,DDURRL,4,Durable goods,2012Q1,Fisher Quantity Index,"Percent change, annual rate",0,10.1,T10101
T10101,DDURRL,4,Durable goods,2012Q2,Fisher Quantity Index,"Percent change, annual rate",0,0.8,T10101
T10101,DDURRL,4,Durable goods,2012Q3,Fisher Quantity Index,"Percent change, annual rate",0,5.3,T10101
T10101,DDURRL,4,Durable goods,2012Q4,Fisher Quantity Index,"Percent change, annual rate",0,9.4,T10101
T10101,DDURRL,4,Durable goods,2013Q1,Fisher Quantity Index,"Percent change, annual rate",0,10.4,T10101
T10101,DDURRL,4,Durable goods,2013Q2,Fisher Quantity Index,"Percent change, annual rate",0,2.0,T10101
T10101,DDURRL,4,Durable goods,2013Q3,Fisher Quantity Index,"Percent change, annual rate",0,3.7,T10101
T10101,DDURRL,4,Durable goods,2013Q4,Fisher Quantity Index,"Percent change, annual rate",0,4.2,T10101
T10101,DDURRL,4,Durable goods,2014Q1,Fisher Quantity Index,"Percent change, annual rate",0,6.9,T10101
T10101,DDURRL,4,Durable goods,2014Q2,Fisher Quantity Index,"Percent change, annual rate",0,15.8,T10101
T10101,DDURRL,4,Durable goods,2014Q3,Fisher Quantity Index,"Percent change, annual rate",0,7.1,T10101
T10101,DDURRL,4,Durable goods,2014Q4,Fisher Quantity Index,"Percent change, annual rate",0,8.0,T10101
T10101,DDURRL,4,Durable goods,2015Q1,Fisher Quantity Index,"Percent change, annual rate",0,7.9,T10101
T10101,DDURRL,4,Durable goods,2015Q2,Fisher Quantity Index,"Percent change, annual rate",0,8.3,T10101
T10101,DDURRL,4,Durable goods,2015Q3,Fisher Quantity Index,"Percent change, annual rate",0,5.3,T10101
T10101,DDURRL,4,Durable goods,2015Q4,Fisher Quantity Index,"Percent change, annual rate",0,2.6,T10101
T10101,DDURRL,4,Durable goods,2016Q1,Fisher Quantity Index,"Percent change, annual rate",0,5.4,T10101
T10101,DDURRL,4,Durable goods,2016Q2,Fisher Quantity Index,"Percent change, annual rate",0,3.4,T10101
T10101,DDURRL,4,Durable goods,2016Q3,Fisher Quantity Index,"Percent change, annual rate",0,10.7,T10101
T10101,DDURRL,4,Durable goods,2016Q4,Fisher Quantity Index,"Percent change, annual rate",0,6.4,T10101
T10101,DDURRL,4,Durable goods,2017Q1,Fisher Quantity Index,"Percent change, annual rate",0,3.3,T10101
T10101,DDURRL,4,Durable goods,2017Q2,Fisher Quantity Index,"Percent change, annual rate",0,5.2,T10101
T10101,DDURRL,4,Durable goods,2017Q3,Fisher Quantity Index,"Percent change, annual rate",0,10.7,T10101
T10101,DDURRL,4,Durable goods,2017Q4,Fisher Quantity Index,"Percent change, annual rate",0,15.7,T10101
T10101,DDURRL,4,Durable goods,2018Q1,Fisher Quantity Index,"Percent change, annual rate",0,5.3,T10101
T10101,DDURRL,4,Durable goods,2018Q2,Fisher Quantity Index,"Percent change, annual rate",0,2.3,T10101
T10101,DDURRL,4,Durable goods,2018Q3,Fisher Quantity Index,"Percent change, annual rate",0,2.9,T10101
T10101,DDURRL,4,Durable goods,2018Q4,Fisher Quantity Index,"Percent change, annual rate",0,0.7,T10101
T10101,DDURRL,4,Durable goods,2019Q1,Fisher Quantity Index,"Percent change, annual rate",0,-3.5,T10101
T10101,DDURRL,4,Durable goods,2019Q2,Fisher Quantity Index,"Percent change, annual rate",0,12.2,T10101
T10101,DDURRL,4,Durable goods,2019Q3,Fisher Quantity Index,"Percent change, annual rate",0,9.8,T10101
T10101,DDURRL,4,Durable goods,2019Q4,Fisher Quantity Index,"Percent change, annual rate",0,3.3,T10101
T10101,DDURRL,4,Durable goods,2020Q1,Fisher Quantity Index,"Percent change, annual rate",0,-15.0,T10101
T10101,DDURRL,4,Durable goods,2020Q2,Fisher Quantity Index,"Percent change, annual rate",0,-1.1,T10101
T10101,DDURRL,4,Durable goods,2020Q3,Fisher Quantity Index,"Percent change, annual rate",0,96.1,T10101
T10101,DDURRL,4,Durable goods,2020Q4,Fisher Quantity Index,"Percent change, annual rate",0,2.7,T10101
T10101,DDURRL,4,Durable goods,2021Q1,Fisher Quantity Index,"Percent change, annual rate",0,30.6,T10101
T10101,DDURRL,4,Durable goods,2021Q2,Fisher Quantity Index,"Percent change, annual rate",0,17.0,T10101
T10101,DDURRL,4,Durable goods,2021Q3,Fisher Quantity Index,"Percent change, annual rate",0,-23.7,T10101
T10101,DDURRL,4,Durable goods,2021Q4,Fisher Quantity Index,"Percent change, annual rate",0,6.2,T10101
T10101,DDURRL,4,Durable goods,2022Q1,Fisher Quantity Index,"Percent change, annual rate",0,0.0,T10101
T10101,DDURRL,4,Durable goods,2022Q2,Fisher Quantity Index,"Percent change, annual rate",0,-1.3,T10101
T10101,DDURRL,4,Durable goods,2022Q3,Fisher Quantity Index,"Percent change, annual rate",0,-1.5,T10101
T10101,DDURRL,4,Durable goods,2022Q4,Fisher Quantity Index,"Percent change, annual rate",0,-4.8,T10101
T10101,DDURRL,4,Durable goods,2023Q1,Fisher Quantity Index,"Percent change, annual rate",0,18.0,T10101
T10101,DDURRL,4,Durable goods,2023Q2,Fisher Quantity Index,"Percent change, annual rate",0,0.1,T10101
T10101,DDURRL,4,Durable goods,2023Q3,Fisher Quantity Index,"Percent change, annual rate",0,6.3,T10101
T10101,DDURRL,4,Durable goods,2023Q4,Fisher Quantity Index,"Percent change, annual rate",0,0.2,T10101
T10101,DDURRL,4,Durable goods,2024Q1,Fisher Quantity Index,"Percent change, annual rate",0,-0.9,T10101
T10101,DDURRL,4,Durable goods,2024Q2,Fisher Quantity Index,"Percent change, annual rate",0,7.8,T10101
T10101,DDURRL,4,Durable goods,2024Q3,Fisher Quantity Index,"Percent change, annual rate",0,8.6,T10101
T10101,DDURRL,4,Durable goods,2024Q4,Fisher Quantity Index,"Percent change, annual rate",0,13.0,T10101
T10101,DDURRL,4,Durable goods,2025Q1,Fisher Quantity Index,"Percent change, annual rate",0,-3.4,T10101
T10101,DDURRL,4,Durable goods,2025Q2,Fisher Quantity Index,"Percent change, annual rate",0,2.3,T10101
T10101,DDURRL,4,Durable goods,2025Q3,Fisher Quantity Index,"Percent change, annual rate",0,1.6,T10101
T10101,DNDGRL,5,Nondurable goods,1947Q2,Fisher Quantity Index,"Percent change, annual rate",0,7.0,T10101
T10101,DNDGRL,5,Nondurable goods,1947Q3,Fisher Quantity Index,"Percent change, annual rate",0,1.9,T10101
T10101,DNDGRL,5,Nondurable goods,1947Q4,Fisher Quantity Index,"Percent change, annual rate",0,-5.1,T10101
T10101,DNDGRL,5,Nondurable goods,1948Q1,Fisher Quantity Index,"Percent change, annual rate",0,1.3,T10101
T10101,DNDGRL,5,Nondurable goods,1948Q2,Fisher Quantity Index,"Percent change, annual rate",0,4.0,T10101
T10101,DNDGRL,5,Nondurable goods,1948Q3,Fisher Quantity Index,"Percent change, annual rate",0,-2.4,T10101
T10101,DNDGRL,5,Nondurable goods,1948Q4,Fisher Quantity Index,"Percent change, annual rate",0,5.3,T10101
T10101,DNDGRL,5,Nondurable goods,1949Q1,Fisher Quantity Index,"Percent change, annual rate",0,1.6,T10101
T10101,DNDGRL,5,Nondurable goods,1949Q2,Fisher Quantity Index,"Percent change, annual rate",0,1.1,T10101
T10101,DNDGRL,5,Nondurable goods,1949Q3,Fisher Quantity Index,"Percent change, annual rate",0,-3.4,T10101
T10101,DNDGRL,5,Nondurable goods,1949Q4,Fisher Quantity Index,"Percent change, annual rate",0,6.7,T10101
T10101,DNDGRL,5,Nondurable goods,1950Q1,Fisher Quantity Index,"Percent change, annual rate",0,5.2,T10101
T10101,DNDGRL,5,Nondurable goods,1950Q2,Fisher Quantity Index,"Percent change, annual rate",0,4.7,T10101
T10101,DNDGRL,5,Nondurable goods,1950Q3,Fisher Quantity Index,"Percent change, annual rate",0,7.1,T10101
T10101,DNDGRL,5,Nondurable goods,1950Q4,Fisher Quantity Index,"Percent change, annual rate",0,-8.6,T10101
T10101,DNDGRL,5,Nondurable goods,1951Q1,Fisher Quantity Index,"Percent change, annual rate",0,7.5,T10101
T10101,DNDGRL,5,Nondurable goods,1951Q2,Fisher Quantity Index,"Percent change, annual rate",0,-5.7,T10101
T10101,DNDGRL,5,Nondurable goods,1951Q3,Fisher Quantity Index,"Percent change, annual rate",0,8.7,T10101
T10101,DNDGRL,5,Nondurable goods,1951Q4,Fisher Quantity Index,"Percent change, annual rate",0,4.8,T10101
T10101,DNDGRL,5,Nondurable goods,1952Q1,Fisher Quantity Index,"Percent change, annual rate",0,-3.3,T10101
T10101,DNDGRL,5,Nondurable goods,1952Q2,Fisher Quantity Index,"Percent change, annual rate",0,9.6,T10101
T10101,DNDGRL,5,Nondurable goods,1952Q3,Fisher Quantity Index,"Percent change, annual rate",0,7.2,T10101
T10101,DNDGRL,5,Nondurable goods,1952Q4,Fisher Quantity Index,"Percent change, annual rate",0,6.0,T10101
T10101,DNDGRL,5,Nondurable goods,1953Q1,Fisher Quantity Index,"Percent change, annual rate",0,2.5,T10101
T10101,DNDGRL,5,Nondurable goods,1953Q2,Fisher Quantity Index,"Percent change, annual rate",0,1.8,T10101
T10101,DNDGRL,5,Nondurable goods,1953Q3,Fisher Quantity Index,"Percent change, annual rate",0,-3.6,T10101
T10101,DNDGRL,5,Nondurable goods,1953Q4,Fisher Quantity Index,"Percent change, annual rate",0,0.6,T10101
T10101,DNDGRL,5,Nondurable goods,1954Q1,Fisher Quantity Index,"Percent change, annual rate",0,3.9,T10101
T10101,DNDGRL,5,Nondurable goods,1954Q2,Fisher Quantity Index,"Percent change, annual rate",0,-1.1,T10101
T10101,DNDGRL,5,Nondurable goods,1954Q3,Fisher Quantity Index,"Percent change, annual rate",0,5.1,T10101
T10101,DNDGRL,5,Nondurable goods,1954Q4,Fisher Quantity Index,"Percent change, annual rate",0,6.9,T10101
T10101,DNDGRL,5,Nondurable goods,1955Q1,Fisher Quantity Index,"Percent change, annual rate",0,4.2,T10101
T10101,DNDGRL,5,Nondurable goods,1955Q2,Fisher Quantity Index,"Percent change, annual rate",0,7.6,T10101
T10101,DNDGRL,5,Nondurable goods,1955Q3,Fisher Quantity Index,"Percent change, annual rate",0,2.7,T10101
T10101,DNDGRL,5,Nondurable goods,1955Q4,Fisher Quantity Index,"Percent change, annual rate",0,8.4,T10101
T10101,DNDGRL,5,Nondurable goods,1956Q1,Fisher Quantity Index,"Percent change, annual rate",0,4.6,T10101
T10101,DNDGRL,5,Nondurable goods,1956Q2,Fisher Quantity Index,"Percent change, annual rate",0,-1.0,T10101
T10101,DNDGRL,5,Nondurable goods,1956Q3,Fisher Quantity Index,"Percent change, annual rate",0,0.3,T10101
T10101,DNDGRL,5,Nondurable goods,1956Q4,Fisher Quantity Index,"Percent change, annual rate",0,3.2,T10101
T10101,DNDGRL,5,Nondurable goods,1957Q1,Fisher Quantity Index,"Percent change, annual rate",0,2.4,T10101
T10101,DNDGRL,5,Nondurable goods,1957Q2,Fisher Quantity Index,"Percent change, annual rate",0,1.5,T10101
T10101,DNDGRL,5,Nondurable goods,1957Q3,Fisher Quantity Index,"Percent change, annual rate",0,5.7,T10101
T10101,DNDGRL,5,Nondurable goods,1957Q4,Fisher Quantity Index,"Percent change, annual rate",0,-2.6,T10101
T10101,DNDGRL,5,Nondurable goods,1958Q1,Fisher Quantity Index,"Percent change, annual rate",0,-3.5,T10101
T10101,DNDGRL,5,Nondurable goods,1958Q2,Fisher Quantity Index,"Percent change, annual rate",0,3.7,T10101
T10101,DNDGRL,5,Nondurable goods,1958Q3,Fisher Quantity Index,"Percent change, annual rate",0,7.5,T10101
T10101,DNDGRL,5,Nondurable goods,1958Q4,Fisher Quantity Index,"Percent change, annual rate",0,5.6,T10101
T10101,DNDGRL,5,Nondurable goods,1959Q1,Fisher Quantity Index,"Percent change, annual rate",0,5.3,T10101
T10101,DNDGRL,5,Nondurable goods,1959Q2,Fisher Quantity Index,"Percent change, annual rate",0,3.4,T10101
T10101,DNDGRL,5,Nondurable goods,1959Q3,Fisher Quantity Index,"Percent change, annual rate",0,1.5,T10101
T10101,DNDGRL,5,Nondurable goods,1959Q4,Fisher Quantity Index,"Percent change, annual rate",0,2.5,T10101
T10101,DNDGRL,5,Nondurable goods,1960Q1,Fisher Quantity Index,"Percent change, annual rate",0,1.0,T10101
T10101,DNDGRL,5,Nondurable goods,1960Q2,Fisher Quantity Index,"Percent change, annual rate",0,4.4,T10101
T10101,DNDGRL,5,Nondurable goods,1960Q3,Fisher Quantity Index,"Percent change, annual rate",0,-2.3,T10101
T10101,DNDGRL,5,Nondurable goods,1960Q4,Fisher Quantity Index,"Percent change, annual rate",0,0.3,T10101
T10101,DNDGRL,5,Nondurable goods,1961Q1,Fisher Quantity Index,"Percent change, annual rate",0,2.4,T10101
T10101,DNDGRL,5,Nondurable goods,1961Q2,Fisher Quantity Index,"Percent change, annual rate",0,5.5,T10101
T10101,DNDGRL,5,Nondurable goods,1961Q3,Fisher Quantity Index,"Percent change, annual rate",0,0.3,T10101
T10101,DNDGRL,5,Nondurable goods,1961Q4,Fisher Quantity Index,"Percent change, annual rate",0,5.6,T10101
T10101,DNDGRL,5,Nondurable goods,1962Q1,Fisher Quantity Index,"Percent change, annual rate",0,3.4,T10101
T10101,DNDGRL,5,Nondurable goods,1962Q2,Fisher Quantity Index,"Percent change, annual rate",0,1.6,T10101
T10101,DNDGRL,5,Nondurable goods,1962Q3,Fisher Quantity Index,"Percent change, annual rate",0,3.1,T10101
T10101,DNDGRL,5,Nondurable goods,1962Q4,Fisher Quantity Index,"Percent change, annual rate",0,2.3,T10101
T10101,DNDGRL,5,Nondurable goods,1963Q1,Fisher Quantity Index,"Percent change, annual rate",0,2.2,T10101
T10101,DNDGRL,5,Nondurable goods,1963Q2,Fisher Quantity Index,"Percent change, annual rate",0,1.4,T10101
T10101,DNDGRL,5,Nondurable goods,1963Q3,Fisher Quantity Index,"Percent change, annual rate",0,3.7,T10101
T10101,DNDGRL,5,Nondurable goods,1963Q4,Fisher Quantity Index,"Percent change, annual rate",0,-0.5,T10101
T10101,DNDGRL,5,Nondurable goods,1964Q1,Fisher Quantity Index,"Percent change, annual rate",0,7.0,T10101
T10101,DNDGRL,5,Nondurable goods,1964Q2,Fisher Quantity Index,"Percent change, annual rate",0,7.8,T10101
T10101,DNDGRL,5,Nondurable goods,1964Q3,Fisher Quantity Index,"Percent change, annual rate",0,8.1,T10101
T10101,DNDGRL,5,Nondurable goods,1964Q4,Fisher Quantity Index,"Percent change, annual rate",0,0.8,T10101
T10101,DNDGRL,5,Nondurable goods,1965Q1,Fisher Quantity Index,"Percent change, annual rate",0,3.9,T10101
T10101,DNDGRL,5,Nondurable goods,1965Q2,Fisher Quantity Index,"Percent change, annual rate",0,3.9,T10101
T10101,DNDGRL,5,Nondurable goods,1965Q3,Fisher Quantity Index,"Percent change, annual rate",0,6.1,T10101
T10101,DNDGRL,5,Nondurable goods,1965Q4,Fisher Quantity Index,"Percent change, annual rate",0,15.7,T10101
T10101,DNDGRL,5,Nondurable goods,1966Q1,Fisher Quantity Index,"Percent change, annual rate",0,2.9,T10101
T10101,DNDGRL,5,Nondurable goods,1966Q2,Fisher Quantity Index,"Percent change, annual rate",0,3.8,T10101
T10101,DNDGRL,5,Nondurable goods,1966Q3,Fisher Quantity Index,"Percent change, annual rate",0,2.9,T10101
T10101,DNDGRL,5,Nondurable goods,1966Q4,Fisher Quantity Index,"Percent change, annual rate",0,-1.1,T10101
T10101,DNDGRL,5,Nondurable goods,1967Q1,Fisher Quantity Index,"Percent change, annual rate",0,4.6,T10101
T10101,DNDGRL,5,Nondurable goods,1967Q2,Fisher Quantity Index,"Percent change, annual rate",0,3.0,T10101
T10101,DNDGRL,5,Nondurable goods,1967Q3,Fisher Quantity Index,"Percent change, annual rate",0,-0.4,T10101
T10101,DNDGRL,5,Nondurable goods,1967Q4,Fisher Quantity Index,"Percent change, annual rate",0,1.8,T10101
T10101,DNDGRL,5,Nondurable goods,1968Q1,Fisher Quantity Index,"Percent change, annual rate",0,8.1,T10101
T10101,DNDGRL,5,Nondurable goods,1968Q2,Fisher Quantity Index,"Percent change, annual rate",0,5.0,T10101
T10101,DNDGRL,5,Nondurable goods,1968Q3,Fisher Quantity Index,"Percent change, annual rate",0,6.5,T10101
T10101,DNDGRL,5,Nondurable goods,1968Q4,Fisher Quantity Index,"Percent change, annual rate",0,0.1,T10101
T10101,DNDGRL,5,Nondurable goods,1969Q1,Fisher Quantity Index,"Percent change, annual rate",0,4.5,T10101
T10101,DNDGRL,5,Nondurable goods,1969Q2,Fisher Quantity Index,"Percent change, annual rate",0,0.9,T10101
T10101,DNDGRL,5,Nondurable goods,1969Q3,Fisher Quantity Index,"Percent change, annual rate",0,1.5,T10101
T10101,DNDGRL,5,Nondurable goods,1969Q4,Fisher Quantity Index,"Percent change, annual rate",0,2.7,T10101
T10101,DNDGRL,5,Nondurable goods,1970Q1,Fisher Quantity Index,"Percent change, annual rate",0,3.5,T10101
T10101,DNDGRL,5,Nondurable goods,1970Q2,Fisher Quantity Index,"Percent change, annual rate",0,-0.3,T10101
T10101,DNDGRL,5,Nondurable goods,1970Q3,Fisher Quantity Index,"Percent change, annual rate",0,2.9,T10101
T10101,DNDGRL,5,Nondurable goods,1970Q4,Fisher Quantity Index,"Percent change, annual rate",0,4.8,T10101
T10101,DNDGRL,5,Nondurable goods,1971Q1,Fisher Quantity Index,"Percent change, annual rate",0,1.6,T10101
T10101,DNDGRL,5,Nondurable goods,1971Q2,Fisher Quantity Index,"Percent change, annual rate",0,0.9,T10101
T10101,DNDGRL,5,Nondurable goods,1971Q3,Fisher Quantity Index,"Percent change, annual rate",0,-0.8,T10101
T10101,DNDGRL,5,Nondurable goods,1971Q4,Fisher Quantity Index,"Percent change, annual rate",0,2.7,T10101
T10101,DNDGRL,5,Nondurable goods,1972Q1,Fisher Quantity Index,"Percent change, annual rate",0,1.3,T10101
T10101,DNDGRL,5,Nondurable goods,1972Q2,Fisher Quantity Index,"Percent change, annual rate",0,11.3,T10101
T10101,DNDGRL,5,Nondurable goods,1972Q3,Fisher Quantity Index,"Percent change, annual rate",0,5.6,T10101
T10101,DNDGRL,5,Nondurable goods,1972Q4,Fisher Quantity Index,"Percent change, annual rate",0,7.8,T10101
T10101,DNDGRL,5,Nondurable goods,1973Q1,Fisher Quantity Index,"Percent change, annual rate",0,2.4,T10101
T10101,DNDGRL,5,Nondurable goods,1973Q2,Fisher Quantity Index,"Percent change, annual rate",0,-3.3,T10101
T10101,DNDGRL,5,Nondurable goods,1973Q3,Fisher Quantity Index,"Percent change, annual rate",0,1.9,T10101
T10101,DNDGRL,5,Nondurable goods,1973Q4,Fisher Quantity Index,"Percent change, annual rate",0,-1.6,T10101
T10101,DNDGRL,5,Nondurable goods,1974Q1,Fisher Quantity Index,"Percent change, annual rate",0,-5.3,T10101
T10101,DNDGRL,5,Nondurable goods,1974Q2,Fisher Quantity Index,"Percent change, annual rate",0,-2.6,T10101
T10101,DNDGRL,5,Nondurable goods,1974Q3,Fisher Quantity Index,"Percent change, annual rate",0,0.9,T10101
T10101,DNDGRL,5,Nondurable goods,1974Q4,Fisher Quantity Index,"Percent change, annual rate",0,-6.9,T10101
T10101,DNDGRL,5,Nondurable goods,1975Q1,Fisher Quantity Index,"Percent change, annual rate",0,0.8,T10101
T10101,DNDGRL,5,Nondurable goods,1975Q2,Fisher Quantity Index,"Percent change, annual rate",0,9.2,T10101
T10101,DNDGRL,5,Nondurable goods,1975Q3,Fisher Quantity Index,"Percent change, annual rate",0,4.0,T10101
T10101,DNDGRL,5,Nondurable goods,1975Q4,Fisher Quantity Index,"Percent change, annual rate",0,-1.0,T10101
T10101,DNDGRL,5,Nondurable goods,1976Q1,Fisher Quantity Index,"Percent change, annual rate",0,8.3,T10101
T10101,DNDGRL,5,Nondurable goods,1976Q2,Fisher Quantity Index,"Percent change, annual rate",0,6.3,T10101
T10101,DNDGRL,5,Nondurable goods,1976Q3,Fisher Quantity Index,"Percent change, annual rate",0,3.1,T10101
T10101,DNDGRL,5,Nondurable goods,1976Q4,Fisher Quantity Index,"Percent change, annual rate",0,4.3,T10101
T10101,DNDGRL,5,Nondurable goods,1977Q1,Fisher Quantity Index,"Percent change, annual rate",0,-0.3,T10101
T10101,DNDGRL,5,Nondurable goods,1977Q2,Fisher Quantity Index,"Percent change, annual rate",0,0.0,T10101
T10101,DNDGRL,5,Nondurable goods,1977Q3,Fisher Quantity Index,"Percent change, annual rate",0,2.0,T10101
T10101,DNDGRL,5,Nondurable goods,1977Q4,Fisher Quantity Index,"Percent change, annual rate",0,8.9,T10101
T10101,DNDGRL,5,Nondurable goods,1978Q1,Fisher Quantity Index,"Percent change, annual rate",0,1.7,T10101
T10101,DNDGRL,5,Nondurable goods,1978Q2,Fisher Quantity Index,"Percent change, annual rate",0,3.1,T10101
T10101,DNDGRL,5,Nondurable goods,1978Q3,Fisher Quantity Index,"Percent change, annual rate",0,3.1,T10101
T10101,DNDGRL,5,Nondurable goods,1978Q4,Fisher Quantity Index,"Percent change, annual rate",0,5.3,T10101
T10101,DNDGRL,5,Nondurable goods,1979Q1,Fisher Quantity Index,"Percent change, annual rate",0,1.8,T10101
T10101,DNDGRL,5,Nondurable goods,1979Q2,Fisher Quantity Index,"Percent change, annual rate",0,-0.8,T10101
T10101,DNDGRL,5,Nondurable goods,1979Q3,Fisher Quantity Index,"Percent change, annual rate",0,4.8,T10101
T10101,DNDGRL,5,Nondurable goods,1979Q4,Fisher Quantity Index,"Percent change, annual rate",0,2.1,T10101
T10101,DNDGRL,5,Nondurable goods,1980Q1,Fisher Quantity Index,"Percent change, annual rate",0,-0.2,T10101
T10101,DNDGRL,5,Nondurable goods,1980Q2,Fisher Quantity Index,"Percent change, annual rate",0,-5.3,T10101
T10101,DNDGRL,5,Nondurable goods,1980Q3,Fisher Quantity Index,"Percent change, annual rate",0,-1.0,T10101
T10101,DNDGRL,5,Nondurable goods,1980Q4,Fisher Quantity Index,"Percent change, annual rate",0,1.6,T10101
T10101,DNDGRL,5,Nondurable goods,1981Q1,Fisher Quantity Index,"Percent change, annual rate",0,3.6,T10101
T10101,DNDGRL,5,Nondurable goods,1981Q2,Fisher Quantity Index,"Percent change, annual rate",0,1.8,T10101
T10101,DNDGRL,5,Nondurable goods,1981Q3,Fisher Quantity Index,"Percent change, annual rate",0,0.9,T10101
T10101,DNDGRL,5,Nondurable goods,1981Q4,Fisher Quantity Index,"Percent change, annual rate",0,1.5,T10101
T10101,DNDGRL,5,Nondurable goods,1982Q1,Fisher Quantity Index,"Percent change, annual rate",0,0.7,T10101
T10101,DNDGRL,5,Nondurable goods,1982Q2,Fisher Quantity Index,"Percent change, annual rate",0,-0.7,T10101
T10101,DNDGRL,5,Nondurable goods,1982Q3,Fisher Quantity Index,"Percent change, annual rate",0,1.7,T10101
T10101,DNDGRL,5,Nondurable goods,1982Q4,Fisher Quantity Index,"Percent change, annual rate",0,4.2,T10101
T10101,DNDGRL,5,Nondurable goods,1983Q1,Fisher Quantity Index,"Percent change, annual rate",0,1.3,T10101
T10101,DNDGRL,5,Nondurable goods,1983Q2,Fisher Quantity Index,"Percent change, annual rate",0,4.8,T10101
T10101,DNDGRL,5,Nondurable goods,1983Q3,Fisher Quantity Index,"Percent change, annual rate",0,6.2,T10101
T10101,DNDGRL,5,Nondurable goods,1983Q4,Fisher Quantity Index,"Percent change, annual rate",0,5.0,T10101
T10101,DNDGRL,5,Nondurable goods,1984Q1,Fisher Quantity Index,"Percent change, annual rate",0,1.0,T10101
T10101,DNDGRL,5,Nondurable goods,1984Q2,Fisher Quantity Index,"Percent change, annual rate",0,9.0,T10101
T10101,DNDGRL,5,Nondurable goods,1984Q3,Fisher Quantity Index,"Percent change, annual rate",0,0.3,T10101
T10101,DNDGRL,5,Nondurable goods,1984Q4,Fisher Quantity Index,"Percent change, annual rate",0,3.1,T10101
T10101,DNDGRL,5,Nondurable goods,1985Q1,Fisher Quantity Index,"Percent change, annual rate",0,2.5,T10101
T10101,DNDGRL,5,Nondurable goods,1985Q2,Fisher Quantity Index,"Percent change, annual rate",0,3.2,T10101
T10101,DNDGRL,5,Nondurable goods,1985Q3,Fisher Quantity Index,"Percent change, annual rate",0,3.3,T10101
T10101,DNDGRL,5,Nondurable goods,1985Q4,Fisher Quantity Index,"Percent change, annual rate",0,3.6,T10101
T10101,DNDGRL,5,Nondurable goods,1986Q1,Fisher Quantity Index,"Percent change, annual rate",0,5.2,T10101
T10101,DNDGRL,5,Nondurable goods,1986Q2,Fisher Quantity Index,"Percent change, annual rate",0,3.6,T10101
T10101,DNDGRL,5,Nondurable goods,1986Q3,Fisher Quantity Index,"Percent change, annual rate",0,0.8,T10101
T10101,DNDGRL,5,Nondurable goods,1986Q4,Fisher Quantity Index,"Percent change, annual rate",0,3.3,T10101
T10101,DNDGRL,5,Nondurable goods,1987Q1,Fisher Quantity Index,"Percent change, annual rate",0,0.5,T10101
T10101,DNDGRL,5,Nondurable goods,1987Q2,Fisher Quantity Index,"Percent change, annual rate",0,3.1,T10101
T10101,DNDGRL,5,Nondurable goods,1987Q3,Fisher Quantity Index,"Percent change, annual rate",0,0.3,T10101
T10101,DNDGRL,5,Nondurable goods,1987Q4,Fisher Quantity Index,"Percent change, annual rate",0,0.5,T10101
T10101,DNDGRL,5,Nondurable goods,1988Q1,Fisher Quantity Index,"Percent change, annual rate",0,4.4,T10101
T10101,DNDGRL,5,Nondurable goods,1988Q2,Fisher Quantity Index,"Percent change, annual rate",0,3.2,T10101
T10101,DNDGRL,5,Nondurable goods,1988Q3,Fisher Quantity Index,"Percent change, annual rate",0,2.8,T10101
T10101,DNDGRL,5,Nondurable goods,1988Q4,Fisher Quantity Index,"Percent change, annual rate",0,4.2,T10101
T10101,DNDGRL,5,Nondurable goods,1989Q1,Fisher Quantity Index,"Percent change, annual rate",0,1.8,T10101
T10101,DNDGRL,5,Nondurable goods,1989Q2,Fisher Quantity Index,"Percent change, annual rate",0,0.6,T10101
T10101,DNDGRL,5,Nondurable goods,1989Q3,Fisher Quantity Index,"Percent change, annual rate",0,4.1,T10101
T10101,DNDGRL,5,Nondurable goods,1989Q4,Fisher Quantity Index,"Percent change, annual rate",0,4.6,T10101
T10101,DNDGRL,5,Nondurable goods,1990Q1,Fisher Quantity Index,"Percent change, annual rate",0,-0.5,T10101
T10101,DNDGRL,5,Nondurable goods,1990Q2,Fisher Quantity Index,"Percent change, annual rate",0,0.4,T10101
T10101,DNDGRL,5,Nondurable goods,1990Q3,Fisher Quantity Index,"Percent change, annual rate",0,0.7,T10101
T10101,DNDGRL,5,Nondurable goods,1990Q4,Fisher Quantity Index,"Percent change, annual rate",0,-4.0,T10101
T10101,DNDGRL,5,Nondurable goods,1991Q1,Fisher Quantity Index,"Percent change, annual rate",0,0.2,T10101
T10101,DNDGRL,5,Nondurable goods,1991Q2,Fisher Quantity Index,"Percent change, annual rate",0,2.4,T10101
T10101,DNDGRL,5,Nondurable goods,1991Q3,Fisher Quantity Index,"Percent change, annual rate",0,0.7,T10101
T10101,DNDGRL,5,Nondurable goods,1991Q4,Fisher Quantity Index,"Percent change, annual rate",0,-3.4,T10101
T10101,DNDGRL,5,Nondurable goods,1992Q1,Fisher Quantity Index,"Percent change, annual rate",0,6.1,T10101
T10101,DNDGRL,5,Nondurable goods,1992Q2,Fisher Quantity Index,"Percent change, annual rate",0,1.7,T10101
T10101,DNDGRL,5,Nondurable goods,1992Q3,Fisher Quantity Index,"Percent change, annual rate",0,2.4,T10101
T10101,DNDGRL,5,Nondurable goods,1992Q4,Fisher Quantity Index,"Percent change, annual rate",0,4.1,T10101
T10101,DNDGRL,5,Nondurable goods,1993Q1,Fisher Quantity Index,"Percent change, annual rate",0,0.4,T10101
T10101,DNDGRL,5,Nondurable goods,1993Q2,Fisher Quantity Index,"Percent change, annual rate",0,3.2,T10101
T10101,DNDGRL,5,Nondurable goods,1993Q3,Fisher Quantity Index,"Percent change, annual rate",0,4.0,T10101
T10101,DNDGRL,5,Nondurable goods,1993Q4,Fisher Quantity Index,"Percent change, annual rate",0,2.8,T10101
T10101,DNDGRL,5,Nondurable goods,1994Q1,Fisher Quantity Index,"Percent change, annual rate",0,5.5,T10101
T10101,DNDGRL,5,Nondurable goods,1994Q2,Fisher Quantity Index,"Percent change, annual rate",0,3.2,T10101
T10101,DNDGRL,5,Nondurable goods,1994Q3,Fisher Quantity Index,"Percent change, annual rate",0,3.5,T10101
T10101,DNDGRL,5,Nondurable goods,1994Q4,Fisher Quantity Index,"Percent change, annual rate",0,4.3,T10101
T10101,DNDGRL,5,Nondurable goods,1995Q1,Fisher Quantity Index,"Percent change, annual rate",0,1.4,T10101
T10101,DNDGRL,5,Nondurable goods,1995Q2,Fisher Quantity Index,"Percent change, annual rate",0,2.0,T10101
T10101,DNDGRL,5,Nondurable goods,1995Q3,Fisher Quantity Index,"Percent change, annual rate",0,1.4,T10101
T10101,DNDGRL,5,Nondurable goods,1995Q4,Fisher Quantity Index,"Percent change, annual rate",0,2.1,T10101
T10101,DNDGRL,5,Nondurable goods,1996Q1,Fisher Quantity Index,"Percent change, annual rate",0,2.6,T10101
T10101,DNDGRL,5,Nondurable goods,1996Q2,Fisher Quantity Index,"Percent change, annual rate",0,5.2,T10101
T10101,DNDGRL,5,Nondurable goods,1996Q3,Fisher Quantity Index,"Percent change, annual rate",0,2.9,T10101
T10101,DNDGRL,5,Nondurable goods,1996Q4,Fisher Quantity Index,"Percent change, annual rate",0,3.3,T10101
T10101,DNDGRL,5,Nondurable goods,1997Q1,Fisher Quantity Index,"Percent change, annual rate",0,2.4,T10101
T10101,DNDGRL,5,Nondurable goods,1997Q2,Fisher Quantity Index,"Percent change, annual rate",0,0.2,T10101
T10101,DNDGRL,5,Nondurable goods,1997Q3,Fisher Quantity Index,"Percent change, annual rate",0,6.6,T10101
T10101,DNDGRL,5,Nondurable goods,1997Q4,Fisher Quantity Index,"Percent change, annual rate",0,2.8,T10101
T10101,DNDGRL,5,Nondurable goods,1998Q1,Fisher Quantity Index,"Percent change, annual rate",0,2.9,T10101
T10101,DNDGRL,5,Nondurable goods,1998Q2,Fisher Quantity Index,"Percent change, annual rate",0,5.0,T10101
T10101,DNDGRL,5,Nondurable goods,1998Q3,Fisher Quantity Index,"Percent change, annual rate",0,2.9,T10101
T10101,DNDGRL,5,Nondurable goods,1998Q4,Fisher Quantity Index,"Percent change, annual rate",0,5.6,T10101
T10101,DNDGRL,5,Nondurable goods,1999Q1,Fisher Quantity Index,"Percent change, annual rate",0,7.6,T10101
T10101,DNDGRL,5,Nondurable goods,1999Q2,Fisher Quantity Index,"Percent change, annual rate",0,3.8,T10101
T10101,DNDGRL,5,Nondurable goods,1999Q3,Fisher Quantity Index,"Percent change, annual rate",0,1.9,T10101
T10101,DNDGRL,5,Nondurable goods,1999Q4,Fisher Quantity Index,"Percent change, annual rate",0,8.4,T10101
T10101,DNDGRL,5,Nondurable goods,2000Q1,Fisher Quantity Index,"Percent change, annual rate",0,-3.5,T10101
T10101,DNDGRL,5,Nondurable goods,2000Q2,Fisher Quantity Index,"Percent change, annual rate",0,8.2,T10101
T10101,DNDGRL,5,Nondurable goods,2000Q3,Fisher Quantity Index,"Percent change, annual rate",0,2.7,T10101
T10101,DNDGRL,5,Nondurable goods,2000Q4,Fisher Quantity Index,"Percent change, annual rate",0,3.9,T10101
T10101,DNDGRL,5,Nondurable goods,2001Q1,Fisher Quantity Index,"Percent change, annual rate",0,-2.4,T10101
T10101,DNDGRL,5,Nondurable goods,2001Q2,Fisher Quantity Index,"Percent change, annual rate",0,1.9,T10101
T10101,DNDGRL,5,Nondurable goods,2001Q3,Fisher Quantity Index,"Percent change, annual rate",0,1.9,T10101
T10101,DNDGRL,5,Nondurable goods,2001Q4,Fisher Quantity Index,"Percent change, annual rate",0,3.4,T10101
T10101,DNDGRL,5,Nondurable goods,2002Q1,Fisher Quantity Index,"Percent change, annual rate",0,1.7,T10101
T10101,DNDGRL,5,Nondurable goods,2002Q2,Fisher Quantity Index,"Percent change, annual rate",0,0.3,T10101
T10101,DNDGRL,5,Nondurable goods,2002Q3,Fisher Quantity Index,"Percent change, annual rate",0,0.7,T10101
T10101,DNDGRL,5,Nondurable goods,2002Q4,Fisher Quantity Index,"Percent change, annual rate",0,4.9,T10101
T10101,DNDGRL,5,Nondurable goods,2003Q1,Fisher Quantity Index,"Percent change, annual rate",0,3.3,T10101
T10101,DNDGRL,5,Nondurable goods,2003Q2,Fisher Quantity Index,"Percent change, annual rate",0,3.2,T10101
T10101,DNDGRL,5,Nondurable goods,2003Q3,Fisher Quantity Index,"Percent change, annual rate",0,7.6,T10101
T10101,DNDGRL,5,Nondurable goods,2003Q4,Fisher Quantity Index,"Percent change, annual rate",0,2.3,T10101
T10101,DNDGRL,5,Nondurable goods,2004Q1,Fisher Quantity Index,"Percent change, annual rate",0,3.1,T10101
T10101,DNDGRL,5,Nondurable goods,2004Q2,Fisher Quantity Index,"Percent change, annual rate",0,1.6,T10101
T10101,DNDGRL,5,Nondurable goods,2004Q3,Fisher Quantity Index,"Percent change, annual rate",0,2.9,T10101
T10101,DNDGRL,5,Nondurable goods,2004Q4,Fisher Quantity Index,"Percent change, annual rate",0,4.1,T10101
T10101,DNDGRL,5,Nondurable goods,2005Q1,Fisher Quantity Index,"Percent change, annual rate",0,3.8,T10101
T10101,DNDGRL,5,Nondurable goods,2005Q2,Fisher Quantity Index,"Percent change, annual rate",0,3.2,T10101
T10101,DNDGRL,5,Nondurable goods,2005Q3,Fisher Quantity Index,"Percent change, annual rate",0,1.5,T10101
T10101,DNDGRL,5,Nondurable goods,2005Q4,Fisher Quantity Index,"Percent change, annual rate",0,5.7,T10101
T10101,DNDGRL,5,Nondurable goods,2006Q1,Fisher Quantity Index,"Percent change, annual rate",0,4.2,T10101
T10101,DNDGRL,5,Nondurable goods,2006Q2,Fisher Quantity Index,"Percent change, annual rate",0,0.8,T10101
T10101,DNDGRL,5,Nondurable goods,2006Q3,Fisher Quantity Index,"Percent change, annual rate",0,2.3,T10101
T10101,DNDGRL,5,Nondurable goods,2006Q4,Fisher Quantity Index,"Percent change, annual rate",0,5.7,T10101
T10101,DNDGRL,5,Nondurable goods,2007Q1,Fisher Quantity Index,"Percent change, annual rate",0,1.4,T10101
T10101,DNDGRL,5,Nondurable goods,2007Q2,Fisher Quantity Index,"Percent change, annual rate",0,-0.8,T10101
T10101,DNDGRL,5,Nondurable goods,2007Q3,Fisher Quantity Index,"Percent change, annual rate",0,1.3,T10101
T10101,DNDGRL,5,Nondurable goods,2007Q4,Fisher Quantity Index,"Percent change, annual rate",0,-0.3,T10101
T10101,DNDGRL,5,Nondurable goods,2008Q1,Fisher Quantity Index,"Percent change, annual rate",0,-3.1,T10101
T10101,DNDGRL,5,Nondurable goods,2008Q2,Fisher Quantity Index,"Percent change, annual rate",0,0.6,T10101
T10101,DNDGRL,5,Nondurable goods,2008Q3,Fisher Quantity Index,"Percent change, annual rate",0,-5.7,T10101
T10101,DNDGRL,5,Nondurable goods,2008Q4,Fisher Quantity Index,"Percent change, annual rate",0,-3.8,T10101
T10101,DNDGRL,5,Nondurable goods,2009Q1,Fisher Quantity Index,"Percent change, annual rate",0,-0.2,T10101
T10101,DNDGRL,5,Nondurable goods,2009Q2,Fisher Quantity Index,"Percent change, annual rate",0,-2.4,T10101
T10101,DNDGRL,5,Nondurable goods,2009Q3,Fisher Quantity Index,"Percent change, annual rate",0,1.3,T10101
T10101,DNDGRL,5,Nondurable goods,2009Q4,Fisher Quantity Index,"Percent change, annual rate",0,1.3,T10101
T10101,DNDGRL,5,Nondurable goods,2010Q1,Fisher Quantity Index,"Percent change, annual rate",0,2.1,T10101
T10101,DNDGRL,5,Nondurable goods,2010Q2,Fisher Quantity Index,"Percent change, annual rate",0,2.2,T10101
T10101,DNDGRL,5,Nondurable goods,2010Q3,Fisher Quantity Index,"Percent change, annual rate",0,1.5,T10101
T10101,DNDGRL,5,Nondurable goods,2010Q4,Fisher Quantity Index,"Percent change, annual rate",0,3.0,T10101
T10101,DNDGRL,5,Nondurable goods,2011Q1,Fisher Quantity Index,"Percent change, annual rate",0,1.3,T10101
T10101,DNDGRL,5,Nondurable goods,2011Q2,Fisher Quantity Index,"Percent change, annual rate",0,-0.8,T10101
T10101,DNDGRL,5,Nondurable goods,2011Q3,Fisher Quantity Index,"Percent change, annual rate",0,-1.4,T10101
T10101,DNDGRL,5,Nondurable goods,2011Q4,Fisher Quantity Index,"Percent change, annual rate",0,-0.1,T10101
T10101,DNDGRL,5,Nondurable goods,2012Q1,Fisher Quantity Index,"Percent change, annual rate",0,3.0,T10101
T10101,DNDGRL,5,Nondurable goods,2012Q2,Fisher Quantity Index,"Percent change, annual rate",0,-0.5,T10101
T10101,DNDGRL,5,Nondurable goods,2012Q3,Fisher Quantity Index,"Percent change, annual rate",0,0.2,T10101
T10101,DNDGRL,5,Nondurable goods,2012Q4,Fisher Quantity Index,"Percent change, annual rate",0,0.0,T10101
T10101,DNDGRL,5,Nondurable goods,2013Q1,Fisher Quantity Index,"Percent change, annual rate",0,6.2,T10101
T10101,DNDGRL,5,Nondurable goods,2013Q2,Fisher Quantity Index,"Percent change, annual rate",0,0.4,T10101
T10101,DNDGRL,5,Nondurable goods,2013Q3,Fisher Quantity Index,"Percent change, annual rate",0,3.1,T10101
T10101,DNDGRL,5,Nondurable goods,2013Q4,Fisher Quantity Index,"Percent change, annual rate",0,3.9,T10101
T10101,DNDGRL,5,Nondurable goods,2014Q1,Fisher Quantity Index,"Percent change, annual rate",0,1.3,T10101
T10101,DNDGRL,5,Nondurable goods,2014Q2,Fisher Quantity Index,"Percent change, annual rate",0,4.1,T10101
T10101,DNDGRL,5,Nondurable goods,2014Q3,Fisher Quantity Index,"Percent change, annual rate",0,3.4,T10101
T10101,DNDGRL,5,Nondurable goods,2014Q4,Fisher Quantity Index,"Percent change, annual rate",0,4.9,T10101
T10101,DNDGRL,5,Nondurable goods,2015Q1,Fisher Quantity Index,"Percent change, annual rate",0,4.0,T10101
T10101,DNDGRL,5,Nondurable goods,2015Q2,Fisher Quantity Index,"Percent change, annual rate",0,2.4,T10101
T10101,DNDGRL,5,Nondurable goods,2015Q3,Fisher Quantity Index,"Percent change, annual rate",0,4.3,T10101
T10101,DNDGRL,5,Nondurable goods,2015Q4,Fisher Quantity Index,"Percent change, annual rate",0,1.5,T10101
T10101,DNDGRL,5,Nondurable goods,2016Q1,Fisher Quantity Index,"Percent change, annual rate",0,3.8,T10101
T10101,DNDGRL,5,Nondurable goods,2016Q2,Fisher Quantity Index,"Percent change, annual rate",0,3.6,T10101
T10101,DNDGRL,5,Nondurable goods,2016Q3,Fisher Quantity Index,"Percent change, annual rate",0,1.3,T10101
T10101,DNDGRL,5,Nondurable goods,2016Q4,Fisher Quantity Index,"Percent change, annual rate",0,0.7,T10101
T10101,DNDGRL,5,Nondurable goods,2017Q1,Fisher Quantity Index,"Percent change, annual rate",0,3.8,T10101
T10101,DNDGRL,5,Nondurable goods,2017Q2,Fisher Quantity Index,"Percent change, annual rate",0,3.9,T10101
T10101,DNDGRL,5,Nondurable goods,2017Q3,Fisher Quantity Index,"Percent change, annual rate",0,2.3,T10101
T10101,DNDGRL,5,Nondurable goods,2017Q4,Fisher Quantity Index,"Percent change, annual rate",0,5.3,T10101
T10101,DNDGRL,5,Nondurable goods,2018Q1,Fisher Quantity Index,"Percent change, annual rate",0,3.0,T10101
T10101,DNDGRL,5,Nondurable goods,2018Q2,Fisher Quantity Index,"Percent change, annual rate",0,0.3,T10101
T10101,DNDGRL,5,Nondurable goods,2018Q3,Fisher Quantity Index,"Percent change, annual rate",0,1.3,T10101
T10101,DNDGRL,5,Nondurable goods,2018Q4,Fisher Quantity Index,"Percent change, annual rate",0,2.8,T10101
T10101,DNDGRL,5,Nondurable goods,2019Q1,Fisher Quantity Index,"Percent change, annual rate",0,3.5,T10101
T10101,DNDGRL,5,Nondurable goods,2019Q2,Fisher Quantity Index,"Percent change, annual rate",0,4.6,T10101
T10101,DNDGRL,5,Nondurable goods,2019Q3,Fisher Quantity Index,"Percent change, annual rate",0,3.9,T10101
T10101,DNDGRL,5,Nondurable goods,2019Q4,Fisher Quantity Index,"Percent change, annual rate",0,0.4,T10101
T10101,DNDGRL,5,Nondurable goods,2020Q1,Fisher Quantity Index,"Percent change, annual rate",0,5.6,T10101
T10101,DNDGRL,5,Nondurable goods,2020Q2,Fisher Quantity Index,"Percent change, annual rate",0,-11.9,T10101
T10101,DNDGRL,5,Nondurable goods,2020Q3,Fisher Quantity Index,"Percent change, annual rate",0,29.9,T10101
T10101,DNDGRL,5,Nondurable goods,2020Q4,Fisher Quantity Index,"Percent change, annual rate",0,1.7,T10101
T10101,DNDGRL,5,Nondurable goods,2021Q1,Fisher Quantity Index,"Percent change, annual rate",0,10.8,T10101
T10101,DNDGRL,5,Nondurable goods,2021Q2,Fisher Quantity Index,"Percent change, annual rate",0,15.4,T10101
T10101,DNDGRL,5,Nondurable goods,2021Q3,Fisher Quantity Index,"Percent change, annual rate",0,0.8,T10101
T10101,DNDGRL,5,Nondurable goods,2021Q4,Fisher Quantity Index,"Percent change, annual rate",0,2.1,T10101
T10101,DNDGRL,5,Nondurable goods,2022Q1,Fisher Quantity Index,"Percent change, annual rate",0,-3.0,T10101
T10101,DNDGRL,5,Nondurable goods,2022Q2,Fisher Quantity Index,"Percent change, annual rate",0,0.1,T10101
T10101,DNDGRL,5,Nondurable goods,2022Q3,Fisher Quantity Index,"Percent change, annual rate",0,-3.0,T10101
T10101,DNDGRL,5,Nondurable goods,2022Q4,Fisher Quantity Index,"Percent change, annual rate",0,-0.9,T10101
T10101,DNDGRL,5,Nondurable goods,2023Q1,Fisher Quantity Index,"Percent change, annual rate",0,1.8,T10101
T10101,DNDGRL,5,Nondurable goods,2023Q2,Fisher Quantity Index,"Percent change, annual rate",0,0.6,T10101
T10101,DNDGRL,5,Nondurable goods,2023Q3,Fisher Quantity Index,"Percent change, annual rate",0,3.3,T10101
T10101,DNDGRL,5,Nondurable goods,2023Q4,Fisher Quantity Index,"Percent change, annual rate",0,3.2,T10101
T10101,DNDGRL,5,Nondurable goods,2024Q1,Fisher Quantity Index,"Percent change, annual rate",0,-1.6,T10101
T10101,DNDGRL,5,Nondurable goods,2024Q2,Fisher Quantity Index,"Percent change, annual rate",0,4.3,T10101
T10101,DNDGRL,5,Nondurable goods,2024Q3,Fisher Quantity Index,"Percent change, annual rate",0,4.8,T10101
T10101,DNDGRL,5,Nondurable goods,2024Q4,Fisher Quantity Index,"Percent change, annual rate",0,3.8,T10101
T10101,DNDGRL,5,Nondurable goods,2025Q1,Fisher Quantity Index,"Percent change, annual rate",0,2.2,T10101
T10101,DNDGRL,5,Nondurable goods,2025Q2,Fisher Quantity Index,"Percent change, annual rate",0,2.2,T10101
T10101,DNDGRL,5,Nondurable goods,2025Q3,Fisher Quantity Index,"Percent change, annual rate",0,3.9,T10101
T10101,DSERRL,6,Services,1947Q2,Fisher Quantity Index,"Percent change, annual rate",0,5.9,T10101
T10101,DSERRL,6,Services,1947Q3,Fisher Quantity Index,"Percent change, annual rate",0,-0.8,T10101
T10101,DSERRL,6,Services,1947Q4,Fisher Quantity Index,"Percent change, annual rate",0,-2.1,T10101
T10101,DSERRL,6,Services,1948Q1,Fisher Quantity Index,"Percent change, annual rate",0,4.3,T10101
T10101,DSERRL,6,Services,1948Q2,Fisher Quantity Index,"Percent change, annual rate",0,6.4,T10101
T10101,DSERRL,6,Services,1948Q3,Fisher Quantity Index,"Percent change, annual rate",0,2.1,T10101
T10101,DSERRL,6,Services,1948Q4,Fisher Quantity Index,"Percent change, annual rate",0,4.1,T10101
T10101,DSERRL,6,Services,1949Q1,Fisher Quantity Index,"Percent change, annual rate",0,2.6,T10101
T10101,DSERRL,6,Services,1949Q2,Fisher Quantity Index,"Percent change, annual rate",0,2.1,T10101
T10101,DSERRL,6,Services,1949Q3,Fisher Quantity Index,"Percent change, annual rate",0,-0.8,T10101
T10101,DSERRL,6,Services,1949Q4,Fisher Quantity Index,"Percent change, annual rate",0,1.2,T10101
T10101,DSERRL,6,Services,1950Q1,Fisher Quantity Index,"Percent change, annual rate",0,5.1,T10101
T10101,DSERRL,6,Services,1950Q2,Fisher Quantity Index,"Percent change, annual rate",0,10.5,T10101
T10101,DSERRL,6,Services,1950Q3,Fisher Quantity Index,"Percent change, annual rate",0,6.3,T10101
T10101,DSERRL,6,Services,1950Q4,Fisher Quantity Index,"Percent change, annual rate",0,2.6,T10101
T10101,DSERRL,6,Services,1951Q1,Fisher Quantity Index,"Percent change, annual rate",0,11.4,T10101
T10101,DSERRL,6,Services,1951Q2,Fisher Quantity Index,"Percent change, annual rate",0,2.8,T10101
T10101,DSERRL,6,Services,1951Q3,Fisher Quantity Index,"Percent change, annual rate",0,5.1,T10101
T10101,DSERRL,6,Services,1951Q4,Fisher Quantity Index,"Percent change, annual rate",0,1.0,T10101
T10101,DSERRL,6,Services,1952Q1,Fisher Quantity Index,"Percent change, annual rate",0,5.2,T10101
T10101,DSERRL,6,Services,1952Q2,Fisher Quantity Index,"Percent change, annual rate",0,6.3,T10101
T10101,DSERRL,6,Services,1952Q3,Fisher Quantity Index,"Percent change, annual rate",0,5.4,T10101
T10101,DSERRL,6,Services,1952Q4,Fisher Quantity Index,"Percent change, annual rate",0,5.8,T10101
T10101,DSERRL,6,Services,1953Q1,Fisher Quantity Index,"Percent change, annual rate",0,4.0,T10101
T10101,DSERRL,6,Services,1953Q2,Fisher Quantity Index,"Percent change, annual rate",0,4.8,T10101
T10101,DSERRL,6,Services,1953Q3,Fisher Quantity Index,"Percent change, annual rate",0,2.4,T10101
T10101,DSERRL,6,Services,1953Q4,Fisher Quantity Index,"Percent change, annual rate",0,-3.0,T10101
T10101,DSERRL,6,Services,1954Q1,Fisher Quantity Index,"Percent change, annual rate",0,3.8,T10101
T10101,DSERRL,6,Services,1954Q2,Fisher Quantity Index,"Percent change, annual rate",0,7.1,T10101
T10101,DSERRL,6,Services,1954Q3,Fisher Quantity Index,"Percent change, annual rate",0,7.1,T10101
T10101,DSERRL,6,Services,1954Q4,Fisher Quantity Index,"Percent change, annual rate",0,4.9,T10101
T10101,DSERRL,6,Services,1955Q1,Fisher Quantity Index,"Percent change, annual rate",0,4.7,T10101
T10101,DSERRL,6,Services,1955Q2,Fisher Quantity Index,"Percent change, annual rate",0,3.0,T10101
T10101,DSERRL,6,Services,1955Q3,Fisher Quantity Index,"Percent change, annual rate",0,4.1,T10101
T10101,DSERRL,6,Services,1955Q4,Fisher Quantity Index,"Percent change, annual rate",0,8.2,T10101
T10101,DSERRL,6,Services,1956Q1,Fisher Quantity Index,"Percent change, annual rate",0,3.9,T10101
T10101,DSERRL,6,Services,1956Q2,Fisher Quantity Index,"Percent change, annual rate",0,3.9,T10101
T10101,DSERRL,6,Services,1956Q3,Fisher Quantity Index,"Percent change, annual rate",0,4.3,T10101
T10101,DSERRL,6,Services,1956Q4,Fisher Quantity Index,"Percent change, annual rate",0,5.3,T10101
T10101,DSERRL,6,Services,1957Q1,Fisher Quantity Index,"Percent change, annual rate",0,1.6,T10101
T10101,DSERRL,6,Services,1957Q2,Fisher Quantity Index,"Percent change, annual rate",0,3.5,T10101
T10101,DSERRL,6,Services,1957Q3,Fisher Quantity Index,"Percent change, annual rate",0,2.9,T10101
T10101,DSERRL,6,Services,1957Q4,Fisher Quantity Index,"Percent change, annual rate",0,4.4,T10101
T10101,DSERRL,6,Services,1958Q1,Fisher Quantity Index,"Percent change, annual rate",0,-0.6,T10101
T10101,DSERRL,6,Services,1958Q2,Fisher Quantity Index,"Percent change, annual rate",0,6.0,T10101
T10101,DSERRL,6,Services,1958Q3,Fisher Quantity Index,"Percent change, annual rate",0,5.7,T10101
T10101,DSERRL,6,Services,1958Q4,Fisher Quantity Index,"Percent change, annual rate",0,2.7,T10101
T10101,DSERRL,6,Services,1959Q1,Fisher Quantity Index,"Percent change, annual rate",0,5.1,T10101
T10101,DSERRL,6,Services,1959Q2,Fisher Quantity Index,"Percent change, annual rate",0,6.1,T10101
T10101,DSERRL,6,Services,1959Q3,Fisher Quantity Index,"Percent change, annual rate",0,5.5,T10101
T10101,DSERRL,6,Services,1959Q4,Fisher Quantity Index,"Percent change, annual rate",0,4.9,T10101
T10101,DSERRL,6,Services,1960Q1,Fisher Quantity Index,"Percent change, annual rate",0,3.7,T10101
T10101,DSERRL,6,Services,1960Q2,Fisher Quantity Index,"Percent change, annual rate",0,4.5,T10101
T10101,DSERRL,6,Services,1960Q3,Fisher Quantity Index,"Percent change, annual rate",0,-0.5,T10101
T10101,DSERRL,6,Services,1960Q4,Fisher Quantity Index,"Percent change, annual rate",0,3.9,T10101
T10101,DSERRL,6,Services,1961Q1,Fisher Quantity Index,"Percent change, annual rate",0,4.0,T10101
T10101,DSERRL,6,Services,1961Q2,Fisher Quantity Index,"Percent change, annual rate",0,6.0,T10101
T10101,DSERRL,6,Services,1961Q3,Fisher Quantity Index,"Percent change, annual rate",0,1.2,T10101
T10101,DSERRL,6,Services,1961Q4,Fisher Quantity Index,"Percent change, annual rate",0,7.3,T10101
T10101,DSERRL,6,Services,1962Q1,Fisher Quantity Index,"Percent change, annual rate",0,3.8,T10101
T10101,DSERRL,6,Services,1962Q2,Fisher Quantity Index,"Percent change, annual rate",0,6.1,T10101
T10101,DSERRL,6,Services,1962Q3,Fisher Quantity Index,"Percent change, annual rate",0,3.5,T10101
T10101,DSERRL,6,Services,1962Q4,Fisher Quantity Index,"Percent change, annual rate",0,5.1,T10101
T10101,DSERRL,6,Services,1963Q1,Fisher Quantity Index,"Percent change, annual rate",0,1.8,T10101
T10101,DSERRL,6,Services,1963Q2,Fisher Quantity Index,"Percent change, annual rate",0,4.3,T10101
T10101,DSERRL,6,Services,1963Q3,Fisher Quantity Index,"Percent change, annual rate",0,7.2,T10101
T10101,DSERRL,6,Services,1963Q4,Fisher Quantity Index,"Percent change, annual rate",0,5.6,T10101
T10101,DSERRL,6,Services,1964Q1,Fisher Quantity Index,"Percent change, annual rate",0,6.5,T10101
T10101,DSERRL,6,Services,1964Q2,Fisher Quantity Index,"Percent change, annual rate",0,5.8,T10101
T10101,DSERRL,6,Services,1964Q3,Fisher Quantity Index,"Percent change, annual rate",0,5.4,T10101
T10101,DSERRL,6,Services,1964Q4,Fisher Quantity Index,"Percent change, annual rate",0,5.6,T10101
T10101,DSERRL,6,Services,1965Q1,Fisher Quantity Index,"Percent change, annual rate",0,4.7,T10101
T10101,DSERRL,6,Services,1965Q2,Fisher Quantity Index,"Percent change, annual rate",0,6.2,T10101
T10101,DSERRL,6,Services,1965Q3,Fisher Quantity Index,"Percent change, annual rate",0,5.6,T10101
T10101,DSERRL,6,Services,1965Q4,Fisher Quantity Index,"Percent change, annual rate",0,7.0,T10101
T10101,DSERRL,6,Services,1966Q1,Fisher Quantity Index,"Percent change, annual rate",0,4.2,T10101
T10101,DSERRL,6,Services,1966Q2,Fisher Quantity Index,"Percent change, annual rate",0,4.4,T10101
T10101,DSERRL,6,Services,1966Q3,Fisher Quantity Index,"Percent change, annual rate",0,3.3,T10101
T10101,DSERRL,6,Services,1966Q4,Fisher Quantity Index,"Percent change, annual rate",0,4.4,T10101
T10101,DSERRL,6,Services,1967Q1,Fisher Quantity Index,"Percent change, annual rate",0,3.7,T10101
T10101,DSERRL,6,Services,1967Q2,Fisher Quantity Index,"Percent change, annual rate",0,4.0,T10101
T10101,DSERRL,6,Services,1967Q3,Fisher Quantity Index,"Percent change, annual rate",0,5.6,T10101
T10101,DSERRL,6,Services,1967Q4,Fisher Quantity Index,"Percent change, annual rate",0,3.4,T10101
T10101,DSERRL,6,Services,1968Q1,Fisher Quantity Index,"Percent change, annual rate",0,6.5,T10101
T10101,DSERRL,6,Services,1968Q2,Fisher Quantity Index,"Percent change, annual rate",0,6.4,T10101
T10101,DSERRL,6,Services,1968Q3,Fisher Quantity Index,"Percent change, annual rate",0,5.2,T10101
T10101,DSERRL,6,Services,1968Q4,Fisher Quantity Index,"Percent change, annual rate",0,4.5,T10101
T10101,DSERRL,6,Services,1969Q1,Fisher Quantity Index,"Percent change, annual rate",0,3.5,T10101
T10101,DSERRL,6,Services,1969Q2,Fisher Quantity Index,"Percent change, annual rate",0,5.1,T10101
T10101,DSERRL,6,Services,1969Q3,Fisher Quantity Index,"Percent change, annual rate",0,3.3,T10101
T10101,DSERRL,6,Services,1969Q4,Fisher Quantity Index,"Percent change, annual rate",0,5.1,T10101
T10101,DSERRL,6,Services,1970Q1,Fisher Quantity Index,"Percent change, annual rate",0,4.4,T10101
T10101,DSERRL,6,Services,1970Q2,Fisher Quantity Index,"Percent change, annual rate",0,2.5,T10101
T10101,DSERRL,6,Services,1970Q3,Fisher Quantity Index,"Percent change, annual rate",0,4.6,T10101
T10101,DSERRL,6,Services,1970Q4,Fisher Quantity Index,"Percent change, annual rate",0,2.1,T10101
T10101,DSERRL,6,Services,1971Q1,Fisher Quantity Index,"Percent change, annual rate",0,2.8,T10101
T10101,DSERRL,6,Services,1971Q2,Fisher Quantity Index,"Percent change, annual rate",0,4.1,T10101
T10101,DSERRL,6,Services,1971Q3,Fisher Quantity Index,"Percent change, annual rate",0,3.8,T10101
T10101,DSERRL,6,Services,1971Q4,Fisher Quantity Index,"Percent change, annual rate",0,6.4,T10101
T10101,DSERRL,6,Services,1972Q1,Fisher Quantity Index,"Percent change, annual rate",0,6.9,T10101
T10101,DSERRL,6,Services,1972Q2,Fisher Quantity Index,"Percent change, annual rate",0,4.9,T10101
T10101,DSERRL,6,Services,1972Q3,Fisher Quantity Index,"Percent change, annual rate",0,5.5,T10101
T10101,DSERRL,6,Services,1972Q4,Fisher Quantity Index,"Percent change, annual rate",0,7.3,T10101
T10101,DSERRL,6,Services,1973Q1,Fisher Quantity Index,"Percent change, annual rate",0,5.2,T10101
T10101,DSERRL,6,Services,1973Q2,Fisher Quantity Index,"Percent change, annual rate",0,3.4,T10101
T10101,DSERRL,6,Services,1973Q3,Fisher Quantity Index,"Percent change, annual rate",0,2.7,T10101
T10101,DSERRL,6,Services,1973Q4,Fisher Quantity Index,"Percent change, annual rate",0,1.5,T10101
T10101,DSERRL,6,Services,1974Q1,Fisher Quantity Index,"Percent change, annual rate",0,-0.7,T10101
T10101,DSERRL,6,Services,1974Q2,Fisher Quantity Index,"Percent change, annual rate",0,4.1,T10101
T10101,DSERRL,6,Services,1974Q3,Fisher Quantity Index,"Percent change, annual rate",0,2.1,T10101
T10101,DSERRL,6,Services,1974Q4,Fisher Quantity Index,"Percent change, annual rate",0,4.2,T10101
T10101,DSERRL,6,Services,1975Q1,Fisher Quantity Index,"Percent change, annual rate",0,3.8,T10101
T10101,DSERRL,6,Services,1975Q2,Fisher Quantity Index,"Percent change, annual rate",0,4.9,T10101
T10101,DSERRL,6,Services,1975Q3,Fisher Quantity Index,"Percent change, annual rate",0,1.9,T10101
T10101,DSERRL,6,Services,1975Q4,Fisher Quantity Index,"Percent change, annual rate",0,5.9,T10101
T10101,DSERRL,6,Services,1976Q1,Fisher Quantity Index,"Percent change, annual rate",0,4.7,T10101
T10101,DSERRL,6,Services,1976Q2,Fisher Quantity Index,"Percent change, annual rate",0,2.7,T10101
T10101,DSERRL,6,Services,1976Q3,Fisher Quantity Index,"Percent change, annual rate",0,4.9,T10101
T10101,DSERRL,6,Services,1976Q4,Fisher Quantity Index,"Percent change, annual rate",0,5.6,T10101
T10101,DSERRL,6,Services,1977Q1,Fisher Quantity Index,"Percent change, annual rate",0,5.0,T10101
T10101,DSERRL,6,Services,1977Q2,Fisher Quantity Index,"Percent change, annual rate",0,1.5,T10101
T10101,DSERRL,6,Services,1977Q3,Fisher Quantity Index,"Percent change, annual rate",0,4.3,T10101
T10101,DSERRL,6,Services,1977Q4,Fisher Quantity Index,"Percent change, annual rate",0,3.8,T10101
T10101,DSERRL,6,Services,1978Q1,Fisher Quantity Index,"Percent change, annual rate",0,6.4,T10101
T10101,DSERRL,6,Services,1978Q2,Fisher Quantity Index,"Percent change, annual rate",0,6.1,T10101
T10101,DSERRL,6,Services,1978Q3,Fisher Quantity Index,"Percent change, annual rate",0,2.9,T10101
T10101,DSERRL,6,Services,1978Q4,Fisher Quantity Index,"Percent change, annual rate",0,2.1,T10101
T10101,DSERRL,6,Services,1979Q1,Fisher Quantity Index,"Percent change, annual rate",0,4.2,T10101
T10101,DSERRL,6,Services,1979Q2,Fisher Quantity Index,"Percent change, annual rate",0,2.5,T10101
T10101,DSERRL,6,Services,1979Q3,Fisher Quantity Index,"Percent change, annual rate",0,1.5,T10101
T10101,DSERRL,6,Services,1979Q4,Fisher Quantity Index,"Percent change, annual rate",0,3.4,T10101
T10101,DSERRL,6,Services,1980Q1,Fisher Quantity Index,"Percent change, annual rate",0,0.7,T10101
T10101,DSERRL,6,Services,1980Q2,Fisher Quantity Index,"Percent change, annual rate",0,-2.5,T10101
T10101,DSERRL,6,Services,1980Q3,Fisher Quantity Index,"Percent change, annual rate",0,4.7,T10101
T10101,DSERRL,6,Services,1980Q4,Fisher Quantity Index,"Percent change, annual rate",0,6.2,T10101
T10101,DSERRL,6,Services,1981Q1,Fisher Quantity Index,"Percent change, annual rate",0,-2.3,T10101
T10101,DSERRL,6,Services,1981Q2,Fisher Quantity Index,"Percent change, annual rate",0,2.8,T10101
T10101,DSERRL,6,Services,1981Q3,Fisher Quantity Index,"Percent change, annual rate",0,0.1,T10101
T10101,DSERRL,6,Services,1981Q4,Fisher Quantity Index,"Percent change, annual rate",0,0.9,T10101
T10101,DSERRL,6,Services,1982Q1,Fisher Quantity Index,"Percent change, annual rate",0,2.1,T10101
T10101,DSERRL,6,Services,1982Q2,Fisher Quantity Index,"Percent change, annual rate",0,2.3,T10101
T10101,DSERRL,6,Services,1982Q3,Fisher Quantity Index,"Percent change, annual rate",0,3.1,T10101
T10101,DSERRL,6,Services,1982Q4,Fisher Quantity Index,"Percent change, annual rate",0,6.3,T10101
T10101,DSERRL,6,Services,1983Q1,Fisher Quantity Index,"Percent change, annual rate",0,5.4,T10101
T10101,DSERRL,6,Services,1983Q2,Fisher Quantity Index,"Percent change, annual rate",0,5.6,T10101
T10101,DSERRL,6,Services,1983Q3,Fisher Quantity Index,"Percent change, annual rate",0,6.0,T10101
T10101,DSERRL,6,Services,1983Q4,Fisher Quantity Index,"Percent change, annual rate",0,4.2,T10101
T10101,DSERRL,6,Services,1984Q1,Fisher Quantity Index,"Percent change, annual rate",0,1.8,T10101
T10101,DSERRL,6,Services,1984Q2,Fisher Quantity Index,"Percent change, annual rate",0,3.2,T10101
T10101,DSERRL,6,Services,1984Q3,Fisher Quantity Index,"Percent change, annual rate",0,5.1,T10101
T10101,DSERRL,6,Services,1984Q4,Fisher Quantity Index,"Percent change, annual rate",0,4.5,T10101
T10101,DSERRL,6,Services,1985Q1,Fisher Quantity Index,"Percent change, annual rate",0,7.4,T10101
T10101,DSERRL,6,Services,1985Q2,Fisher Quantity Index,"Percent change, annual rate",0,3.7,T10101
T10101,DSERRL,6,Services,1985Q3,Fisher Quantity Index,"Percent change, annual rate",0,5.5,T10101
T10101,DSERRL,6,Services,1985Q4,Fisher Quantity Index,"Percent change, annual rate",0,3.2,T10101
T10101,DSERRL,6,Services,1986Q1,Fisher Quantity Index,"Percent change, annual rate",0,1.7,T10101
T10101,DSERRL,6,Services,1986Q2,Fisher Quantity Index,"Percent change, annual rate",0,2.4,T10101
T10101,DSERRL,6,Services,1986Q3,Fisher Quantity Index,"Percent change, annual rate",0,3.4,T10101
T10101,DSERRL,6,Services,1986Q4,Fisher Quantity Index,"Percent change, annual rate",0,4.5,T10101
T10101,DSERRL,6,Services,1987Q1,Fisher Quantity Index,"Percent change, annual rate",0,6.6,T10101
T10101,DSERRL,6,Services,1987Q2,Fisher Quantity Index,"Percent change, annual rate",0,4.0,T10101
T10101,DSERRL,6,Services,1987Q3,Fisher Quantity Index,"Percent change, annual rate",0,3.6,T10101
T10101,DSERRL,6,Services,1987Q4,Fisher Quantity Index,"Percent change, annual rate",0,4.0,T10101
T10101,DSERRL,6,Services,1988Q1,Fisher Quantity Index,"Percent change, annual rate",0,5.6,T10101
T10101,DSERRL,6,Services,1988Q2,Fisher Quantity Index,"Percent change, annual rate",0,3.6,T10101
T10101,DSERRL,6,Services,1988Q3,Fisher Quantity Index,"Percent change, annual rate",0,6.1,T10101
T10101,DSERRL,6,Services,1988Q4,Fisher Quantity Index,"Percent change, annual rate",0,3.4,T10101
T10101,DSERRL,6,Services,1989Q1,Fisher Quantity Index,"Percent change, annual rate",0,2.8,T10101
T10101,DSERRL,6,Services,1989Q2,Fisher Quantity Index,"Percent change, annual rate",0,1.6,T10101
T10101,DSERRL,6,Services,1989Q3,Fisher Quantity Index,"Percent change, annual rate",0,2.6,T10101
T10101,DSERRL,6,Services,1989Q4,Fisher Quantity Index,"Percent change, annual rate",0,3.8,T10101
T10101,DSERRL,6,Services,1990Q1,Fisher Quantity Index,"Percent change, annual rate",0,2.1,T10101
T10101,DSERRL,6,Services,1990Q2,Fisher Quantity Index,"Percent change, annual rate",0,4.9,T10101
T10101,DSERRL,6,Services,1990Q3,Fisher Quantity Index,"Percent change, annual rate",0,3.2,T10101
T10101,DSERRL,6,Services,1990Q4,Fisher Quantity Index,"Percent change, annual rate",0,-1.0,T10101
T10101,DSERRL,6,Services,1991Q1,Fisher Quantity Index,"Percent change, annual rate",0,-0.3,T10101
T10101,DSERRL,6,Services,1991Q2,Fisher Quantity Index,"Percent change, annual rate",0,4.0,T10101
T10101,DSERRL,6,Services,1991Q3,Fisher Quantity Index,"Percent change, annual rate",0,1.7,T10101
T10101,DSERRL,6,Services,1991Q4,Fisher Quantity Index,"Percent change, annual rate",0,2.4,T10101
T10101,DSERRL,6,Services,1992Q1,Fisher Quantity Index,"Percent change, annual rate",0,6.7,T10101
T10101,DSERRL,6,Services,1992Q2,Fisher Quantity Index,"Percent change, annual rate",0,3.1,T10101
T10101,DSERRL,6,Services,1992Q3,Fisher Quantity Index,"Percent change, annual rate",0,4.3,T10101
T10101,DSERRL,6,Services,1992Q4,Fisher Quantity Index,"Percent change, annual rate",0,4.5,T10101
T10101,DSERRL,6,Services,1993Q1,Fisher Quantity Index,"Percent change, annual rate",0,1.5,T10101
T10101,DSERRL,6,Services,1993Q2,Fisher Quantity Index,"Percent change, annual rate",0,2.0,T10101
T10101,DSERRL,6,Services,1993Q3,Fisher Quantity Index,"Percent change, annual rate",0,4.7,T10101
T10101,DSERRL,6,Services,1993Q4,Fisher Quantity Index,"Percent change, annual rate",0,2.6,T10101
T10101,DSERRL,6,Services,1994Q1,Fisher Quantity Index,"Percent change, annual rate",0,3.3,T10101
T10101,DSERRL,6,Services,1994Q2,Fisher Quantity Index,"Percent change, annual rate",0,2.9,T10101
T10101,DSERRL,6,Services,1994Q3,Fisher Quantity Index,"Percent change, annual rate",0,2.7,T10101
T10101,DSERRL,6,Services,1994Q4,Fisher Quantity Index,"Percent change, annual rate",0,2.4,T10101
T10101,DSERRL,6,Services,1995Q1,Fisher Quantity Index,"Percent change, annual rate",0,2.8,T10101
T10101,DSERRL,6,Services,1995Q2,Fisher Quantity Index,"Percent change, annual rate",0,4.0,T10101
T10101,DSERRL,6,Services,1995Q3,Fisher Quantity Index,"Percent change, annual rate",0,3.0,T10101
T10101,DSERRL,6,Services,1995Q4,Fisher Quantity Index,"Percent change, annual rate",0,2.2,T10101
T10101,DSERRL,6,Services,1996Q1,Fisher Quantity Index,"Percent change, annual rate",0,4.0,T10101
T10101,DSERRL,6,Services,1996Q2,Fisher Quantity Index,"Percent change, annual rate",0,2.3,T10101
T10101,DSERRL,6,Services,1996Q3,Fisher Quantity Index,"Percent change, annual rate",0,2.2,T10101
T10101,DSERRL,6,Services,1996Q4,Fisher Quantity Index,"Percent change, annual rate",0,2.3,T10101
T10101,DSERRL,6,Services,1997Q1,Fisher Quantity Index,"Percent change, annual rate",0,3.6,T10101
T10101,DSERRL,6,Services,1997Q2,Fisher Quantity Index,"Percent change, annual rate",0,3.1,T10101
T10101,DSERRL,6,Services,1997Q3,Fisher Quantity Index,"Percent change, annual rate",0,4.9,T10101
T10101,DSERRL,6,Services,1997Q4,Fisher Quantity Index,"Percent change, annual rate",0,4.5,T10101
T10101,DSERRL,6,Services,1998Q1,Fisher Quantity Index,"Percent change, annual rate",0,4.7,T10101
T10101,DSERRL,6,Services,1998Q2,Fisher Quantity Index,"Percent change, annual rate",0,5.3,T10101
T10101,DSERRL,6,Services,1998Q3,Fisher Quantity Index,"Percent change, annual rate",0,4.9,T10101
T10101,DSERRL,6,Services,1998Q4,Fisher Quantity Index,"Percent change, annual rate",0,2.2,T10101
T10101,DSERRL,6,Services,1999Q1,Fisher Quantity Index,"Percent change, annual rate",0,3.7,T10101
T10101,DSERRL,6,Services,1999Q2,Fisher Quantity Index,"Percent change, annual rate",0,4.3,T10101
T10101,DSERRL,6,Services,1999Q3,Fisher Quantity Index,"Percent change, annual rate",0,4.4,T10101
T10101,DSERRL,6,Services,1999Q4,Fisher Quantity Index,"Percent change, annual rate",0,5.4,T10101
T10101,DSERRL,6,Services,2000Q1,Fisher Quantity Index,"Percent change, annual rate",0,6.2,T10101
T10101,DSERRL,6,Services,2000Q2,Fisher Quantity Index,"Percent change, annual rate",0,4.8,T10101
T10101,DSERRL,6,Services,2000Q3,Fisher Quantity Index,"Percent change, annual rate",0,3.7,T10101
T10101,DSERRL,6,Services,2000Q4,Fisher Quantity Index,"Percent change, annual rate",0,3.5,T10101
T10101,DSERRL,6,Services,2001Q1,Fisher Quantity Index,"Percent change, annual rate",0,1.7,T10101
T10101,DSERRL,6,Services,2001Q2,Fisher Quantity Index,"Percent change, annual rate",0,0.6,T10101
T10101,DSERRL,6,Services,2001Q3,Fisher Quantity Index,"Percent change, annual rate",0,0.6,T10101
T10101,DSERRL,6,Services,2001Q4,Fisher Quantity Index,"Percent change, annual rate",0,2.1,T10101
T10101,DSERRL,6,Services,2002Q1,Fisher Quantity Index,"Percent change, annual rate",0,1.8,T10101
T10101,DSERRL,6,Services,2002Q2,Fisher Quantity Index,"Percent change, annual rate",0,2.6,T10101
T10101,DSERRL,6,Services,2002Q3,Fisher Quantity Index,"Percent change, annual rate",0,1.6,T10101
T10101,DSERRL,6,Services,2002Q4,Fisher Quantity Index,"Percent change, annual rate",0,2.6,T10101
T10101,DSERRL,6,Services,2003Q1,Fisher Quantity Index,"Percent change, annual rate",0,1.8,T10101
T10101,DSERRL,6,Services,2003Q2,Fisher Quantity Index,"Percent change, annual rate",0,2.4,T10101
T10101,DSERRL,6,Services,2003Q3,Fisher Quantity Index,"Percent change, annual rate",0,2.7,T10101
T10101,DSERRL,6,Services,2003Q4,Fisher Quantity Index,"Percent change, annual rate",0,2.3,T10101
T10101,DSERRL,6,Services,2004Q1,Fisher Quantity Index,"Percent change, annual rate",0,3.4,T10101
T10101,DSERRL,6,Services,2004Q2,Fisher Quantity Index,"Percent change, annual rate",0,2.7,T10101
T10101,DSERRL,6,Services,2004Q3,Fisher Quantity Index,"Percent change, annual rate",0,4.3,T10101
T10101,DSERRL,6,Services,2004Q4,Fisher Quantity Index,"Percent change, annual rate",0,4.1,T10101
T10101,DSERRL,6,Services,2005Q1,Fisher Quantity Index,"Percent change, annual rate",0,2.3,T10101
T10101,DSERRL,6,Services,2005Q2,Fisher Quantity Index,"Percent change, annual rate",0,3.7,T10101
T10101,DSERRL,6,Services,2005Q3,Fisher Quantity Index,"Percent change, annual rate",0,3.1,T10101
T10101,DSERRL,6,Services,2005Q4,Fisher Quantity Index,"Percent change, annual rate",0,1.6,T10101
T10101,DSERRL,6,Services,2006Q1,Fisher Quantity Index,"Percent change, annual rate",0,2.3,T10101
T10101,DSERRL,6,Services,2006Q2,Fisher Quantity Index,"Percent change, annual rate",0,2.9,T10101
T10101,DSERRL,6,Services,2006Q3,Fisher Quantity Index,"Percent change, annual rate",0,2.1,T10101
T10101,DSERRL,6,Services,2006Q4,Fisher Quantity Index,"Percent change, annual rate",0,2.9,T10101
T10101,DSERRL,6,Services,2007Q1,Fisher Quantity Index,"Percent change, annual rate",0,2.3,T10101
T10101,DSERRL,6,Services,2007Q2,Fisher Quantity Index,"Percent change, annual rate",0,1.1,T10101
T10101,DSERRL,6,Services,2007Q3,Fisher Quantity Index,"Percent change, annual rate",0,2.8,T10101
T10101,DSERRL,6,Services,2007Q4,Fisher Quantity Index,"Percent change, annual rate",0,2.0,T10101
T10101,DSERRL,6,Services,2008Q1,Fisher Quantity Index,"Percent change, annual rate",0,2.7,T10101
T10101,DSERRL,6,Services,2008Q2,Fisher Quantity Index,"Percent change, annual rate",0,2.0,T10101
T10101,DSERRL,6,Services,2008Q3,Fisher Quantity Index,"Percent change, annual rate",0,-0.4,T10101
T10101,DSERRL,6,Services,2008Q4,Fisher Quantity Index,"Percent change, annual rate",0,0.7,T10101
T10101,DSERRL,6,Services,2009Q1,Fisher Quantity Index,"Percent change, annual rate",0,-1.6,T10101
T10101,DSERRL,6,Services,2009Q2,Fisher Quantity Index,"Percent change, annual rate",0,-1.7,T10101
T10101,DSERRL,6,Services,2009Q3,Fisher Quantity Index,"Percent change, annual rate",0,0.7,T10101
T10101,DSERRL,6,Services,2009Q4,Fisher Quantity Index,"Percent change, annual rate",0,0.4,T10101
T10101,DSERRL,6,Services,2010Q1,Fisher Quantity Index,"Percent change, annual rate",0,2.0,T10101
T10101,DSERRL,6,Services,2010Q2,Fisher Quantity Index,"Percent change, annual rate",0,2.7,T10101
T10101,DSERRL,6,Services,2010Q3,Fisher Quantity Index,"Percent change, annual rate",0,2.8,T10101
T10101,DSERRL,6,Services,2010Q4,Fisher Quantity Index,"Percent change, annual rate",0,1.0,T10101
T10101,DSERRL,6,Services,2011Q1,Fisher Quantity Index,"Percent change, annual rate",0,1.3,T10101
T10101,DSERRL,6,Services,2011Q2,Fisher Quantity Index,"Percent change, annual rate",0,1.3,T10101
T10101,DSERRL,6,Services,2011Q3,Fisher Quantity Index,"Percent change, annual rate",0,1.8,T10101
T10101,DSERRL,6,Services,2011Q4,Fisher Quantity Index,"Percent change, annual rate",0,-0.4,T10101
T10101,DSERRL,6,Services,2012Q1,Fisher Quantity Index,"Percent change, annual rate",0,1.8,T10101
T10101,DSERRL,6,Services,2012Q2,Fisher Quantity Index,"Percent change, annual rate",0,1.1,T10101
T10101,DSERRL,6,Services,2012Q3,Fisher Quantity Index,"Percent change, annual rate",0,0.3,T10101
T10101,DSERRL,6,Services,2012Q4,Fisher Quantity Index,"Percent change, annual rate",0,1.0,T10101
T10101,DSERRL,6,Services,2013Q1,Fisher Quantity Index,"Percent change, annual rate",0,0.3,T10101
T10101,DSERRL,6,Services,2013Q2,Fisher Quantity Index,"Percent change, annual rate",0,1.3,T10101
T10101,DSERRL,6,Services,2013Q3,Fisher Quantity Index,"Percent change, annual rate",0,0.8,T10101
T10101,DSERRL,6,Services,2013Q4,Fisher Quantity Index,"Percent change, annual rate",0,3.4,T10101
T10101,DSERRL,6,Services,2014Q1,Fisher Quantity Index,"Percent change, annual rate",0,0.7,T10101
T10101,DSERRL,6,Services,2014Q2,Fisher Quantity Index,"Percent change, annual rate",0,2.1,T10101
T10101,DSERRL,6,Services,2014Q3,Fisher Quantity Index,"Percent change, annual rate",0,3.7,T10101
T10101,DSERRL,6,Services,2014Q4,Fisher Quantity Index,"Percent change, annual rate",0,4.1,T10101
T10101,DSERRL,6,Services,2015Q1,Fisher Quantity Index,"Percent change, annual rate",0,2.1,T10101
T10101,DSERRL,6,Services,2015Q2,Fisher Quantity Index,"Percent change, annual rate",0,2.0,T10101
T10101,DSERRL,6,Services,2015Q3,Fisher Quantity Index,"Percent change, annual rate",0,2.0,T10101
T10101,DSERRL,6,Services,2015Q4,Fisher Quantity Index,"Percent change, annual rate",0,1.5,T10101
T10101,DSERRL,6,Services,2016Q1,Fisher Quantity Index,"Percent change, annual rate",0,2.5,T10101
T10101,DSERRL,6,Services,2016Q2,Fisher Quantity Index,"Percent change, annual rate",0,1.3,T10101
T10101,DSERRL,6,Services,2016Q3,Fisher Quantity Index,"Percent change, annual rate",0,2.1,T10101
T10101,DSERRL,6,Services,2016Q4,Fisher Quantity Index,"Percent change, annual rate",0,1.8,T10101
T10101,DSERRL,6,Services,2017Q1,Fisher Quantity Index,"Percent change, annual rate",0,2.9,T10101
T10101,DSERRL,6,Services,2017Q2,Fisher Quantity Index,"Percent change, annual rate",0,0.9,T10101
T10101,DSERRL,6,Services,2017Q3,Fisher Quantity Index,"Percent change, annual rate",0,1.7,T10101
T10101,DSERRL,6,Services,2017Q4,Fisher Quantity Index,"Percent change, annual rate",0,2.5,T10101
T10101,DSERRL,6,Services,2018Q1,Fisher Quantity Index,"Percent change, annual rate",0,2.6,T10101
T10101,DSERRL,6,Services,2018Q2,Fisher Quantity Index,"Percent change, annual rate",0,2.7,T10101
T10101,DSERRL,6,Services,2018Q3,Fisher Quantity Index,"Percent change, annual rate",0,1.9,T10101
T10101,DSERRL,6,Services,2018Q4,Fisher Quantity Index,"Percent change, annual rate",0,0.9,T10101
T10101,DSERRL,6,Services,2019Q1,Fisher Quantity Index,"Percent change, annual rate",0,0.4,T10101
T10101,DSERRL,6,Services,2019Q2,Fisher Quantity Index,"Percent change, annual rate",0,1.8,T10101
T10101,DSERRL,6,Services,2019Q3,Fisher Quantity Index,"Percent change, annual rate",0,4.0,T10101
T10101,DSERRL,6,Services,2019Q4,Fisher Quantity Index,"Percent change, annual rate",0,3.2,T10101
T10101,DSERRL,6,Services,2020Q1,Fisher Quantity Index,"Percent change, annual rate",0,-8.7,T10101
T10101,DSERRL,6,Services,2020Q2,Fisher Quantity Index,"Percent change, annual rate",0,-39.0,T10101
T10101,DSERRL,6,Services,2020Q3,Fisher Quantity Index,"Percent change, annual rate",0,36.2,T10101
T10101,DSERRL,6,Services,2020Q4,Fisher Quantity Index,"Percent change, annual rate",0,7.3,T10101
T10101,DSERRL,6,Services,2021Q1,Fisher Quantity Index,"Percent change, annual rate",0,5.4,T10101
T10101,DSERRL,6,Services,2021Q2,Fisher Quantity Index,"Percent change, annual rate",0,14.0,T10101
T10101,DSERRL,6,Services,2021Q3,Fisher Quantity Index,"Percent change, annual rate",0,10.3,T10101
T10101,DSERRL,6,Services,2021Q4,Fisher Quantity Index,"Percent change, annual rate",0,4.1,T10101
T10101,DSERRL,6,Services,2022Q1,Fisher Quantity Index,"Percent change, annual rate",0,1.6,T10101
T10101,DSERRL,6,Services,2022Q2,Fisher Quantity Index,"Percent change, annual rate",0,5.3,T10101
T10101,DSERRL,6,Services,2022Q3,Fisher Quantity Index,"Percent change, annual rate",0,4.2,T10101
T10101,DSERRL,6,Services,2022Q4,Fisher Quantity Index,"Percent change, annual rate",0,2.3,T10101
T10101,DSERRL,6,Services,2023Q1,Fisher Quantity Index,"Percent change, annual rate",0,3.2,T10101
T10101,DSERRL,6,Services,2023Q2,Fisher Quantity Index,"Percent change, annual rate",0,2.0,T10101
T10101,DSERRL,6,Services,2023Q3,Fisher Quantity Index,"Percent change, annual rate",0,2.4,T10101
T10101,DSERRL,6,Services,2023Q4,Fisher Quantity Index,"Percent change, annual rate",0,3.4,T10101
T10101,DSERRL,6,Services,2024Q1,Fisher Quantity Index,"Percent change, annual rate",0,3.2,T10101
T10101,DSERRL,6,Services,2024Q2,Fisher Quantity Index,"Percent change, annual rate",0,3.2,T10101
T10101,DSERRL,6,Services,2024Q3,Fisher Quantity Index,"Percent change, annual rate",0,3.0,T10101
T10101,DSERRL,6,Services,2024Q4,Fisher Quantity Index,"Percent change, annual rate",0,2.5,T10101
T10101,DSERRL,6,Services,2025Q1,Fisher Quantity Index,"Percent change, annual rate",0,0.8,T10101
T10101,DSERRL,6,Services,2025Q2,Fisher Quantity Index,"Percent change, annual rate",0,2.6,T10101
T10101,DSERRL,6,Services,2025Q3,Fisher Quantity Index,"Percent change, annual rate",0,3.6,T10101
T10101,A006RL,7,Gross private domestic investment,1947Q2,Fisher Quantity Index,"Percent change, annual rate",0,-27.3,T10101
T10101,A006RL,7,Gross private domestic investment,1947Q3,Fisher Quantity Index,"Percent change, annual rate",0,-11.3,T10101
T10101,A006RL,7,Gross private domestic investment,1947Q4,Fisher Quantity Index,"Percent change, annual rate",0,103.0,T10101
T10101,A006RL,7,Gross private domestic investment,1948Q1,Fisher Quantity Index,"Percent change, annual rate",0,47.8,T10101
T10101,A006RL,7,Gross private domestic investment,1948Q2,Fisher Quantity Index,"Percent change, annual rate",0,27.1,T10101
T10101,A006RL,7,Gross private domestic investment,1948Q3,Fisher Quantity Index,"Percent change, annual rate",0,4.2,T10101
T10101,A006RL,7,Gross private domestic investment,1948Q4,Fisher Quantity Index,"Percent change, annual rate",0,-17.8,T10101
T10101,A006RL,7,Gross private domestic investment,1949Q1,Fisher Quantity Index,"Percent change, annual rate",0,-47.6,T10101
T10101,A006RL,7,Gross private domestic investment,1949Q2,Fisher Quantity Index,"Percent change, annual rate",0,-43.5,T10101
T10101,A006RL,7,Gross private domestic investment,1949Q3,Fisher Quantity Index,"Percent change, annual rate",0,37.5,T10101
T10101,A006RL,7,Gross private domestic investment,1949Q4,Fisher Quantity Index,"Percent change, annual rate",0,-18.3,T10101
T10101,A006RL,7,Gross private domestic investment,1950Q1,Fisher Quantity Index,"Percent change, annual rate",0,134.4,T10101
T10101,A006RL,7,Gross private domestic investment,1950Q2,Fisher Quantity Index,"Percent change, annual rate",0,50.2,T10101
T10101,A006RL,7,Gross private domestic investment,1950Q3,Fisher Quantity Index,"Percent change, annual rate",0,39.1,T10101
T10101,A006RL,7,Gross private domestic investment,1950Q4,Fisher Quantity Index,"Percent change, annual rate",0,61.3,T10101
T10101,A006RL,7,Gross private domestic investment,1951Q1,Fisher Quantity Index,"Percent change, annual rate",0,-35.0,T10101
T10101,A006RL,7,Gross private domestic investment,1951Q2,Fisher Quantity Index,"Percent change, annual rate",0,9.6,T10101
T10101,A006RL,7,Gross private domestic investment,1951Q3,Fisher Quantity Index,"Percent change, annual rate",0,-26.3,T10101
T10101,A006RL,7,Gross private domestic investment,1951Q4,Fisher Quantity Index,"Percent change, annual rate",0,-28.3,T10101
T10101,A006RL,7,Gross private domestic investment,1952Q1,Fisher Quantity Index,"Percent change, annual rate",0,10.8,T10101
T10101,A006RL,7,Gross private domestic investment,1952Q2,Fisher Quantity Index,"Percent change, annual rate",0,-26.9,T10101
T10101,A006RL,7,Gross private domestic investment,1952Q3,Fisher Quantity Index,"Percent change, annual rate",0,23.3,T10101
T10101,A006RL,7,Gross private domestic investment,1952Q4,Fisher Quantity Index,"Percent change, annual rate",0,32.1,T10101
T10101,A006RL,7,Gross private domestic investment,1953Q1,Fisher Quantity Index,"Percent change, annual rate",0,8.9,T10101
T10101,A006RL,7,Gross private domestic investment,1953Q2,Fisher Quantity Index,"Percent change, annual rate",0,2.3,T10101
T10101,A006RL,7,Gross private domestic investment,1953Q3,Fisher Quantity Index,"Percent change, annual rate",0,-8.1,T10101
T10101,A006RL,7,Gross private domestic investment,1953Q4,Fisher Quantity Index,"Percent change, annual rate",0,-25.9,T10101
T10101,A006RL,7,Gross private domestic investment,1954Q1,Fisher Quantity Index,"Percent change, annual rate",0,-2.9,T10101
T10101,A006RL,7,Gross private domestic investment,1954Q2,Fisher Quantity Index,"Percent change, annual rate",0,-0.9,T10101
T10101,A006RL,7,Gross private domestic investment,1954Q3,Fisher Quantity Index,"Percent change, annual rate",0,20.7,T10101
T10101,A006RL,7,Gross private domestic investment,1954Q4,Fisher Quantity Index,"Percent change, annual rate",0,18.8,T10101
T10101,A006RL,7,Gross private domestic investment,1955Q1,Fisher Quantity Index,"Percent change, annual rate",0,46.3,T10101
T10101,A006RL,7,Gross private domestic investment,1955Q2,Fisher Quantity Index,"Percent change, annual rate",0,26.6,T10101
T10101,A006RL,7,Gross private domestic investment,1955Q3,Fisher Quantity Index,"Percent change, annual rate",0,6.3,T10101
T10101,A006RL,7,Gross private domestic investment,1955Q4,Fisher Quantity Index,"Percent change, annual rate",0,9.6,T10101
T10101,A006RL,7,Gross private domestic investment,1956Q1,Fisher Quantity Index,"Percent change, annual rate",0,-10.9,T10101
T10101,A006RL,7,Gross private domestic investment,1956Q2,Fisher Quantity Index,"Percent change, annual rate",0,-3.1,T10101
T10101,A006RL,7,Gross private domestic investment,1956Q3,Fisher Quantity Index,"Percent change, annual rate",0,-3.6,T10101
T10101,A006RL,7,Gross private domestic investment,1956Q4,Fisher Quantity Index,"Percent change, annual rate",0,-3.6,T10101
T10101,A006RL,7,Gross private domestic investment,1957Q1,Fisher Quantity Index,"Percent change, annual rate",0,-6.1,T10101
T10101,A006RL,7,Gross private domestic investment,1957Q2,Fisher Quantity Index,"Percent change, annual rate",0,-0.4,T10101
T10101,A006RL,7,Gross private domestic investment,1957Q3,Fisher Quantity Index,"Percent change, annual rate",0,9.5,T10101
T10101,A006RL,7,Gross private domestic investment,1957Q4,Fisher Quantity Index,"Percent change, annual rate",0,-27.4,T10101
T10101,A006RL,7,Gross private domestic investment,1958Q1,Fisher Quantity Index,"Percent change, annual rate",0,-24.4,T10101
T10101,A006RL,7,Gross private domestic investment,1958Q2,Fisher Quantity Index,"Percent change, annual rate",0,-7.8,T10101
T10101,A006RL,7,Gross private domestic investment,1958Q3,Fisher Quantity Index,"Percent change, annual rate",0,34.4,T10101
T10101,A006RL,7,Gross private domestic investment,1958Q4,Fisher Quantity Index,"Percent change, annual rate",0,38.7,T10101
T10101,A006RL,7,Gross private domestic investment,1959Q1,Fisher Quantity Index,"Percent change, annual rate",0,23.6,T10101
T10101,A006RL,7,Gross private domestic investment,1959Q2,Fisher Quantity Index,"Percent change, annual rate",0,34.9,T10101
T10101,A006RL,7,Gross private domestic investment,1959Q3,Fisher Quantity Index,"Percent change, annual rate",0,-23.4,T10101
T10101,A006RL,7,Gross private domestic investment,1959Q4,Fisher Quantity Index,"Percent change, annual rate",0,13.7,T10101
T10101,A006RL,7,Gross private domestic investment,1960Q1,Fisher Quantity Index,"Percent change, annual rate",0,46.7,T10101
T10101,A006RL,7,Gross private domestic investment,1960Q2,Fisher Quantity Index,"Percent change, annual rate",0,-32.4,T10101
T10101,A006RL,7,Gross private domestic investment,1960Q3,Fisher Quantity Index,"Percent change, annual rate",0,-1.0,T10101
T10101,A006RL,7,Gross private domestic investment,1960Q4,Fisher Quantity Index,"Percent change, annual rate",0,-37.5,T10101
T10101,A006RL,7,Gross private domestic investment,1961Q1,Fisher Quantity Index,"Percent change, annual rate",0,10.8,T10101
T10101,A006RL,7,Gross private domestic investment,1961Q2,Fisher Quantity Index,"Percent change, annual rate",0,31.1,T10101
T10101,A006RL,7,Gross private domestic investment,1961Q3,Fisher Quantity Index,"Percent change, annual rate",0,34.9,T10101
T10101,A006RL,7,Gross private domestic investment,1961Q4,Fisher Quantity Index,"Percent change, annual rate",0,6.8,T10101
T10101,A006RL,7,Gross private domestic investment,1962Q1,Fisher Quantity Index,"Percent change, annual rate",0,23.4,T10101
T10101,A006RL,7,Gross private domestic investment,1962Q2,Fisher Quantity Index,"Percent change, annual rate",0,-3.1,T10101
T10101,A006RL,7,Gross private domestic investment,1962Q3,Fisher Quantity Index,"Percent change, annual rate",0,7.0,T10101
T10101,A006RL,7,Gross private domestic investment,1962Q4,Fisher Quantity Index,"Percent change, annual rate",0,-11.2,T10101
T10101,A006RL,7,Gross private domestic investment,1963Q1,Fisher Quantity Index,"Percent change, annual rate",0,22.8,T10101
T10101,A006RL,7,Gross private domestic investment,1963Q2,Fisher Quantity Index,"Percent change, annual rate",0,6.5,T10101
T10101,A006RL,7,Gross private domestic investment,1963Q3,Fisher Quantity Index,"Percent change, annual rate",0,12.9,T10101
T10101,A006RL,7,Gross private domestic investment,1963Q4,Fisher Quantity Index,"Percent change, annual rate",0,5.0,T10101
T10101,A006RL,7,Gross private domestic investment,1964Q1,Fisher Quantity Index,"Percent change, annual rate",0,15.8,T10101
T10101,A006RL,7,Gross private domestic investment,1964Q2,Fisher Quantity Index,"Percent change, annual rate",0,-1.4,T10101
T10101,A006RL,7,Gross private domestic investment,1964Q3,Fisher Quantity Index,"Percent change, annual rate",0,9.7,T10101
T10101,A006RL,7,Gross private domestic investment,1964Q4,Fisher Quantity Index,"Percent change, annual rate",0,3.8,T10101
T10101,A006RL,7,Gross private domestic investment,1965Q1,Fisher Quantity Index,"Percent change, annual rate",0,43.9,T10101
T10101,A006RL,7,Gross private domestic investment,1965Q2,Fisher Quantity Index,"Percent change, annual rate",0,1.1,T10101
T10101,A006RL,7,Gross private domestic investment,1965Q3,Fisher Quantity Index,"Percent change, annual rate",0,14.7,T10101
T10101,A006RL,7,Gross private domestic investment,1965Q4,Fisher Quantity Index,"Percent change, annual rate",0,2.7,T10101
T10101,A006RL,7,Gross private domestic investment,1966Q1,Fisher Quantity Index,"Percent change, annual rate",0,36.0,T10101
T10101,A006RL,7,Gross private domestic investment,1966Q2,Fisher Quantity Index,"Percent change, annual rate",0,-5.8,T10101
T10101,A006RL,7,Gross private domestic investment,1966Q3,Fisher Quantity Index,"Percent change, annual rate",0,-2.9,T10101
T10101,A006RL,7,Gross private domestic investment,1966Q4,Fisher Quantity Index,"Percent change, annual rate",0,2.4,T10101
T10101,A006RL,7,Gross private domestic investment,1967Q1,Fisher Quantity Index,"Percent change, annual rate",0,-9.5,T10101
T10101,A006RL,7,Gross private domestic investment,1967Q2,Fisher Quantity Index,"Percent change, annual rate",0,-13.7,T10101
T10101,A006RL,7,Gross private domestic investment,1967Q3,Fisher Quantity Index,"Percent change, annual rate",0,12.2,T10101
T10101,A006RL,7,Gross private domestic investment,1967Q4,Fisher Quantity Index,"Percent change, annual rate",0,8.9,T10101
T10101,A006RL,7,Gross private domestic investment,1968Q1,Fisher Quantity Index,"Percent change, annual rate",0,8.3,T10101
T10101,A006RL,7,Gross private domestic investment,1968Q2,Fisher Quantity Index,"Percent change, annual rate",0,16.2,T10101
T10101,A006RL,7,Gross private domestic investment,1968Q3,Fisher Quantity Index,"Percent change, annual rate",0,-10.5,T10101
T10101,A006RL,7,Gross private domestic investment,1968Q4,Fisher Quantity Index,"Percent change, annual rate",0,4.4,T10101
T10101,A006RL,7,Gross private domestic investment,1969Q1,Fisher Quantity Index,"Percent change, annual rate",0,25.7,T10101
T10101,A006RL,7,Gross private domestic investment,1969Q2,Fisher Quantity Index,"Percent change, annual rate",0,-2.3,T10101
T10101,A006RL,7,Gross private domestic investment,1969Q3,Fisher Quantity Index,"Percent change, annual rate",0,8.4,T10101
T10101,A006RL,7,Gross private domestic investment,1969Q4,Fisher Quantity Index,"Percent change, annual rate",0,-18.0,T10101
T10101,A006RL,7,Gross private domestic investment,1970Q1,Fisher Quantity Index,"Percent change, annual rate",0,-11.4,T10101
T10101,A006RL,7,Gross private domestic investment,1970Q2,Fisher Quantity Index,"Percent change, annual rate",0,0.9,T10101
T10101,A006RL,7,Gross private domestic investment,1970Q3,Fisher Quantity Index,"Percent change, annual rate",0,6.7,T10101
T10101,A006RL,7,Gross private domestic investment,1970Q4,Fisher Quantity Index,"Percent change, annual rate",0,-19.6,T10101
T10101,A006RL,7,Gross private domestic investment,1971Q1,Fisher Quantity Index,"Percent change, annual rate",0,55.4,T10101
T10101,A006RL,7,Gross private domestic investment,1971Q2,Fisher Quantity Index,"Percent change, annual rate",0,11.8,T10101
T10101,A006RL,7,Gross private domestic investment,1971Q3,Fisher Quantity Index,"Percent change, annual rate",0,4.9,T10101
T10101,A006RL,7,Gross private domestic investment,1971Q4,Fisher Quantity Index,"Percent change, annual rate",0,-10.3,T10101
T10101,A006RL,7,Gross private domestic investment,1972Q1,Fisher Quantity Index,"Percent change, annual rate",0,29.1,T10101
T10101,A006RL,7,Gross private domestic investment,1972Q2,Fisher Quantity Index,"Percent change, annual rate",0,24.7,T10101
T10101,A006RL,7,Gross private domestic investment,1972Q3,Fisher Quantity Index,"Percent change, annual rate",0,5.8,T10101
T10101,A006RL,7,Gross private domestic investment,1972Q4,Fisher Quantity Index,"Percent change, annual rate",0,2.5,T10101
T10101,A006RL,7,Gross private domestic investment,1973Q1,Fisher Quantity Index,"Percent change, annual rate",0,25.6,T10101
T10101,A006RL,7,Gross private domestic investment,1973Q2,Fisher Quantity Index,"Percent change, annual rate",0,18.2,T10101
T10101,A006RL,7,Gross private domestic investment,1973Q3,Fisher Quantity Index,"Percent change, annual rate",0,-13.7,T10101
T10101,A006RL,7,Gross private domestic investment,1973Q4,Fisher Quantity Index,"Percent change, annual rate",0,15.0,T10101
T10101,A006RL,7,Gross private domestic investment,1974Q1,Fisher Quantity Index,"Percent change, annual rate",0,-21.0,T10101
T10101,A006RL,7,Gross private domestic investment,1974Q2,Fisher Quantity Index,"Percent change, annual rate",0,-1.6,T10101
T10101,A006RL,7,Gross private domestic investment,1974Q3,Fisher Quantity Index,"Percent change, annual rate",0,-19.2,T10101
T10101,A006RL,7,Gross private domestic investment,1974Q4,Fisher Quantity Index,"Percent change, annual rate",0,2.4,T10101
T10101,A006RL,7,Gross private domestic investment,1975Q1,Fisher Quantity Index,"Percent change, annual rate",0,-50.5,T10101
T10101,A006RL,7,Gross private domestic investment,1975Q2,Fisher Quantity Index,"Percent change, annual rate",0,-11.4,T10101
T10101,A006RL,7,Gross private domestic investment,1975Q3,Fisher Quantity Index,"Percent change, annual rate",0,34.8,T10101
T10101,A006RL,7,Gross private domestic investment,1975Q4,Fisher Quantity Index,"Percent change, annual rate",0,11.6,T10101
T10101,A006RL,7,Gross private domestic investment,1976Q1,Fisher Quantity Index,"Percent change, annual rate",0,44.6,T10101
T10101,A006RL,7,Gross private domestic investment,1976Q2,Fisher Quantity Index,"Percent change, annual rate",0,16.8,T10101
T10101,A006RL,7,Gross private domestic investment,1976Q3,Fisher Quantity Index,"Percent change, annual rate",0,1.4,T10101
T10101,A006RL,7,Gross private domestic investment,1976Q4,Fisher Quantity Index,"Percent change, annual rate",0,3.0,T10101
T10101,A006RL,7,Gross private domestic investment,1977Q1,Fisher Quantity Index,"Percent change, annual rate",0,19.8,T10101
T10101,A006RL,7,Gross private domestic investment,1977Q2,Fisher Quantity Index,"Percent change, annual rate",0,31.9,T10101
T10101,A006RL,7,Gross private domestic investment,1977Q3,Fisher Quantity Index,"Percent change, annual rate",0,21.8,T10101
T10101,A006RL,7,Gross private domestic investment,1977Q4,Fisher Quantity Index,"Percent change, annual rate",0,-9.7,T10101
T10101,A006RL,7,Gross private domestic investment,1978Q1,Fisher Quantity Index,"Percent change, annual rate",0,8.0,T10101
T10101,A006RL,7,Gross private domestic investment,1978Q2,Fisher Quantity Index,"Percent change, annual rate",0,28.6,T10101
T10101,A006RL,7,Gross private domestic investment,1978Q3,Fisher Quantity Index,"Percent change, annual rate",0,12.2,T10101
T10101,A006RL,7,Gross private domestic investment,1978Q4,Fisher Quantity Index,"Percent change, annual rate",0,9.6,T10101
T10101,A006RL,7,Gross private domestic investment,1979Q1,Fisher Quantity Index,"Percent change, annual rate",0,0.7,T10101
T10101,A006RL,7,Gross private domestic investment,1979Q2,Fisher Quantity Index,"Percent change, annual rate",0,-0.4,T10101
T10101,A006RL,7,Gross private domestic investment,1979Q3,Fisher Quantity Index,"Percent change, annual rate",0,-6.6,T10101
T10101,A006RL,7,Gross private domestic investment,1979Q4,Fisher Quantity Index,"Percent change, annual rate",0,-6.9,T10101
T10101,A006RL,7,Gross private domestic investment,1980Q1,Fisher Quantity Index,"Percent change, annual rate",0,-2.7,T10101
T10101,A006RL,7,Gross private domestic investment,1980Q2,Fisher Quantity Index,"Percent change, annual rate",0,-29.9,T10101
T10101,A006RL,7,Gross private domestic investment,1980Q3,Fisher Quantity Index,"Percent change, annual rate",0,-23.9,T10101
T10101,A006RL,7,Gross private domestic investment,1980Q4,Fisher Quantity Index,"Percent change, annual rate",0,42.8,T10101
T10101,A006RL,7,Gross private domestic investment,1981Q1,Fisher Quantity Index,"Percent change, annual rate",0,42.5,T10101
T10101,A006RL,7,Gross private domestic investment,1981Q2,Fisher Quantity Index,"Percent change, annual rate",0,-15.6,T10101
T10101,A006RL,7,Gross private domestic investment,1981Q3,Fisher Quantity Index,"Percent change, annual rate",0,24.5,T10101
T10101,A006RL,7,Gross private domestic investment,1981Q4,Fisher Quantity Index,"Percent change, annual rate",0,-13.4,T10101
T10101,A006RL,7,Gross private domestic investment,1982Q1,Fisher Quantity Index,"Percent change, annual rate",0,-32.8,T10101
T10101,A006RL,7,Gross private domestic investment,1982Q2,Fisher Quantity Index,"Percent change, annual rate",0,-0.3,T10101
T10101,A006RL,7,Gross private domestic investment,1982Q3,Fisher Quantity Index,"Percent change, annual rate",0,-3.6,T10101
T10101,A006RL,7,Gross private domestic investment,1982Q4,Fisher Quantity Index,"Percent change, annual rate",0,-27.5,T10101
T10101,A006RL,7,Gross private domestic investment,1983Q1,Fisher Quantity Index,"Percent change, annual rate",0,14.6,T10101
T10101,A006RL,7,Gross private domestic investment,1983Q2,Fisher Quantity Index,"Percent change, annual rate",0,40.4,T10101
T10101,A006RL,7,Gross private domestic investment,1983Q3,Fisher Quantity Index,"Percent change, annual rate",0,27.5,T10101
T10101,A006RL,7,Gross private domestic investment,1983Q4,Fisher Quantity Index,"Percent change, annual rate",0,45.0,T10101
T10101,A006RL,7,Gross private domestic investment,1984Q1,Fisher Quantity Index,"Percent change, annual rate",0,44.6,T10101
T10101,A006RL,7,Gross private domestic investment,1984Q2,Fisher Quantity Index,"Percent change, annual rate",0,13.7,T10101
T10101,A006RL,7,Gross private domestic investment,1984Q3,Fisher Quantity Index,"Percent change, annual rate",0,8.9,T10101
T10101,A006RL,7,Gross private domestic investment,1984Q4,Fisher Quantity Index,"Percent change, annual rate",0,-5.1,T10101
T10101,A006RL,7,Gross private domestic investment,1985Q1,Fisher Quantity Index,"Percent change, annual rate",0,-10.5,T10101
T10101,A006RL,7,Gross private domestic investment,1985Q2,Fisher Quantity Index,"Percent change, annual rate",0,7.0,T10101
T10101,A006RL,7,Gross private domestic investment,1985Q3,Fisher Quantity Index,"Percent change, annual rate",0,-2.7,T10101
T10101,A006RL,7,Gross private domestic investment,1985Q4,Fisher Quantity Index,"Percent change, annual rate",0,15.6,T10101
T10101,A006RL,7,Gross private domestic investment,1986Q1,Fisher Quantity Index,"Percent change, annual rate",0,-0.1,T10101
T10101,A006RL,7,Gross private domestic investment,1986Q2,Fisher Quantity Index,"Percent change, annual rate",0,-6.8,T10101
T10101,A006RL,7,Gross private domestic investment,1986Q3,Fisher Quantity Index,"Percent change, annual rate",0,-10.3,T10101
T10101,A006RL,7,Gross private domestic investment,1986Q4,Fisher Quantity Index,"Percent change, annual rate",0,1.2,T10101
T10101,A006RL,7,Gross private domestic investment,1987Q1,Fisher Quantity Index,"Percent change, annual rate",0,11.2,T10101
T10101,A006RL,7,Gross private domestic investment,1987Q2,Fisher Quantity Index,"Percent change, annual rate",0,0.2,T10101
T10101,A006RL,7,Gross private domestic investment,1987Q3,Fisher Quantity Index,"Percent change, annual rate",0,0.1,T10101
T10101,A006RL,7,Gross private domestic investment,1987Q4,Fisher Quantity Index,"Percent change, annual rate",0,30.2,T10101
T10101,A006RL,7,Gross private domestic investment,1988Q1,Fisher Quantity Index,"Percent change, annual rate",0,-17.9,T10101
T10101,A006RL,7,Gross private domestic investment,1988Q2,Fisher Quantity Index,"Percent change, annual rate",0,9.9,T10101
T10101,A006RL,7,Gross private domestic investment,1988Q3,Fisher Quantity Index,"Percent change, annual rate",0,2.2,T10101
T10101,A006RL,7,Gross private domestic investment,1988Q4,Fisher Quantity Index,"Percent change, annual rate",0,6.2,T10101
T10101,A006RL,7,Gross private domestic investment,1989Q1,Fisher Quantity Index,"Percent change, annual rate",0,14.3,T10101
T10101,A006RL,7,Gross private domestic investment,1989Q2,Fisher Quantity Index,"Percent change, annual rate",0,-3.8,T10101
T10101,A006RL,7,Gross private domestic investment,1989Q3,Fisher Quantity Index,"Percent change, annual rate",0,-3.5,T10101
T10101,A006RL,7,Gross private domestic investment,1989Q4,Fisher Quantity Index,"Percent change, annual rate",0,-2.9,T10101
T10101,A006RL,7,Gross private domestic investment,1990Q1,Fisher Quantity Index,"Percent change, annual rate",0,4.0,T10101
T10101,A006RL,7,Gross private domestic investment,1990Q2,Fisher Quantity Index,"Percent change, annual rate",0,0.1,T10101
T10101,A006RL,7,Gross private domestic investment,1990Q3,Fisher Quantity Index,"Percent change, annual rate",0,-7.5,T10101
T10101,A006RL,7,Gross private domestic investment,1990Q4,Fisher Quantity Index,"Percent change, annual rate",0,-20.6,T10101
T10101,A006RL,7,Gross private domestic investment,1991Q1,Fisher Quantity Index,"Percent change, annual rate",0,-12.7,T10101
T10101,A006RL,7,Gross private domestic investment,1991Q2,Fisher Quantity Index,"Percent change, annual rate",0,0.0,T10101
T10101,A006RL,7,Gross private domestic investment,1991Q3,Fisher Quantity Index,"Percent change, annual rate",0,8.2,T10101
T10101,A006RL,7,Gross private domestic investment,1991Q4,Fisher Quantity Index,"Percent change, annual rate",0,15.0,T10101
T10101,A006RL,7,Gross private domestic investment,1992Q1,Fisher Quantity Index,"Percent change, annual rate",0,-7.2,T10101
T10101,A006RL,7,Gross private domestic investment,1992Q2,Fisher Quantity Index,"Percent change, annual rate",0,24.6,T10101
T10101,A006RL,7,Gross private domestic investment,1992Q3,Fisher Quantity Index,"Percent change, annual rate",0,3.2,T10101
T10101,A006RL,7,Gross private domestic investment,1992Q4,Fisher Quantity Index,"Percent change, annual rate",0,12.8,T10101
T10101,A006RL,7,Gross private domestic investment,1993Q1,Fisher Quantity Index,"Percent change, annual rate",0,9.8,T10101
T10101,A006RL,7,Gross private domestic investment,1993Q2,Fisher Quantity Index,"Percent change, annual rate",0,2.3,T10101
T10101,A006RL,7,Gross private domestic investment,1993Q3,Fisher Quantity Index,"Percent change, annual rate",0,-2.7,T10101
T10101,A006RL,7,Gross private domestic investment,1993Q4,Fisher Quantity Index,"Percent change, annual rate",0,22.7,T10101
T10101,A006RL,7,Gross private domestic investment,1994Q1,Fisher Quantity Index,"Percent change, annual rate",0,16.1,T10101
T10101,A006RL,7,Gross private domestic investment,1994Q2,Fisher Quantity Index,"Percent change, annual rate",0,21.2,T10101
T10101,A006RL,7,Gross private domestic investment,1994Q3,Fisher Quantity Index,"Percent change, annual rate",0,-6.4,T10101
T10101,A006RL,7,Gross private domestic investment,1994Q4,Fisher Quantity Index,"Percent change, annual rate",0,17.5,T10101
T10101,A006RL,7,Gross private domestic investment,1995Q1,Fisher Quantity Index,"Percent change, annual rate",0,4.3,T10101
T10101,A006RL,7,Gross private domestic investment,1995Q2,Fisher Quantity Index,"Percent change, annual rate",0,-8.1,T10101
T10101,A006RL,7,Gross private domestic investment,1995Q3,Fisher Quantity Index,"Percent change, annual rate",0,-2.4,T10101
T10101,A006RL,7,Gross private domestic investment,1995Q4,Fisher Quantity Index,"Percent change, annual rate",0,10.3,T10101
T10101,A006RL,7,Gross private domestic investment,1996Q1,Fisher Quantity Index,"Percent change, annual rate",0,6.6,T10101
T10101,A006RL,7,Gross private domestic investment,1996Q2,Fisher Quantity Index,"Percent change, annual rate",0,20.6,T10101
T10101,A006RL,7,Gross private domestic investment,1996Q3,Fisher Quantity Index,"Percent change, annual rate",0,19.4,T10101
T10101,A006RL,7,Gross private domestic investment,1996Q4,Fisher Quantity Index,"Percent change, annual rate",0,-0.5,T10101
T10101,A006RL,7,Gross private domestic investment,1997Q1,Fisher Quantity Index,"Percent change, annual rate",0,8.3,T10101
T10101,A006RL,7,Gross private domestic investment,1997Q2,Fisher Quantity Index,"Percent change, annual rate",0,26.9,T10101
T10101,A006RL,7,Gross private domestic investment,1997Q3,Fisher Quantity Index,"Percent change, annual rate",0,5.7,T10101
T10101,A006RL,7,Gross private domestic investment,1997Q4,Fisher Quantity Index,"Percent change, annual rate",0,6.0,T10101
T10101,A006RL,7,Gross private domestic investment,1998Q1,Fisher Quantity Index,"Percent change, annual rate",0,18.7,T10101
T10101,A006RL,7,Gross private domestic investment,1998Q2,Fisher Quantity Index,"Percent change, annual rate",0,-2.5,T10101
T10101,A006RL,7,Gross private domestic investment,1998Q3,Fisher Quantity Index,"Percent change, annual rate",0,10.8,T10101
T10101,A006RL,7,Gross private domestic investment,1998Q4,Fisher Quantity Index,"Percent change, annual rate",0,12.7,T10101
T10101,A006RL,7,Gross private domestic investment,1999Q1,Fisher Quantity Index,"Percent change, annual rate",0,11.5,T10101
T10101,A006RL,7,Gross private domestic investment,1999Q2,Fisher Quantity Index,"Percent change, annual rate",0,0.2,T10101
T10101,A006RL,7,Gross private domestic investment,1999Q3,Fisher Quantity Index,"Percent change, annual rate",0,11.5,T10101
T10101,A006RL,7,Gross private domestic investment,1999Q4,Fisher Quantity Index,"Percent change, annual rate",0,11.1,T10101
T10101,A006RL,7,Gross private domestic investment,2000Q1,Fisher Quantity Index,"Percent change, annual rate",0,-2.8,T10101
T10101,A006RL,7,Gross private domestic investment,2000Q2,Fisher Quantity Index,"Percent change, annual rate",0,25.9,T10101
T10101,A006RL,7,Gross private domestic investment,2000Q3,Fisher Quantity Index,"Percent change, annual rate",0,-3.8,T10101
T10101,A006RL,7,Gross private domestic investment,2000Q4,Fisher Quantity Index,"Percent change, annual rate",0,0.8,T10101
T10101,A006RL,7,Gross private domestic investment,2001Q1,Fisher Quantity Index,"Percent change, annual rate",0,-17.0,T10101
T10101,A006RL,7,Gross private domestic investment,2001Q2,Fisher Quantity Index,"Percent change, annual rate",0,0.6,T10101
T10101,A006RL,7,Gross private domestic investment,2001Q3,Fisher Quantity Index,"Percent change, annual rate",0,-8.4,T10101
T10101,A006RL,7,Gross private domestic investment,2001Q4,Fisher Quantity Index,"Percent change, annual rate",0,-18.4,T10101
T10101,A006RL,7,Gross private domestic investment,2002Q1,Fisher Quantity Index,"Percent change, annual rate",0,12.5,T10101
T10101,A006RL,7,Gross private domestic investment,2002Q2,Fisher Quantity Index,"Percent change, annual rate",0,6.7,T10101
T10101,A006RL,7,Gross private domestic investment,2002Q3,Fisher Quantity Index,"Percent change, annual rate",0,-0.5,T10101
T10101,A006RL,7,Gross private domestic investment,2002Q4,Fisher Quantity Index,"Percent change, annual rate",0,-0.4,T10101
T10101,A006RL,7,Gross private domestic investment,2003Q1,Fisher Quantity Index,"Percent change, annual rate",0,3.3,T10101
T10101,A006RL,7,Gross private domestic investment,2003Q2,Fisher Quantity Index,"Percent change, annual rate",0,2.6,T10101
T10101,A006RL,7,Gross private domestic investment,2003Q3,Fisher Quantity Index,"Percent change, annual rate",0,15.3,T10101
T10101,A006RL,7,Gross private domestic investment,2003Q4,Fisher Quantity Index,"Percent change, annual rate",0,14.4,T10101
T10101,A006RL,7,Gross private domestic investment,2004Q1,Fisher Quantity Index,"Percent change, annual rate",0,0.7,T10101
T10101,A006RL,7,Gross private domestic investment,2004Q2,Fisher Quantity Index,"Percent change, annual rate",0,16.9,T10101
T10101,A006RL,7,Gross private domestic investment,2004Q3,Fisher Quantity Index,"Percent change, annual rate",0,6.5,T10101
T10101,A006RL,7,Gross private domestic investment,2004Q4,Fisher Quantity Index,"Percent change, annual rate",0,8.6,T10101
T10101,A006RL,7,Gross private domestic investment,2005Q1,Fisher Quantity Index,"Percent change, annual rate",0,11.7,T10101
T10101,A006RL,7,Gross private domestic investment,2005Q2,Fisher Quantity Index,"Percent change, annual rate",0,-5.1,T10101
T10101,A006RL,7,Gross private domestic investment,2005Q3,Fisher Quantity Index,"Percent change, annual rate",0,5.4,T10101
T10101,A006RL,7,Gross private domestic investment,2005Q4,Fisher Quantity Index,"Percent change, annual rate",0,13.4,T10101
T10101,A006RL,7,Gross private domestic investment,2006Q1,Fisher Quantity Index,"Percent change, annual rate",0,6.0,T10101
T10101,A006RL,7,Gross private domestic investment,2006Q2,Fisher Quantity Index,"Percent change, annual rate",0,-2.3,T10101
T10101,A006RL,7,Gross private domestic investment,2006Q3,Fisher Quantity Index,"Percent change, annual rate",0,-1.5,T10101
T10101,A006RL,7,Gross private domestic investment,2006Q4,Fisher Quantity Index,"Percent change, annual rate",0,-7.2,T10101
T10101,A006RL,7,Gross private domestic investment,2007Q1,Fisher Quantity Index,"Percent change, annual rate",0,-2.6,T10101
T10101,A006RL,7,Gross private domestic investment,2007Q2,Fisher Quantity Index,"Percent change, annual rate",0,3.9,T10101
T10101,A006RL,7,Gross private domestic investment,2007Q3,Fisher Quantity Index,"Percent change, annual rate",0,-4.5,T10101
T10101,A006RL,7,Gross private domestic investment,2007Q4,Fisher Quantity Index,"Percent change, annual rate",0,-4.5,T10101
T10101,A006RL,7,Gross private domestic investment,2008Q1,Fisher Quantity Index,"Percent change, annual rate",0,-10.5,T10101
T10101,A006RL,7,Gross private domestic investment,2008Q2,Fisher Quantity Index,"Percent change, annual rate",0,-6.6,T10101
T10101,A006RL,7,Gross private domestic investment,2008Q3,Fisher Quantity Index,"Percent change, annual rate",0,-7.7,T10101
T10101,A006RL,7,Gross private domestic investment,2008Q4,Fisher Quantity Index,"Percent change, annual rate",0,-33.4,T10101
T10101,A006RL,7,Gross private domestic investment,2009Q1,Fisher Quantity Index,"Percent change, annual rate",0,-38.3,T10101
T10101,A006RL,7,Gross private domestic investment,2009Q2,Fisher Quantity Index,"Percent change, annual rate",0,-21.3,T10101
T10101,A006RL,7,Gross private domestic investment,2009Q3,Fisher Quantity Index,"Percent change, annual rate",0,-1.2,T10101
T10101,A006RL,7,Gross private domestic investment,2009Q4,Fisher Quantity Index,"Percent change, annual rate",0,42.9,T10101
T10101,A006RL,7,Gross private domestic investment,2010Q1,Fisher Quantity Index,"Percent change, annual rate",0,8.9,T10101
T10101,A006RL,7,Gross private domestic investment,2010Q2,Fisher Quantity Index,"Percent change, annual rate",0,22.7,T10101
T10101,A006RL,7,Gross private domestic investment,2010Q3,Fisher Quantity Index,"Percent change, annual rate",0,19.0,T10101
T10101,A006RL,7,Gross private domestic investment,2010Q4,Fisher Quantity Index,"Percent change, annual rate",0,-1.1,T10101
T10101,A006RL,7,Gross private domestic investment,2011Q1,Fisher Quantity Index,"Percent change, annual rate",0,-7.2,T10101
T10101,A006RL,7,Gross private domestic investment,2011Q2,Fisher Quantity Index,"Percent change, annual rate",0,17.4,T10101
T10101,A006RL,7,Gross private domestic investment,2011Q3,Fisher Quantity Index,"Percent change, annual rate",0,1.8,T10101
T10101,A006RL,7,Gross private domestic investment,2011Q4,Fisher Quantity Index,"Percent change, annual rate",0,34.6,T10101
T10101,A006RL,7,Gross private domestic investment,2012Q1,Fisher Quantity Index,"Percent change, annual rate",0,9.2,T10101
T10101,A006RL,7,Gross private domestic investment,2012Q2,Fisher Quantity Index,"Percent change, annual rate",0,9.3,T10101
T10101,A006RL,7,Gross private domestic investment,2012Q3,Fisher Quantity Index,"Percent change, annual rate",0,1.1,T10101
T10101,A006RL,7,Gross private domestic investment,2012Q4,Fisher Quantity Index,"Percent change, annual rate",0,-3.3,T10101
T10101,A006RL,7,Gross private domestic investment,2013Q1,Fisher Quantity Index,"Percent change, annual rate",0,16.9,T10101
T10101,A006RL,7,Gross private domestic investment,2013Q2,Fisher Quantity Index,"Percent change, annual rate",0,5.3,T10101
T10101,A006RL,7,Gross private domestic investment,2013Q3,Fisher Quantity Index,"Percent change, annual rate",0,17.2,T10101
T10101,A006RL,7,Gross private domestic investment,2013Q4,Fisher Quantity Index,"Percent change, annual rate",0,3.9,T10101
T10101,A006RL,7,Gross private domestic investment,2014Q1,Fisher Quantity Index,"Percent change, annual rate",0,-3.9,T10101
T10101,A006RL,7,Gross private domestic investment,2014Q2,Fisher Quantity Index,"Percent change, annual rate",0,17.5,T10101
T10101,A006RL,7,Gross private domestic investment,2014Q3,Fisher Quantity Index,"Percent change, annual rate",0,9.5,T10101
T10101,A006RL,7,Gross private domestic investment,2014Q4,Fisher Quantity Index,"Percent change, annual rate",0,1.3,T10101
T10101,A006RL,7,Gross private domestic investment,2015Q1,Fisher Quantity Index,"Percent change, annual rate",0,14.7,T10101
T10101,A006RL,7,Gross private domestic investment,2015Q2,Fisher Quantity Index,"Percent change, annual rate",0,1.6,T10101
T10101,A006RL,7,Gross private domestic investment,2015Q3,Fisher Quantity Index,"Percent change, annual rate",0,0.9,T10101
T10101,A006RL,7,Gross private domestic investment,2015Q4,Fisher Quantity Index,"Percent change, annual rate",0,-2.4,T10101
T10101,A006RL,7,Gross private domestic investment,2016Q1,Fisher Quantity Index,"Percent change, annual rate",0,-1.7,T10101
T10101,A006RL,7,Gross private domestic investment,2016Q2,Fisher Quantity Index,"Percent change, annual rate",0,-1.7,T10101
T10101,A006RL,7,Gross private domestic investment,2016Q3,Fisher Quantity Index,"Percent change, annual rate",0,1.7,T10101
T10101,A006RL,7,Gross private domestic investment,2016Q4,Fisher Quantity Index,"Percent change, annual rate",0,11.4,T10101
T10101,A006RL,7,Gross private domestic investment,2017Q1,Fisher Quantity Index,"Percent change, annual rate",0,-1.1,T10101
T10101,A006RL,7,Gross private domestic investment,2017Q2,Fisher Quantity Index,"Percent change, annual rate",0,6.4,T10101
T10101,A006RL,7,Gross private domestic investment,2017Q3,Fisher Quantity Index,"Percent change, annual rate",0,6.8,T10101
T10101,A006RL,7,Gross private domestic investment,2017Q4,Fisher Quantity Index,"Percent change, annual rate",0,7.7,T10101
T10101,A006RL,7,Gross private domestic investment,2018Q1,Fisher Quantity Index,"Percent change, annual rate",0,6.2,T10101
T10101,A006RL,7,Gross private domestic investment,2018Q2,Fisher Quantity Index,"Percent change, annual rate",0,-0.1,T10101
T10101,A006RL,7,Gross private domestic investment,2018Q3,Fisher Quantity Index,"Percent change, annual rate",0,12.7,T10101
T10101,A006RL,7,Gross private domestic investment,2018Q4,Fisher Quantity Index,"Percent change, annual rate",0,0.3,T10101
T10101,A006RL,7,Gross private domestic investment,2019Q1,Fisher Quantity Index,"Percent change, annual rate",0,3.3,T10101
T10101,A006RL,7,Gross private domestic investment,2019Q2,Fisher Quantity Index,"Percent change, annual rate",0,3.7,T10101
T10101,A006RL,7,Gross private domestic investment,2019Q3,Fisher Quantity Index,"Percent change, annual rate",0,3.2,T10101
T10101,A006RL,7,Gross private domestic investment,2019Q4,Fisher Quantity Index,"Percent change, annual rate",0,-5.1,T10101
T10101,A006RL,7,Gross private domestic investment,2020Q1,Fisher Quantity Index,"Percent change, annual rate",0,-9.6,T10101
T10101,A006RL,7,Gross private domestic investment,2020Q2,Fisher Quantity Index,"Percent change, annual rate",0,-45.2,T10101
T10101,A006RL,7,Gross private domestic investment,2020Q3,Fisher Quantity Index,"Percent change, annual rate",0,98.6,T10101
T10101,A006RL,7,Gross private domestic investment,2020Q4,Fisher Quantity Index,"Percent change, annual rate",0,13.8,T10101
T10101,A006RL,7,Gross private domestic investment,2021Q1,Fisher Quantity Index,"Percent change, annual rate",0,-3.0,T10101
T10101,A006RL,7,Gross private domestic investment,2021Q2,Fisher Quantity Index,"Percent change, annual rate",0,-5.1,T10101
T10101,A006RL,7,Gross private domestic investment,2021Q3,Fisher Quantity Index,"Percent change, annual rate",0,15.4,T10101
T10101,A006RL,7,Gross private domestic investment,2021Q4,Fisher Quantity Index,"Percent change, annual rate",0,28.5,T10101
T10101,A006RL,7,Gross private domestic investment,2022Q1,Fisher Quantity Index,"Percent change, annual rate",0,7.9,T10101
T10101,A006RL,7,Gross private domestic investment,2022Q2,Fisher Quantity Index,"Percent change, annual rate",0,-8.6,T10101
T10101,A006RL,7,Gross private domestic investment,2022Q3,Fisher Quantity Index,"Percent change, annual rate",0,-6.7,T10101
T10101,A006RL,7,Gross private domestic investment,2022Q4,Fisher Quantity Index,"Percent change, annual rate",0,8.0,T10101
T10101,A006RL,7,Gross private domestic investment,2023Q1,Fisher Quantity Index,"Percent change, annual rate",0,-7.1,T10101
T10101,A006RL,7,Gross private domestic investment,2023Q2,Fisher Quantity Index,"Percent change, annual rate",0,7.2,T10101
T10101,A006RL,7,Gross private domestic investment,2023Q3,Fisher Quantity Index,"Percent change, annual rate",0,9.4,T10101
T10101,A006RL,7,Gross private domestic investment,2023Q4,Fisher Quantity Index,"Percent change, annual rate",0,3.6,T10101
T10101,A006RL,7,Gross private domestic investment,2024Q1,Fisher Quantity Index,"Percent change, annual rate",0,-1.6,T10101
T10101,A006RL,7,Gross private domestic investment,2024Q2,Fisher Quantity Index,"Percent change, annual rate",0,8.2,T10101
T10101,A006RL,7,Gross private domestic investment,2024Q3,Fisher Quantity Index,"Percent change, annual rate",0,0.9,T10101
T10101,A006RL,7,Gross private domestic investment,2024Q4,Fisher Quantity Index,"Percent change, annual rate",0,-6.8,T10101
T10101,A006RL,7,Gross private domestic investment,2025Q1,Fisher Quantity Index,"Percent change, annual rate",0,23.3,T10101
T10101,A006RL,7,Gross private domestic investment,2025Q2,Fisher Quantity Index,"Percent change, annual rate",0,-13.8,T10101
T10101,A006RL,7,Gross private domestic investment,2025Q3,Fisher Quantity Index,"Percent change, annual rate",0,0.0,T10101
T10101,A007RL,8,Fixed investment,1947Q2,Fisher Quantity Index,"Percent change, annual rate",0,-10.0,T10101
T10101,A007RL,8,Fixed investment,1947Q3,Fisher Quantity Index,"Percent change, annual rate",0,13.5,T10101
T10101,A007RL,8,Fixed investment,1947Q4,Fisher Quantity Index,"Percent change, annual rate",0,37.3,T10101
T10101,A007RL,8,Fixed investment,1948Q1,Fisher Quantity Index,"Percent change, annual rate",0,13.4,T10101
T10101,A007RL,8,Fixed investment,1948Q2,Fisher Quantity Index,"Percent change, annual rate",0,-0.6,T10101
T10101,A007RL,8,Fixed investment,1948Q3,Fisher Quantity Index,"Percent change, annual rate",0,-4.0,T10101
T10101,A007RL,8,Fixed investment,1948Q4,Fisher Quantity Index,"Percent change, annual rate",0,-4.5,T10101
T10101,A007RL,8,Fixed investment,1949Q1,Fisher Quantity Index,"Percent change, annual rate",0,-20.3,T10101
T10101,A007RL,8,Fixed investment,1949Q2,Fisher Quantity Index,"Percent change, annual rate",0,-11.6,T10101
T10101,A007RL,8,Fixed investment,1949Q3,Fisher Quantity Index,"Percent change, annual rate",0,-0.7,T10101
T10101,A007RL,8,Fixed investment,1949Q4,Fisher Quantity Index,"Percent change, annual rate",0,15.3,T10101
T10101,A007RL,8,Fixed investment,1950Q1,Fisher Quantity Index,"Percent change, annual rate",0,26.9,T10101
T10101,A007RL,8,Fixed investment,1950Q2,Fisher Quantity Index,"Percent change, annual rate",0,40.5,T10101
T10101,A007RL,8,Fixed investment,1950Q3,Fisher Quantity Index,"Percent change, annual rate",0,31.6,T10101
T10101,A007RL,8,Fixed investment,1950Q4,Fisher Quantity Index,"Percent change, annual rate",0,-7.7,T10101
T10101,A007RL,8,Fixed investment,1951Q1,Fisher Quantity Index,"Percent change, annual rate",0,-13.7,T10101
T10101,A007RL,8,Fixed investment,1951Q2,Fisher Quantity Index,"Percent change, annual rate",0,-16.7,T10101
T10101,A007RL,8,Fixed investment,1951Q3,Fisher Quantity Index,"Percent change, annual rate",0,-5.8,T10101
T10101,A007RL,8,Fixed investment,1951Q4,Fisher Quantity Index,"Percent change, annual rate",0,-3.0,T10101
T10101,A007RL,8,Fixed investment,1952Q1,Fisher Quantity Index,"Percent change, annual rate",0,6.3,T10101
T10101,A007RL,8,Fixed investment,1952Q2,Fisher Quantity Index,"Percent change, annual rate",0,6.9,T10101
T10101,A007RL,8,Fixed investment,1952Q3,Fisher Quantity Index,"Percent change, annual rate",0,-20.0,T10101
T10101,A007RL,8,Fixed investment,1952Q4,Fisher Quantity Index,"Percent change, annual rate",0,34.1,T10101
T10101,A007RL,8,Fixed investment,1953Q1,Fisher Quantity Index,"Percent change, annual rate",0,17.3,T10101
T10101,A007RL,8,Fixed investment,1953Q2,Fisher Quantity Index,"Percent change, annual rate",0,3.1,T10101
T10101,A007RL,8,Fixed investment,1953Q3,Fisher Quantity Index,"Percent change, annual rate",0,0.7,T10101
T10101,A007RL,8,Fixed investment,1953Q4,Fisher Quantity Index,"Percent change, annual rate",0,-3.4,T10101
T10101,A007RL,8,Fixed investment,1954Q1,Fisher Quantity Index,"Percent change, annual rate",0,-5.5,T10101
T10101,A007RL,8,Fixed investment,1954Q2,Fisher Quantity Index,"Percent change, annual rate",0,6.5,T10101
T10101,A007RL,8,Fixed investment,1954Q3,Fisher Quantity Index,"Percent change, annual rate",0,16.1,T10101
T10101,A007RL,8,Fixed investment,1954Q4,Fisher Quantity Index,"Percent change, annual rate",0,9.0,T10101
T10101,A007RL,8,Fixed investment,1955Q1,Fisher Quantity Index,"Percent change, annual rate",0,16.3,T10101
T10101,A007RL,8,Fixed investment,1955Q2,Fisher Quantity Index,"Percent change, annual rate",0,17.8,T10101
T10101,A007RL,8,Fixed investment,1955Q3,Fisher Quantity Index,"Percent change, annual rate",0,9.4,T10101
T10101,A007RL,8,Fixed investment,1955Q4,Fisher Quantity Index,"Percent change, annual rate",0,1.6,T10101
T10101,A007RL,8,Fixed investment,1956Q1,Fisher Quantity Index,"Percent change, annual rate",0,-6.5,T10101
T10101,A007RL,8,Fixed investment,1956Q2,Fisher Quantity Index,"Percent change, annual rate",0,4.2,T10101
T10101,A007RL,8,Fixed investment,1956Q3,Fisher Quantity Index,"Percent change, annual rate",0,0.2,T10101
T10101,A007RL,8,Fixed investment,1956Q4,Fisher Quantity Index,"Percent change, annual rate",0,-1.8,T10101
T10101,A007RL,8,Fixed investment,1957Q1,Fisher Quantity Index,"Percent change, annual rate",0,-0.3,T10101
T10101,A007RL,8,Fixed investment,1957Q2,Fisher Quantity Index,"Percent change, annual rate",0,-3.4,T10101
T10101,A007RL,8,Fixed investment,1957Q3,Fisher Quantity Index,"Percent change, annual rate",0,4.1,T10101
T10101,A007RL,8,Fixed investment,1957Q4,Fisher Quantity Index,"Percent change, annual rate",0,-6.5,T10101
T10101,A007RL,8,Fixed investment,1958Q1,Fisher Quantity Index,"Percent change, annual rate",0,-20.7,T10101
T10101,A007RL,8,Fixed investment,1958Q2,Fisher Quantity Index,"Percent change, annual rate",0,-9.5,T10101
T10101,A007RL,8,Fixed investment,1958Q3,Fisher Quantity Index,"Percent change, annual rate",0,6.1,T10101
T10101,A007RL,8,Fixed investment,1958Q4,Fisher Quantity Index,"Percent change, annual rate",0,25.9,T10101
T10101,A007RL,8,Fixed investment,1959Q1,Fisher Quantity Index,"Percent change, annual rate",0,25.7,T10101
T10101,A007RL,8,Fixed investment,1959Q2,Fisher Quantity Index,"Percent change, annual rate",0,12.9,T10101
T10101,A007RL,8,Fixed investment,1959Q3,Fisher Quantity Index,"Percent change, annual rate",0,4.3,T10101
T10101,A007RL,8,Fixed investment,1959Q4,Fisher Quantity Index,"Percent change, annual rate",0,-4.6,T10101
T10101,A007RL,8,Fixed investment,1960Q1,Fisher Quantity Index,"Percent change, annual rate",0,14.0,T10101
T10101,A007RL,8,Fixed investment,1960Q2,Fisher Quantity Index,"Percent change, annual rate",0,-7.1,T10101
T10101,A007RL,8,Fixed investment,1960Q3,Fisher Quantity Index,"Percent change, annual rate",0,-8.3,T10101
T10101,A007RL,8,Fixed investment,1960Q4,Fisher Quantity Index,"Percent change, annual rate",0,-0.8,T10101
T10101,A007RL,8,Fixed investment,1961Q1,Fisher Quantity Index,"Percent change, annual rate",0,-3.3,T10101
T10101,A007RL,8,Fixed investment,1961Q2,Fisher Quantity Index,"Percent change, annual rate",0,6.7,T10101
T10101,A007RL,8,Fixed investment,1961Q3,Fisher Quantity Index,"Percent change, annual rate",0,9.9,T10101
T10101,A007RL,8,Fixed investment,1961Q4,Fisher Quantity Index,"Percent change, annual rate",0,13.3,T10101
T10101,A007RL,8,Fixed investment,1962Q1,Fisher Quantity Index,"Percent change, annual rate",0,7.9,T10101
T10101,A007RL,8,Fixed investment,1962Q2,Fisher Quantity Index,"Percent change, annual rate",0,11.8,T10101
T10101,A007RL,8,Fixed investment,1962Q3,Fisher Quantity Index,"Percent change, annual rate",0,3.3,T10101
T10101,A007RL,8,Fixed investment,1962Q4,Fisher Quantity Index,"Percent change, annual rate",0,-1.2,T10101
T10101,A007RL,8,Fixed investment,1963Q1,Fisher Quantity Index,"Percent change, annual rate",0,5.3,T10101
T10101,A007RL,8,Fixed investment,1963Q2,Fisher Quantity Index,"Percent change, annual rate",0,19.1,T10101
T10101,A007RL,8,Fixed investment,1963Q3,Fisher Quantity Index,"Percent change, annual rate",0,10.2,T10101
T10101,A007RL,8,Fixed investment,1963Q4,Fisher Quantity Index,"Percent change, annual rate",0,12.5,T10101
T10101,A007RL,8,Fixed investment,1964Q1,Fisher Quantity Index,"Percent change, annual rate",0,14.6,T10101
T10101,A007RL,8,Fixed investment,1964Q2,Fisher Quantity Index,"Percent change, annual rate",0,-0.7,T10101
T10101,A007RL,8,Fixed investment,1964Q3,Fisher Quantity Index,"Percent change, annual rate",0,6.7,T10101
T10101,A007RL,8,Fixed investment,1964Q4,Fisher Quantity Index,"Percent change, annual rate",0,3.5,T10101
T10101,A007RL,8,Fixed investment,1965Q1,Fisher Quantity Index,"Percent change, annual rate",0,19.3,T10101
T10101,A007RL,8,Fixed investment,1965Q2,Fisher Quantity Index,"Percent change, annual rate",0,11.8,T10101
T10101,A007RL,8,Fixed investment,1965Q3,Fisher Quantity Index,"Percent change, annual rate",0,11.3,T10101
T10101,A007RL,8,Fixed investment,1965Q4,Fisher Quantity Index,"Percent change, annual rate",0,9.6,T10101
T10101,A007RL,8,Fixed investment,1966Q1,Fisher Quantity Index,"Percent change, annual rate",0,15.8,T10101
T10101,A007RL,8,Fixed investment,1966Q2,Fisher Quantity Index,"Percent change, annual rate",0,-3.9,T10101
T10101,A007RL,8,Fixed investment,1966Q3,Fisher Quantity Index,"Percent change, annual rate",0,0.4,T10101
T10101,A007RL,8,Fixed investment,1966Q4,Fisher Quantity Index,"Percent change, annual rate",0,-10.2,T10101
T10101,A007RL,8,Fixed investment,1967Q1,Fisher Quantity Index,"Percent change, annual rate",0,-7.3,T10101
T10101,A007RL,8,Fixed investment,1967Q2,Fisher Quantity Index,"Percent change, annual rate",0,10.2,T10101
T10101,A007RL,8,Fixed investment,1967Q3,Fisher Quantity Index,"Percent change, annual rate",0,4.9,T10101
T10101,A007RL,8,Fixed investment,1967Q4,Fisher Quantity Index,"Percent change, annual rate",0,12.6,T10101
T10101,A007RL,8,Fixed investment,1968Q1,Fisher Quantity Index,"Percent change, annual rate",0,9.2,T10101
T10101,A007RL,8,Fixed investment,1968Q2,Fisher Quantity Index,"Percent change, annual rate",0,-1.0,T10101
T10101,A007RL,8,Fixed investment,1968Q3,Fisher Quantity Index,"Percent change, annual rate",0,6.4,T10101
T10101,A007RL,8,Fixed investment,1968Q4,Fisher Quantity Index,"Percent change, annual rate",0,9.8,T10101
T10101,A007RL,8,Fixed investment,1969Q1,Fisher Quantity Index,"Percent change, annual rate",0,11.6,T10101
T10101,A007RL,8,Fixed investment,1969Q2,Fisher Quantity Index,"Percent change, annual rate",0,2.1,T10101
T10101,A007RL,8,Fixed investment,1969Q3,Fisher Quantity Index,"Percent change, annual rate",0,5.8,T10101
T10101,A007RL,8,Fixed investment,1969Q4,Fisher Quantity Index,"Percent change, annual rate",0,-8.6,T10101
T10101,A007RL,8,Fixed investment,1970Q1,Fisher Quantity Index,"Percent change, annual rate",0,-2.0,T10101
T10101,A007RL,8,Fixed investment,1970Q2,Fisher Quantity Index,"Percent change, annual rate",0,-8.0,T10101
T10101,A007RL,8,Fixed investment,1970Q3,Fisher Quantity Index,"Percent change, annual rate",0,6.9,T10101
T10101,A007RL,8,Fixed investment,1970Q4,Fisher Quantity Index,"Percent change, annual rate",0,-0.1,T10101
T10101,A007RL,8,Fixed investment,1971Q1,Fisher Quantity Index,"Percent change, annual rate",0,8.5,T10101
T10101,A007RL,8,Fixed investment,1971Q2,Fisher Quantity Index,"Percent change, annual rate",0,15.9,T10101
T10101,A007RL,8,Fixed investment,1971Q3,Fisher Quantity Index,"Percent change, annual rate",0,7.1,T10101
T10101,A007RL,8,Fixed investment,1971Q4,Fisher Quantity Index,"Percent change, annual rate",0,10.9,T10101
T10101,A007RL,8,Fixed investment,1972Q1,Fisher Quantity Index,"Percent change, annual rate",0,18.2,T10101
T10101,A007RL,8,Fixed investment,1972Q2,Fisher Quantity Index,"Percent change, annual rate",0,7.1,T10101
T10101,A007RL,8,Fixed investment,1972Q3,Fisher Quantity Index,"Percent change, annual rate",0,4.6,T10101
T10101,A007RL,8,Fixed investment,1972Q4,Fisher Quantity Index,"Percent change, annual rate",0,18.7,T10101
T10101,A007RL,8,Fixed investment,1973Q1,Fisher Quantity Index,"Percent change, annual rate",0,16.6,T10101
T10101,A007RL,8,Fixed investment,1973Q2,Fisher Quantity Index,"Percent change, annual rate",0,3.1,T10101
T10101,A007RL,8,Fixed investment,1973Q3,Fisher Quantity Index,"Percent change, annual rate",0,-1.2,T10101
T10101,A007RL,8,Fixed investment,1973Q4,Fisher Quantity Index,"Percent change, annual rate",0,-3.4,T10101
T10101,A007RL,8,Fixed investment,1974Q1,Fisher Quantity Index,"Percent change, annual rate",0,-7.7,T10101
T10101,A007RL,8,Fixed investment,1974Q2,Fisher Quantity Index,"Percent change, annual rate",0,-4.9,T10101
T10101,A007RL,8,Fixed investment,1974Q3,Fisher Quantity Index,"Percent change, annual rate",0,-6.4,T10101
T10101,A007RL,8,Fixed investment,1974Q4,Fisher Quantity Index,"Percent change, annual rate",0,-19.8,T10101
T10101,A007RL,8,Fixed investment,1975Q1,Fisher Quantity Index,"Percent change, annual rate",0,-20.8,T10101
T10101,A007RL,8,Fixed investment,1975Q2,Fisher Quantity Index,"Percent change, annual rate",0,-4.5,T10101
T10101,A007RL,8,Fixed investment,1975Q3,Fisher Quantity Index,"Percent change, annual rate",0,10.2,T10101
T10101,A007RL,8,Fixed investment,1975Q4,Fisher Quantity Index,"Percent change, annual rate",0,8.2,T10101
T10101,A007RL,8,Fixed investment,1976Q1,Fisher Quantity Index,"Percent change, annual rate",0,17.4,T10101
T10101,A007RL,8,Fixed investment,1976Q2,Fisher Quantity Index,"Percent change, annual rate",0,6.8,T10101
T10101,A007RL,8,Fixed investment,1976Q3,Fisher Quantity Index,"Percent change, annual rate",0,4.6,T10101
T10101,A007RL,8,Fixed investment,1976Q4,Fisher Quantity Index,"Percent change, annual rate",0,20.4,T10101
T10101,A007RL,8,Fixed investment,1977Q1,Fisher Quantity Index,"Percent change, annual rate",0,14.5,T10101
T10101,A007RL,8,Fixed investment,1977Q2,Fisher Quantity Index,"Percent change, annual rate",0,22.5,T10101
T10101,A007RL,8,Fixed investment,1977Q3,Fisher Quantity Index,"Percent change, annual rate",0,5.2,T10101
T10101,A007RL,8,Fixed investment,1977Q4,Fisher Quantity Index,"Percent change, annual rate",0,7.1,T10101
T10101,A007RL,8,Fixed investment,1978Q1,Fisher Quantity Index,"Percent change, annual rate",0,3.7,T10101
T10101,A007RL,8,Fixed investment,1978Q2,Fisher Quantity Index,"Percent change, annual rate",0,30.3,T10101
T10101,A007RL,8,Fixed investment,1978Q3,Fisher Quantity Index,"Percent change, annual rate",0,11.3,T10101
T10101,A007RL,8,Fixed investment,1978Q4,Fisher Quantity Index,"Percent change, annual rate",0,9.1,T10101
T10101,A007RL,8,Fixed investment,1979Q1,Fisher Quantity Index,"Percent change, annual rate",0,3.6,T10101
T10101,A007RL,8,Fixed investment,1979Q2,Fisher Quantity Index,"Percent change, annual rate",0,-2.3,T10101
T10101,A007RL,8,Fixed investment,1979Q3,Fisher Quantity Index,"Percent change, annual rate",0,7.2,T10101
T10101,A007RL,8,Fixed investment,1979Q4,Fisher Quantity Index,"Percent change, annual rate",0,-3.7,T10101
T10101,A007RL,8,Fixed investment,1980Q1,Fisher Quantity Index,"Percent change, annual rate",0,-5.1,T10101
T10101,A007RL,8,Fixed investment,1980Q2,Fisher Quantity Index,"Percent change, annual rate",0,-29.0,T10101
T10101,A007RL,8,Fixed investment,1980Q3,Fisher Quantity Index,"Percent change, annual rate",0,4.9,T10101
T10101,A007RL,8,Fixed investment,1980Q4,Fisher Quantity Index,"Percent change, annual rate",0,16.0,T10101
T10101,A007RL,8,Fixed investment,1981Q1,Fisher Quantity Index,"Percent change, annual rate",0,3.8,T10101
T10101,A007RL,8,Fixed investment,1981Q2,Fisher Quantity Index,"Percent change, annual rate",0,3.2,T10101
T10101,A007RL,8,Fixed investment,1981Q3,Fisher Quantity Index,"Percent change, annual rate",0,0.2,T10101
T10101,A007RL,8,Fixed investment,1981Q4,Fisher Quantity Index,"Percent change, annual rate",0,-1.3,T10101
T10101,A007RL,8,Fixed investment,1982Q1,Fisher Quantity Index,"Percent change, annual rate",0,-10.6,T10101
T10101,A007RL,8,Fixed investment,1982Q2,Fisher Quantity Index,"Percent change, annual rate",0,-12.0,T10101
T10101,A007RL,8,Fixed investment,1982Q3,Fisher Quantity Index,"Percent change, annual rate",0,-9.2,T10101
T10101,A007RL,8,Fixed investment,1982Q4,Fisher Quantity Index,"Percent change, annual rate",0,0.2,T10101
T10101,A007RL,8,Fixed investment,1983Q1,Fisher Quantity Index,"Percent change, annual rate",0,9.3,T10101
T10101,A007RL,8,Fixed investment,1983Q2,Fisher Quantity Index,"Percent change, annual rate",0,16.0,T10101
T10101,A007RL,8,Fixed investment,1983Q3,Fisher Quantity Index,"Percent change, annual rate",0,24.4,T10101
T10101,A007RL,8,Fixed investment,1983Q4,Fisher Quantity Index,"Percent change, annual rate",0,24.2,T10101
T10101,A007RL,8,Fixed investment,1984Q1,Fisher Quantity Index,"Percent change, annual rate",0,13.2,T10101
T10101,A007RL,8,Fixed investment,1984Q2,Fisher Quantity Index,"Percent change, annual rate",0,16.6,T10101
T10101,A007RL,8,Fixed investment,1984Q3,Fisher Quantity Index,"Percent change, annual rate",0,8.2,T10101
T10101,A007RL,8,Fixed investment,1984Q4,Fisher Quantity Index,"Percent change, annual rate",0,7.3,T10101
T10101,A007RL,8,Fixed investment,1985Q1,Fisher Quantity Index,"Percent change, annual rate",0,3.7,T10101
T10101,A007RL,8,Fixed investment,1985Q2,Fisher Quantity Index,"Percent change, annual rate",0,5.2,T10101
T10101,A007RL,8,Fixed investment,1985Q3,Fisher Quantity Index,"Percent change, annual rate",0,-1.6,T10101
T10101,A007RL,8,Fixed investment,1985Q4,Fisher Quantity Index,"Percent change, annual rate",0,7.8,T10101
T10101,A007RL,8,Fixed investment,1986Q1,Fisher Quantity Index,"Percent change, annual rate",0,1.1,T10101
T10101,A007RL,8,Fixed investment,1986Q2,Fisher Quantity Index,"Percent change, annual rate",0,0.1,T10101
T10101,A007RL,8,Fixed investment,1986Q3,Fisher Quantity Index,"Percent change, annual rate",0,-1.8,T10101
T10101,A007RL,8,Fixed investment,1986Q4,Fisher Quantity Index,"Percent change, annual rate",0,3.1,T10101
T10101,A007RL,8,Fixed investment,1987Q1,Fisher Quantity Index,"Percent change, annual rate",0,-6.7,T10101
T10101,A007RL,8,Fixed investment,1987Q2,Fisher Quantity Index,"Percent change, annual rate",0,6.3,T10101
T10101,A007RL,8,Fixed investment,1987Q3,Fisher Quantity Index,"Percent change, annual rate",0,7.1,T10101
T10101,A007RL,8,Fixed investment,1987Q4,Fisher Quantity Index,"Percent change, annual rate",0,-0.2,T10101
T10101,A007RL,8,Fixed investment,1988Q1,Fisher Quantity Index,"Percent change, annual rate",0,0.2,T10101
T10101,A007RL,8,Fixed investment,1988Q2,Fisher Quantity Index,"Percent change, annual rate",0,8.1,T10101
T10101,A007RL,8,Fixed investment,1988Q3,Fisher Quantity Index,"Percent change, annual rate",0,1.9,T10101
T10101,A007RL,8,Fixed investment,1988Q4,Fisher Quantity Index,"Percent change, annual rate",0,4.8,T10101
T10101,A007RL,8,Fixed investment,1989Q1,Fisher Quantity Index,"Percent change, annual rate",0,3.6,T10101
T10101,A007RL,8,Fixed investment,1989Q2,Fisher Quantity Index,"Percent change, annual rate",0,0.5,T10101
T10101,A007RL,8,Fixed investment,1989Q3,Fisher Quantity Index,"Percent change, annual rate",0,7.2,T10101
T10101,A007RL,8,Fixed investment,1989Q4,Fisher Quantity Index,"Percent change, annual rate",0,-5.1,T10101
T10101,A007RL,8,Fixed investment,1990Q1,Fisher Quantity Index,"Percent change, annual rate",0,4.8,T10101
T10101,A007RL,8,Fixed investment,1990Q2,Fisher Quantity Index,"Percent change, annual rate",0,-7.7,T10101
T10101,A007RL,8,Fixed investment,1990Q3,Fisher Quantity Index,"Percent change, annual rate",0,-3.2,T10101
T10101,A007RL,8,Fixed investment,1990Q4,Fisher Quantity Index,"Percent change, annual rate",0,-9.9,T10101
T10101,A007RL,8,Fixed investment,1991Q1,Fisher Quantity Index,"Percent change, annual rate",0,-10.6,T10101
T10101,A007RL,8,Fixed investment,1991Q2,Fisher Quantity Index,"Percent change, annual rate",0,1.2,T10101
T10101,A007RL,8,Fixed investment,1991Q3,Fisher Quantity Index,"Percent change, annual rate",0,0.5,T10101
T10101,A007RL,8,Fixed investment,1991Q4,Fisher Quantity Index,"Percent change, annual rate",0,1.7,T10101
T10101,A007RL,8,Fixed investment,1992Q1,Fisher Quantity Index,"Percent change, annual rate",0,4.4,T10101
T10101,A007RL,8,Fixed investment,1992Q2,Fisher Quantity Index,"Percent change, annual rate",0,13.8,T10101
T10101,A007RL,8,Fixed investment,1992Q3,Fisher Quantity Index,"Percent change, annual rate",0,4.7,T10101
T10101,A007RL,8,Fixed investment,1992Q4,Fisher Quantity Index,"Percent change, annual rate",0,12.2,T10101
T10101,A007RL,8,Fixed investment,1993Q1,Fisher Quantity Index,"Percent change, annual rate",0,3.0,T10101
T10101,A007RL,8,Fixed investment,1993Q2,Fisher Quantity Index,"Percent change, annual rate",0,7.4,T10101
T10101,A007RL,8,Fixed investment,1993Q3,Fisher Quantity Index,"Percent change, annual rate",0,6.4,T10101
T10101,A007RL,8,Fixed investment,1993Q4,Fisher Quantity Index,"Percent change, annual rate",0,17.0,T10101
T10101,A007RL,8,Fixed investment,1994Q1,Fisher Quantity Index,"Percent change, annual rate",0,4.8,T10101
T10101,A007RL,8,Fixed investment,1994Q2,Fisher Quantity Index,"Percent change, annual rate",0,8.3,T10101
T10101,A007RL,8,Fixed investment,1994Q3,Fisher Quantity Index,"Percent change, annual rate",0,3.4,T10101
T10101,A007RL,8,Fixed investment,1994Q4,Fisher Quantity Index,"Percent change, annual rate",0,10.0,T10101
T10101,A007RL,8,Fixed investment,1995Q1,Fisher Quantity Index,"Percent change, annual rate",0,8.7,T10101
T10101,A007RL,8,Fixed investment,1995Q2,Fisher Quantity Index,"Percent change, annual rate",0,-0.3,T10101
T10101,A007RL,8,Fixed investment,1995Q3,Fisher Quantity Index,"Percent change, annual rate",0,5.7,T10101
T10101,A007RL,8,Fixed investment,1995Q4,Fisher Quantity Index,"Percent change, annual rate",0,8.0,T10101
T10101,A007RL,8,Fixed investment,1996Q1,Fisher Quantity Index,"Percent change, annual rate",0,10.6,T10101
T10101,A007RL,8,Fixed investment,1996Q2,Fisher Quantity Index,"Percent change, annual rate",0,13.0,T10101
T10101,A007RL,8,Fixed investment,1996Q3,Fisher Quantity Index,"Percent change, annual rate",0,9.4,T10101
T10101,A007RL,8,Fixed investment,1996Q4,Fisher Quantity Index,"Percent change, annual rate",0,6.5,T10101
T10101,A007RL,8,Fixed investment,1997Q1,Fisher Quantity Index,"Percent change, annual rate",0,7.7,T10101
T10101,A007RL,8,Fixed investment,1997Q2,Fisher Quantity Index,"Percent change, annual rate",0,7.8,T10101
T10101,A007RL,8,Fixed investment,1997Q3,Fisher Quantity Index,"Percent change, annual rate",0,15.0,T10101
T10101,A007RL,8,Fixed investment,1997Q4,Fisher Quantity Index,"Percent change, annual rate",0,3.0,T10101
T10101,A007RL,8,Fixed investment,1998Q1,Fisher Quantity Index,"Percent change, annual rate",0,12.3,T10101
T10101,A007RL,8,Fixed investment,1998Q2,Fisher Quantity Index,"Percent change, annual rate",0,14.3,T10101
T10101,A007RL,8,Fixed investment,1998Q3,Fisher Quantity Index,"Percent change, annual rate",0,7.9,T10101
T10101,A007RL,8,Fixed investment,1998Q4,Fisher Quantity Index,"Percent change, annual rate",0,11.6,T10101
T10101,A007RL,8,Fixed investment,1999Q1,Fisher Quantity Index,"Percent change, annual rate",0,7.2,T10101
T10101,A007RL,8,Fixed investment,1999Q2,Fisher Quantity Index,"Percent change, annual rate",0,9.9,T10101
T10101,A007RL,8,Fixed investment,1999Q3,Fisher Quantity Index,"Percent change, annual rate",0,9.6,T10101
T10101,A007RL,8,Fixed investment,1999Q4,Fisher Quantity Index,"Percent change, annual rate",0,2.1,T10101
T10101,A007RL,8,Fixed investment,2000Q1,Fisher Quantity Index,"Percent change, annual rate",0,12.0,T10101
T10101,A007RL,8,Fixed investment,2000Q2,Fisher Quantity Index,"Percent change, annual rate",0,9.1,T10101
T10101,A007RL,8,Fixed investment,2000Q3,Fisher Quantity Index,"Percent change, annual rate",0,1.8,T10101
T10101,A007RL,8,Fixed investment,2000Q4,Fisher Quantity Index,"Percent change, annual rate",0,1.2,T10101
T10101,A007RL,8,Fixed investment,2001Q1,Fisher Quantity Index,"Percent change, annual rate",0,-2.3,T10101
T10101,A007RL,8,Fixed investment,2001Q2,Fisher Quantity Index,"Percent change, annual rate",0,-4.6,T10101
T10101,A007RL,8,Fixed investment,2001Q3,Fisher Quantity Index,"Percent change, annual rate",0,-2.8,T10101
T10101,A007RL,8,Fixed investment,2001Q4,Fisher Quantity Index,"Percent change, annual rate",0,-8.8,T10101
T10101,A007RL,8,Fixed investment,2002Q1,Fisher Quantity Index,"Percent change, annual rate",0,-3.4,T10101
T10101,A007RL,8,Fixed investment,2002Q2,Fisher Quantity Index,"Percent change, annual rate",0,-0.4,T10101
T10101,A007RL,8,Fixed investment,2002Q3,Fisher Quantity Index,"Percent change, annual rate",0,-0.6,T10101
T10101,A007RL,8,Fixed investment,2002Q4,Fisher Quantity Index,"Percent change, annual rate",0,-1.7,T10101
T10101,A007RL,8,Fixed investment,2003Q1,Fisher Quantity Index,"Percent change, annual rate",0,3.7,T10101
T10101,A007RL,8,Fixed investment,2003Q2,Fisher Quantity Index,"Percent change, annual rate",0,10.0,T10101
T10101,A007RL,8,Fixed investment,2003Q3,Fisher Quantity Index,"Percent change, annual rate",0,13.6,T10101
T10101,A007RL,8,Fixed investment,2003Q4,Fisher Quantity Index,"Percent change, annual rate",0,7.5,T10101
T10101,A007RL,8,Fixed investment,2004Q1,Fisher Quantity Index,"Percent change, annual rate",0,-1.1,T10101
T10101,A007RL,8,Fixed investment,2004Q2,Fisher Quantity Index,"Percent change, annual rate",0,11.4,T10101
T10101,A007RL,8,Fixed investment,2004Q3,Fisher Quantity Index,"Percent change, annual rate",0,8.8,T10101
T10101,A007RL,8,Fixed investment,2004Q4,Fisher Quantity Index,"Percent change, annual rate",0,7.5,T10101
T10101,A007RL,8,Fixed investment,2005Q1,Fisher Quantity Index,"Percent change, annual rate",0,7.2,T10101
T10101,A007RL,8,Fixed investment,2005Q2,Fisher Quantity Index,"Percent change, annual rate",0,7.0,T10101
T10101,A007RL,8,Fixed investment,2005Q3,Fisher Quantity Index,"Percent change, annual rate",0,7.2,T10101
T10101,A007RL,8,Fixed investment,2005Q4,Fisher Quantity Index,"Percent change, annual rate",0,1.8,T10101
T10101,A007RL,8,Fixed investment,2006Q1,Fisher Quantity Index,"Percent change, annual rate",0,7.7,T10101
T10101,A007RL,8,Fixed investment,2006Q2,Fisher Quantity Index,"Percent change, annual rate",0,-2.1,T10101
T10101,A007RL,8,Fixed investment,2006Q3,Fisher Quantity Index,"Percent change, annual rate",0,-2.5,T10101
T10101,A007RL,8,Fixed investment,2006Q4,Fisher Quantity Index,"Percent change, annual rate",0,-2.8,T10101
T10101,A007RL,8,Fixed investment,2007Q1,Fisher Quantity Index,"Percent change, annual rate",0,-0.3,T10101
T10101,A007RL,8,Fixed investment,2007Q2,Fisher Quantity Index,"Percent change, annual rate",0,1.9,T10101
T10101,A007RL,8,Fixed investment,2007Q3,Fisher Quantity Index,"Percent change, annual rate",0,-2.3,T10101
T10101,A007RL,8,Fixed investment,2007Q4,Fisher Quantity Index,"Percent change, annual rate",0,-3.8,T10101
T10101,A007RL,8,Fixed investment,2008Q1,Fisher Quantity Index,"Percent change, annual rate",0,-6.1,T10101
T10101,A007RL,8,Fixed investment,2008Q2,Fisher Quantity Index,"Percent change, annual rate",0,-3.2,T10101
T10101,A007RL,8,Fixed investment,2008Q3,Fisher Quantity Index,"Percent change, annual rate",0,-9.7,T10101
T10101,A007RL,8,Fixed investment,2008Q4,Fisher Quantity Index,"Percent change, annual rate",0,-23.9,T10101
T10101,A007RL,8,Fixed investment,2009Q1,Fisher Quantity Index,"Percent change, annual rate",0,-28.2,T10101
T10101,A007RL,8,Fixed investment,2009Q2,Fisher Quantity Index,"Percent change, annual rate",0,-13.7,T10101
T10101,A007RL,8,Fixed investment,2009Q3,Fisher Quantity Index,"Percent change, annual rate",0,1.5,T10101
T10101,A007RL,8,Fixed investment,2009Q4,Fisher Quantity Index,"Percent change, annual rate",0,2.0,T10101
T10101,A007RL,8,Fixed investment,2010Q1,Fisher Quantity Index,"Percent change, annual rate",0,-0.1,T10101
T10101,A007RL,8,Fixed investment,2010Q2,Fisher Quantity Index,"Percent change, annual rate",0,15.4,T10101
T10101,A007RL,8,Fixed investment,2010Q3,Fisher Quantity Index,"Percent change, annual rate",0,2.2,T10101
T10101,A007RL,8,Fixed investment,2010Q4,Fisher Quantity Index,"Percent change, annual rate",0,7.9,T10101
T10101,A007RL,8,Fixed investment,2011Q1,Fisher Quantity Index,"Percent change, annual rate",0,-0.6,T10101
T10101,A007RL,8,Fixed investment,2011Q2,Fisher Quantity Index,"Percent change, annual rate",0,9.8,T10101
T10101,A007RL,8,Fixed investment,2011Q3,Fisher Quantity Index,"Percent change, annual rate",0,18.0,T10101
T10101,A007RL,8,Fixed investment,2011Q4,Fisher Quantity Index,"Percent change, annual rate",0,10.7,T10101
T10101,A007RL,8,Fixed investment,2012Q1,Fisher Quantity Index,"Percent change, annual rate",0,13.1,T10101
T10101,A007RL,8,Fixed investment,2012Q2,Fisher Quantity Index,"Percent change, annual rate",0,8.4,T10101
T10101,A007RL,8,Fixed investment,2012Q3,Fisher Quantity Index,"Percent change, annual rate",0,0.6,T10101
T10101,A007RL,8,Fixed investment,2012Q4,Fisher Quantity Index,"Percent change, annual rate",0,7.4,T10101
T10101,A007RL,8,Fixed investment,2013Q1,Fisher Quantity Index,"Percent change, annual rate",0,8.0,T10101
T10101,A007RL,8,Fixed investment,2013Q2,Fisher Quantity Index,"Percent change, annual rate",0,4.2,T10101
T10101,A007RL,8,Fixed investment,2013Q3,Fisher Quantity Index,"Percent change, annual rate",0,7.6,T10101
T10101,A007RL,8,Fixed investment,2013Q4,Fisher Quantity Index,"Percent change, annual rate",0,6.7,T10101
T10101,A007RL,8,Fixed investment,2014Q1,Fisher Quantity Index,"Percent change, annual rate",0,5.0,T10101
T10101,A007RL,8,Fixed investment,2014Q2,Fisher Quantity Index,"Percent change, annual rate",0,12.3,T10101
T10101,A007RL,8,Fixed investment,2014Q3,Fisher Quantity Index,"Percent change, annual rate",0,8.4,T10101
T10101,A007RL,8,Fixed investment,2014Q4,Fisher Quantity Index,"Percent change, annual rate",0,5.6,T10101
T10101,A007RL,8,Fixed investment,2015Q1,Fisher Quantity Index,"Percent change, annual rate",0,1.7,T10101
T10101,A007RL,8,Fixed investment,2015Q2,Fisher Quantity Index,"Percent change, annual rate",0,4.4,T10101
T10101,A007RL,8,Fixed investment,2015Q3,Fisher Quantity Index,"Percent change, annual rate",0,4.6,T10101
T10101,A007RL,8,Fixed investment,2015Q4,Fisher Quantity Index,"Percent change, annual rate",0,-0.1,T10101
T10101,A007RL,8,Fixed investment,2016Q1,Fisher Quantity Index,"Percent change, annual rate",0,3.0,T10101
T10101,A007RL,8,Fixed investment,2016Q2,Fisher Quantity Index,"Percent change, annual rate",0,3.0,T10101
T10101,A007RL,8,Fixed investment,2016Q3,Fisher Quantity Index,"Percent change, annual rate",0,4.5,T10101
T10101,A007RL,8,Fixed investment,2016Q4,Fisher Quantity Index,"Percent change, annual rate",0,3.7,T10101
T10101,A007RL,8,Fixed investment,2017Q1,Fisher Quantity Index,"Percent change, annual rate",0,5.3,T10101
T10101,A007RL,8,Fixed investment,2017Q2,Fisher Quantity Index,"Percent change, annual rate",0,4.0,T10101
T10101,A007RL,8,Fixed investment,2017Q3,Fisher Quantity Index,"Percent change, annual rate",0,3.1,T10101
T10101,A007RL,8,Fixed investment,2017Q4,Fisher Quantity Index,"Percent change, annual rate",0,9.6,T10101
T10101,A007RL,8,Fixed investment,2018Q1,Fisher Quantity Index,"Percent change, annual rate",0,7.1,T10101
T10101,A007RL,8,Fixed investment,2018Q2,Fisher Quantity Index,"Percent change, annual rate",0,4.2,T10101
T10101,A007RL,8,Fixed investment,2018Q3,Fisher Quantity Index,"Percent change, annual rate",0,1.1,T10101
T10101,A007RL,8,Fixed investment,2018Q4,Fisher Quantity Index,"Percent change, annual rate",0,1.0,T10101
T10101,A007RL,8,Fixed investment,2019Q1,Fisher Quantity Index,"Percent change, annual rate",0,1.1,T10101
T10101,A007RL,8,Fixed investment,2019Q2,Fisher Quantity Index,"Percent change, annual rate",0,7.6,T10101
T10101,A007RL,8,Fixed investment,2019Q3,Fisher Quantity Index,"Percent change, annual rate",0,4.3,T10101
T10101,A007RL,8,Fixed investment,2019Q4,Fisher Quantity Index,"Percent change, annual rate",0,-1.1,T10101
T10101,A007RL,8,Fixed investment,2020Q1,Fisher Quantity Index,"Percent change, annual rate",0,-3.0,T10101
T10101,A007RL,8,Fixed investment,2020Q2,Fisher Quantity Index,"Percent change, annual rate",0,-27.9,T10101
T10101,A007RL,8,Fixed investment,2020Q3,Fisher Quantity Index,"Percent change, annual rate",0,28.7,T10101
T10101,A007RL,8,Fixed investment,2020Q4,Fisher Quantity Index,"Percent change, annual rate",0,16.5,T10101
T10101,A007RL,8,Fixed investment,2021Q1,Fisher Quantity Index,"Percent change, annual rate",0,8.4,T10101
T10101,A007RL,8,Fixed investment,2021Q2,Fisher Quantity Index,"Percent change, annual rate",0,6.1,T10101
T10101,A007RL,8,Fixed investment,2021Q3,Fisher Quantity Index,"Percent change, annual rate",0,-1.3,T10101
T10101,A007RL,8,Fixed investment,2021Q4,Fisher Quantity Index,"Percent change, annual rate",0,3.1,T10101
T10101,A007RL,8,Fixed investment,2022Q1,Fisher Quantity Index,"Percent change, annual rate",0,6.7,T10101
T10101,A007RL,8,Fixed investment,2022Q2,Fisher Quantity Index,"Percent change, annual rate",0,1.9,T10101
T10101,A007RL,8,Fixed investment,2022Q3,Fisher Quantity Index,"Percent change, annual rate",0,-2.2,T10101
T10101,A007RL,8,Fixed investment,2022Q4,Fisher Quantity Index,"Percent change, annual rate",0,-0.5,T10101
T10101,A007RL,8,Fixed investment,2023Q1,Fisher Quantity Index,"Percent change, annual rate",0,4.9,T10101
T10101,A007RL,8,Fixed investment,2023Q2,Fisher Quantity Index,"Percent change, annual rate",0,9.5,T10101
T10101,A007RL,8,Fixed investment,2023Q3,Fisher Quantity Index,"Percent change, annual rate",0,3.8,T10101
T10101,A007RL,8,Fixed investment,2023Q4,Fisher Quantity Index,"Percent change, annual rate",0,4.6,T10101
T10101,A007RL,8,Fixed investment,2024Q1,Fisher Quantity Index,"Percent change, annual rate",0,3.0,T10101
T10101,A007RL,8,Fixed investment,2024Q2,Fisher Quantity Index,"Percent change, annual rate",0,1.4,T10101
T10101,A007RL,8,Fixed investment,2024Q3,Fisher Quantity Index,"Percent change, annual rate",0,1.5,T10101
T10101,A007RL,8,Fixed investment,2024Q4,Fisher Quantity Index,"Percent change, annual rate",0,-1.9,T10101
T10101,A007RL,8,Fixed investment,2025Q1,Fisher Quantity Index,"Percent change, annual rate",0,7.1,T10101
T10101,A007RL,8,Fixed investment,2025Q2,Fisher Quantity Index,"Percent change, annual rate",0,4.4,T10101
T10101,A007RL,8,Fixed investment,2025Q3,Fisher Quantity Index,"Percent change, annual rate",0,0.8,T10101
T10101,A008RL,9,Nonresidential,1947Q2,Fisher Quantity Index,"Percent change, annual rate",0,-6.1,T10101
T10101,A008RL,9,Nonresidential,1947Q3,Fisher Quantity Index,"Percent change, annual rate",0,-7.2,T10101
T10101,A008RL,9,Nonresidential,1947Q4,Fisher Quantity Index,"Percent change, annual rate",0,11.6,T10101
T10101,A008RL,9,Nonresidential,1948Q1,Fisher Quantity Index,"Percent change, annual rate",0,25.3,T10101
T10101,A008RL,9,Nonresidential,1948Q2,Fisher Quantity Index,"Percent change, annual rate",0,-12.7,T10101
T10101,A008RL,9,Nonresidential,1948Q3,Fisher Quantity Index,"Percent change, annual rate",0,1.0,T10101
T10101,A008RL,9,Nonresidential,1948Q4,Fisher Quantity Index,"Percent change, annual rate",0,9.6,T10101
T10101,A008RL,9,Nonresidential,1949Q1,Fisher Quantity Index,"Percent change, annual rate",0,-17.2,T10101
T10101,A008RL,9,Nonresidential,1949Q2,Fisher Quantity Index,"Percent change, annual rate",0,-14.0,T10101
T10101,A008RL,9,Nonresidential,1949Q3,Fisher Quantity Index,"Percent change, annual rate",0,-17.1,T10101
T10101,A008RL,9,Nonresidential,1949Q4,Fisher Quantity Index,"Percent change, annual rate",0,-4.9,T10101
T10101,A008RL,9,Nonresidential,1950Q1,Fisher Quantity Index,"Percent change, annual rate",0,12.1,T10101
T10101,A008RL,9,Nonresidential,1950Q2,Fisher Quantity Index,"Percent change, annual rate",0,37.7,T10101
T10101,A008RL,9,Nonresidential,1950Q3,Fisher Quantity Index,"Percent change, annual rate",0,37.6,T10101
T10101,A008RL,9,Nonresidential,1950Q4,Fisher Quantity Index,"Percent change, annual rate",0,-0.6,T10101
T10101,A008RL,9,Nonresidential,1951Q1,Fisher Quantity Index,"Percent change, annual rate",0,-10.0,T10101
T10101,A008RL,9,Nonresidential,1951Q2,Fisher Quantity Index,"Percent change, annual rate",0,4.9,T10101
T10101,A008RL,9,Nonresidential,1951Q3,Fisher Quantity Index,"Percent change, annual rate",0,4.8,T10101
T10101,A008RL,9,Nonresidential,1951Q4,Fisher Quantity Index,"Percent change, annual rate",0,-6.4,T10101
T10101,A008RL,9,Nonresidential,1952Q1,Fisher Quantity Index,"Percent change, annual rate",0,3.9,T10101
T10101,A008RL,9,Nonresidential,1952Q2,Fisher Quantity Index,"Percent change, annual rate",0,6.5,T10101
T10101,A008RL,9,Nonresidential,1952Q3,Fisher Quantity Index,"Percent change, annual rate",0,-27.7,T10101
T10101,A008RL,9,Nonresidential,1952Q4,Fisher Quantity Index,"Percent change, annual rate",0,40.5,T10101
T10101,A008RL,9,Nonresidential,1953Q1,Fisher Quantity Index,"Percent change, annual rate",0,23.5,T10101
T10101,A008RL,9,Nonresidential,1953Q2,Fisher Quantity Index,"Percent change, annual rate",0,4.0,T10101
T10101,A008RL,9,Nonresidential,1953Q3,Fisher Quantity Index,"Percent change, annual rate",0,9.2,T10101
T10101,A008RL,9,Nonresidential,1953Q4,Fisher Quantity Index,"Percent change, annual rate",0,-3.6,T10101
T10101,A008RL,9,Nonresidential,1954Q1,Fisher Quantity Index,"Percent change, annual rate",0,-10.1,T10101
T10101,A008RL,9,Nonresidential,1954Q2,Fisher Quantity Index,"Percent change, annual rate",0,-3.5,T10101
T10101,A008RL,9,Nonresidential,1954Q3,Fisher Quantity Index,"Percent change, annual rate",0,10.6,T10101
T10101,A008RL,9,Nonresidential,1954Q4,Fisher Quantity Index,"Percent change, annual rate",0,-0.6,T10101
T10101,A008RL,9,Nonresidential,1955Q1,Fisher Quantity Index,"Percent change, annual rate",0,7.1,T10101
T10101,A008RL,9,Nonresidential,1955Q2,Fisher Quantity Index,"Percent change, annual rate",0,26.1,T10101
T10101,A008RL,9,Nonresidential,1955Q3,Fisher Quantity Index,"Percent change, annual rate",0,21.3,T10101
T10101,A008RL,9,Nonresidential,1955Q4,Fisher Quantity Index,"Percent change, annual rate",0,12.5,T10101
T10101,A008RL,9,Nonresidential,1956Q1,Fisher Quantity Index,"Percent change, annual rate",0,-4.8,T10101
T10101,A008RL,9,Nonresidential,1956Q2,Fisher Quantity Index,"Percent change, annual rate",0,7.3,T10101
T10101,A008RL,9,Nonresidential,1956Q3,Fisher Quantity Index,"Percent change, annual rate",0,4.1,T10101
T10101,A008RL,9,Nonresidential,1956Q4,Fisher Quantity Index,"Percent change, annual rate",0,0.1,T10101
T10101,A008RL,9,Nonresidential,1957Q1,Fisher Quantity Index,"Percent change, annual rate",0,2.1,T10101
T10101,A008RL,9,Nonresidential,1957Q2,Fisher Quantity Index,"Percent change, annual rate",0,-0.8,T10101
T10101,A008RL,9,Nonresidential,1957Q3,Fisher Quantity Index,"Percent change, annual rate",0,8.3,T10101
T10101,A008RL,9,Nonresidential,1957Q4,Fisher Quantity Index,"Percent change, annual rate",0,-8.9,T10101
T10101,A008RL,9,Nonresidential,1958Q1,Fisher Quantity Index,"Percent change, annual rate",0,-23.1,T10101
T10101,A008RL,9,Nonresidential,1958Q2,Fisher Quantity Index,"Percent change, annual rate",0,-13.9,T10101
T10101,A008RL,9,Nonresidential,1958Q3,Fisher Quantity Index,"Percent change, annual rate",0,-4.1,T10101
T10101,A008RL,9,Nonresidential,1958Q4,Fisher Quantity Index,"Percent change, annual rate",0,15.8,T10101
T10101,A008RL,9,Nonresidential,1959Q1,Fisher Quantity Index,"Percent change, annual rate",0,13.1,T10101
T10101,A008RL,9,Nonresidential,1959Q2,Fisher Quantity Index,"Percent change, annual rate",0,12.0,T10101
T10101,A008RL,9,Nonresidential,1959Q3,Fisher Quantity Index,"Percent change, annual rate",0,11.2,T10101
T10101,A008RL,9,Nonresidential,1959Q4,Fisher Quantity Index,"Percent change, annual rate",0,-1.1,T10101
T10101,A008RL,9,Nonresidential,1960Q1,Fisher Quantity Index,"Percent change, annual rate",0,14.6,T10101
T10101,A008RL,9,Nonresidential,1960Q2,Fisher Quantity Index,"Percent change, annual rate",0,6.0,T10101
T10101,A008RL,9,Nonresidential,1960Q3,Fisher Quantity Index,"Percent change, annual rate",0,-6.8,T10101
T10101,A008RL,9,Nonresidential,1960Q4,Fisher Quantity Index,"Percent change, annual rate",0,-0.9,T10101
T10101,A008RL,9,Nonresidential,1961Q1,Fisher Quantity Index,"Percent change, annual rate",0,-5.6,T10101
T10101,A008RL,9,Nonresidential,1961Q2,Fisher Quantity Index,"Percent change, annual rate",0,9.3,T10101
T10101,A008RL,9,Nonresidential,1961Q3,Fisher Quantity Index,"Percent change, annual rate",0,3.9,T10101
T10101,A008RL,9,Nonresidential,1961Q4,Fisher Quantity Index,"Percent change, annual rate",0,12.8,T10101
T10101,A008RL,9,Nonresidential,1962Q1,Fisher Quantity Index,"Percent change, annual rate",0,8.2,T10101
T10101,A008RL,9,Nonresidential,1962Q2,Fisher Quantity Index,"Percent change, annual rate",0,11.3,T10101
T10101,A008RL,9,Nonresidential,1962Q3,Fisher Quantity Index,"Percent change, annual rate",0,5.1,T10101
T10101,A008RL,9,Nonresidential,1962Q4,Fisher Quantity Index,"Percent change, annual rate",0,-1.5,T10101
T10101,A008RL,9,Nonresidential,1963Q1,Fisher Quantity Index,"Percent change, annual rate",0,0.9,T10101
T10101,A008RL,9,Nonresidential,1963Q2,Fisher Quantity Index,"Percent change, annual rate",0,13.0,T10101
T10101,A008RL,9,Nonresidential,1963Q3,Fisher Quantity Index,"Percent change, annual rate",0,11.4,T10101
T10101,A008RL,9,Nonresidential,1963Q4,Fisher Quantity Index,"Percent change, annual rate",0,12.2,T10101
T10101,A008RL,9,Nonresidential,1964Q1,Fisher Quantity Index,"Percent change, annual rate",0,8.7,T10101
T10101,A008RL,9,Nonresidential,1964Q2,Fisher Quantity Index,"Percent change, annual rate",0,9.7,T10101
T10101,A008RL,9,Nonresidential,1964Q3,Fisher Quantity Index,"Percent change, annual rate",0,13.5,T10101
T10101,A008RL,9,Nonresidential,1964Q4,Fisher Quantity Index,"Percent change, annual rate",0,8.8,T10101
T10101,A008RL,9,Nonresidential,1965Q1,Fisher Quantity Index,"Percent change, annual rate",0,28.0,T10101
T10101,A008RL,9,Nonresidential,1965Q2,Fisher Quantity Index,"Percent change, annual rate",0,15.6,T10101
T10101,A008RL,9,Nonresidential,1965Q3,Fisher Quantity Index,"Percent change, annual rate",0,15.3,T10101
T10101,A008RL,9,Nonresidential,1965Q4,Fisher Quantity Index,"Percent change, annual rate",0,17.3,T10101
T10101,A008RL,9,Nonresidential,1966Q1,Fisher Quantity Index,"Percent change, annual rate",0,17.9,T10101
T10101,A008RL,9,Nonresidential,1966Q2,Fisher Quantity Index,"Percent change, annual rate",0,6.7,T10101
T10101,A008RL,9,Nonresidential,1966Q3,Fisher Quantity Index,"Percent change, annual rate",0,5.4,T10101
T10101,A008RL,9,Nonresidential,1966Q4,Fisher Quantity Index,"Percent change, annual rate",0,0.0,T10101
T10101,A008RL,9,Nonresidential,1967Q1,Fisher Quantity Index,"Percent change, annual rate",0,-6.3,T10101
T10101,A008RL,9,Nonresidential,1967Q2,Fisher Quantity Index,"Percent change, annual rate",0,-1.0,T10101
T10101,A008RL,9,Nonresidential,1967Q3,Fisher Quantity Index,"Percent change, annual rate",0,-0.7,T10101
T10101,A008RL,9,Nonresidential,1967Q4,Fisher Quantity Index,"Percent change, annual rate",0,8.3,T10101
T10101,A008RL,9,Nonresidential,1968Q1,Fisher Quantity Index,"Percent change, annual rate",0,12.3,T10101
T10101,A008RL,9,Nonresidential,1968Q2,Fisher Quantity Index,"Percent change, annual rate",0,-4.8,T10101
T10101,A008RL,9,Nonresidential,1968Q3,Fisher Quantity Index,"Percent change, annual rate",0,5.6,T10101
T10101,A008RL,9,Nonresidential,1968Q4,Fisher Quantity Index,"Percent change, annual rate",0,11.4,T10101
T10101,A008RL,9,Nonresidential,1969Q1,Fisher Quantity Index,"Percent change, annual rate",0,10.6,T10101
T10101,A008RL,9,Nonresidential,1969Q2,Fisher Quantity Index,"Percent change, annual rate",0,4.5,T10101
T10101,A008RL,9,Nonresidential,1969Q3,Fisher Quantity Index,"Percent change, annual rate",0,9.4,T10101
T10101,A008RL,9,Nonresidential,1969Q4,Fisher Quantity Index,"Percent change, annual rate",0,-2.1,T10101
T10101,A008RL,9,Nonresidential,1970Q1,Fisher Quantity Index,"Percent change, annual rate",0,-2.8,T10101
T10101,A008RL,9,Nonresidential,1970Q2,Fisher Quantity Index,"Percent change, annual rate",0,-2.6,T10101
T10101,A008RL,9,Nonresidential,1970Q3,Fisher Quantity Index,"Percent change, annual rate",0,1.4,T10101
T10101,A008RL,9,Nonresidential,1970Q4,Fisher Quantity Index,"Percent change, annual rate",0,-13.0,T10101
T10101,A008RL,9,Nonresidential,1971Q1,Fisher Quantity Index,"Percent change, annual rate",0,3.3,T10101
T10101,A008RL,9,Nonresidential,1971Q2,Fisher Quantity Index,"Percent change, annual rate",0,5.6,T10101
T10101,A008RL,9,Nonresidential,1971Q3,Fisher Quantity Index,"Percent change, annual rate",0,1.8,T10101
T10101,A008RL,9,Nonresidential,1971Q4,Fisher Quantity Index,"Percent change, annual rate",0,8.4,T10101
T10101,A008RL,9,Nonresidential,1972Q1,Fisher Quantity Index,"Percent change, annual rate",0,13.4,T10101
T10101,A008RL,9,Nonresidential,1972Q2,Fisher Quantity Index,"Percent change, annual rate",0,6.7,T10101
T10101,A008RL,9,Nonresidential,1972Q3,Fisher Quantity Index,"Percent change, annual rate",0,6.0,T10101
T10101,A008RL,9,Nonresidential,1972Q4,Fisher Quantity Index,"Percent change, annual rate",0,20.6,T10101
T10101,A008RL,9,Nonresidential,1973Q1,Fisher Quantity Index,"Percent change, annual rate",0,17.9,T10101
T10101,A008RL,9,Nonresidential,1973Q2,Fisher Quantity Index,"Percent change, annual rate",0,15.7,T10101
T10101,A008RL,9,Nonresidential,1973Q3,Fisher Quantity Index,"Percent change, annual rate",0,6.3,T10101
T10101,A008RL,9,Nonresidential,1973Q4,Fisher Quantity Index,"Percent change, annual rate",0,3.0,T10101
T10101,A008RL,9,Nonresidential,1974Q1,Fisher Quantity Index,"Percent change, annual rate",0,-0.4,T10101
T10101,A008RL,9,Nonresidential,1974Q2,Fisher Quantity Index,"Percent change, annual rate",0,-0.7,T10101
T10101,A008RL,9,Nonresidential,1974Q3,Fisher Quantity Index,"Percent change, annual rate",0,-4.0,T10101
T10101,A008RL,9,Nonresidential,1974Q4,Fisher Quantity Index,"Percent change, annual rate",0,-10.1,T10101
T10101,A008RL,9,Nonresidential,1975Q1,Fisher Quantity Index,"Percent change, annual rate",0,-21.0,T10101
T10101,A008RL,9,Nonresidential,1975Q2,Fisher Quantity Index,"Percent change, annual rate",0,-9.3,T10101
T10101,A008RL,9,Nonresidential,1975Q3,Fisher Quantity Index,"Percent change, annual rate",0,4.3,T10101
T10101,A008RL,9,Nonresidential,1975Q4,Fisher Quantity Index,"Percent change, annual rate",0,4.9,T10101
T10101,A008RL,9,Nonresidential,1976Q1,Fisher Quantity Index,"Percent change, annual rate",0,8.8,T10101
T10101,A008RL,9,Nonresidential,1976Q2,Fisher Quantity Index,"Percent change, annual rate",0,5.4,T10101
T10101,A008RL,9,Nonresidential,1976Q3,Fisher Quantity Index,"Percent change, annual rate",0,9.0,T10101
T10101,A008RL,9,Nonresidential,1976Q4,Fisher Quantity Index,"Percent change, annual rate",0,8.0,T10101
T10101,A008RL,9,Nonresidential,1977Q1,Fisher Quantity Index,"Percent change, annual rate",0,15.4,T10101
T10101,A008RL,9,Nonresidential,1977Q2,Fisher Quantity Index,"Percent change, annual rate",0,11.5,T10101
T10101,A008RL,9,Nonresidential,1977Q3,Fisher Quantity Index,"Percent change, annual rate",0,8.2,T10101
T10101,A008RL,9,Nonresidential,1977Q4,Fisher Quantity Index,"Percent change, annual rate",0,12.7,T10101
T10101,A008RL,9,Nonresidential,1978Q1,Fisher Quantity Index,"Percent change, annual rate",0,3.5,T10101
T10101,A008RL,9,Nonresidential,1978Q2,Fisher Quantity Index,"Percent change, annual rate",0,34.8,T10101
T10101,A008RL,9,Nonresidential,1978Q3,Fisher Quantity Index,"Percent change, annual rate",0,14.3,T10101
T10101,A008RL,9,Nonresidential,1978Q4,Fisher Quantity Index,"Percent change, annual rate",0,13.6,T10101
T10101,A008RL,9,Nonresidential,1979Q1,Fisher Quantity Index,"Percent change, annual rate",0,9.5,T10101
T10101,A008RL,9,Nonresidential,1979Q2,Fisher Quantity Index,"Percent change, annual rate",0,-0.4,T10101
T10101,A008RL,9,Nonresidential,1979Q3,Fisher Quantity Index,"Percent change, annual rate",0,12.3,T10101
T10101,A008RL,9,Nonresidential,1979Q4,Fisher Quantity Index,"Percent change, annual rate",0,1.1,T10101
T10101,A008RL,9,Nonresidential,1980Q1,Fisher Quantity Index,"Percent change, annual rate",0,4.4,T10101
T10101,A008RL,9,Nonresidential,1980Q2,Fisher Quantity Index,"Percent change, annual rate",0,-17.3,T10101
T10101,A008RL,9,Nonresidential,1980Q3,Fisher Quantity Index,"Percent change, annual rate",0,2.6,T10101
T10101,A008RL,9,Nonresidential,1980Q4,Fisher Quantity Index,"Percent change, annual rate",0,8.6,T10101
T10101,A008RL,9,Nonresidential,1981Q1,Fisher Quantity Index,"Percent change, annual rate",0,8.4,T10101
T10101,A008RL,9,Nonresidential,1981Q2,Fisher Quantity Index,"Percent change, annual rate",0,8.4,T10101
T10101,A008RL,9,Nonresidential,1981Q3,Fisher Quantity Index,"Percent change, annual rate",0,9.6,T10101
T10101,A008RL,9,Nonresidential,1981Q4,Fisher Quantity Index,"Percent change, annual rate",0,9.6,T10101
T10101,A008RL,9,Nonresidential,1982Q1,Fisher Quantity Index,"Percent change, annual rate",0,-8.1,T10101
T10101,A008RL,9,Nonresidential,1982Q2,Fisher Quantity Index,"Percent change, annual rate",0,-11.9,T10101
T10101,A008RL,9,Nonresidential,1982Q3,Fisher Quantity Index,"Percent change, annual rate",0,-11.0,T10101
T10101,A008RL,9,Nonresidential,1982Q4,Fisher Quantity Index,"Percent change, annual rate",0,-6.7,T10101
T10101,A008RL,9,Nonresidential,1983Q1,Fisher Quantity Index,"Percent change, annual rate",0,-5.8,T10101
T10101,A008RL,9,Nonresidential,1983Q2,Fisher Quantity Index,"Percent change, annual rate",0,5.7,T10101
T10101,A008RL,9,Nonresidential,1983Q3,Fisher Quantity Index,"Percent change, annual rate",0,17.9,T10101
T10101,A008RL,9,Nonresidential,1983Q4,Fisher Quantity Index,"Percent change, annual rate",0,26.5,T10101
T10101,A008RL,9,Nonresidential,1984Q1,Fisher Quantity Index,"Percent change, annual rate",0,13.3,T10101
T10101,A008RL,9,Nonresidential,1984Q2,Fisher Quantity Index,"Percent change, annual rate",0,20.0,T10101
T10101,A008RL,9,Nonresidential,1984Q3,Fisher Quantity Index,"Percent change, annual rate",0,12.8,T10101
T10101,A008RL,9,Nonresidential,1984Q4,Fisher Quantity Index,"Percent change, annual rate",0,9.7,T10101
T10101,A008RL,9,Nonresidential,1985Q1,Fisher Quantity Index,"Percent change, annual rate",0,4.6,T10101
T10101,A008RL,9,Nonresidential,1985Q2,Fisher Quantity Index,"Percent change, annual rate",0,5.9,T10101
T10101,A008RL,9,Nonresidential,1985Q3,Fisher Quantity Index,"Percent change, annual rate",0,-4.5,T10101
T10101,A008RL,9,Nonresidential,1985Q4,Fisher Quantity Index,"Percent change, annual rate",0,7.4,T10101
T10101,A008RL,9,Nonresidential,1986Q1,Fisher Quantity Index,"Percent change, annual rate",0,-3.9,T10101
T10101,A008RL,9,Nonresidential,1986Q2,Fisher Quantity Index,"Percent change, annual rate",0,-7.9,T10101
T10101,A008RL,9,Nonresidential,1986Q3,Fisher Quantity Index,"Percent change, annual rate",0,-4.5,T10101
T10101,A008RL,9,Nonresidential,1986Q4,Fisher Quantity Index,"Percent change, annual rate",0,3.9,T10101
T10101,A008RL,9,Nonresidential,1987Q1,Fisher Quantity Index,"Percent change, annual rate",0,-9.1,T10101
T10101,A008RL,9,Nonresidential,1987Q2,Fisher Quantity Index,"Percent change, annual rate",0,8.3,T10101
T10101,A008RL,9,Nonresidential,1987Q3,Fisher Quantity Index,"Percent change, annual rate",0,11.6,T10101
T10101,A008RL,9,Nonresidential,1987Q4,Fisher Quantity Index,"Percent change, annual rate",0,-0.5,T10101
T10101,A008RL,9,Nonresidential,1988Q1,Fisher Quantity Index,"Percent change, annual rate",0,3.2,T10101
T10101,A008RL,9,Nonresidential,1988Q2,Fisher Quantity Index,"Percent change, annual rate",0,9.3,T10101
T10101,A008RL,9,Nonresidential,1988Q3,Fisher Quantity Index,"Percent change, annual rate",0,2.5,T10101
T10101,A008RL,9,Nonresidential,1988Q4,Fisher Quantity Index,"Percent change, annual rate",0,5.7,T10101
T10101,A008RL,9,Nonresidential,1989Q1,Fisher Quantity Index,"Percent change, annual rate",0,6.6,T10101
T10101,A008RL,9,Nonresidential,1989Q2,Fisher Quantity Index,"Percent change, annual rate",0,5.5,T10101
T10101,A008RL,9,Nonresidential,1989Q3,Fisher Quantity Index,"Percent change, annual rate",0,10.6,T10101
T10101,A008RL,9,Nonresidential,1989Q4,Fisher Quantity Index,"Percent change, annual rate",0,-4.0,T10101
T10101,A008RL,9,Nonresidential,1990Q1,Fisher Quantity Index,"Percent change, annual rate",0,5.2,T10101
T10101,A008RL,9,Nonresidential,1990Q2,Fisher Quantity Index,"Percent change, annual rate",0,-5.1,T10101
T10101,A008RL,9,Nonresidential,1990Q3,Fisher Quantity Index,"Percent change, annual rate",0,2.9,T10101
T10101,A008RL,9,Nonresidential,1990Q4,Fisher Quantity Index,"Percent change, annual rate",0,-6.1,T10101
T10101,A008RL,9,Nonresidential,1991Q1,Fisher Quantity Index,"Percent change, annual rate",0,-7.8,T10101
T10101,A008RL,9,Nonresidential,1991Q2,Fisher Quantity Index,"Percent change, annual rate",0,-2.0,T10101
T10101,A008RL,9,Nonresidential,1991Q3,Fisher Quantity Index,"Percent change, annual rate",0,-3.4,T10101
T10101,A008RL,9,Nonresidential,1991Q4,Fisher Quantity Index,"Percent change, annual rate",0,-0.2,T10101
T10101,A008RL,9,Nonresidential,1992Q1,Fisher Quantity Index,"Percent change, annual rate",0,-1.6,T10101
T10101,A008RL,9,Nonresidential,1992Q2,Fisher Quantity Index,"Percent change, annual rate",0,13.6,T10101
T10101,A008RL,9,Nonresidential,1992Q3,Fisher Quantity Index,"Percent change, annual rate",0,6.3,T10101
T10101,A008RL,9,Nonresidential,1992Q4,Fisher Quantity Index,"Percent change, annual rate",0,10.9,T10101
T10101,A008RL,9,Nonresidential,1993Q1,Fisher Quantity Index,"Percent change, annual rate",0,4.0,T10101
T10101,A008RL,9,Nonresidential,1993Q2,Fisher Quantity Index,"Percent change, annual rate",0,8.1,T10101
T10101,A008RL,9,Nonresidential,1993Q3,Fisher Quantity Index,"Percent change, annual rate",0,3.3,T10101
T10101,A008RL,9,Nonresidential,1993Q4,Fisher Quantity Index,"Percent change, annual rate",0,15.2,T10101
T10101,A008RL,9,Nonresidential,1994Q1,Fisher Quantity Index,"Percent change, annual rate",0,4.3,T10101
T10101,A008RL,9,Nonresidential,1994Q2,Fisher Quantity Index,"Percent change, annual rate",0,6.4,T10101
T10101,A008RL,9,Nonresidential,1994Q3,Fisher Quantity Index,"Percent change, annual rate",0,7.0,T10101
T10101,A008RL,9,Nonresidential,1994Q4,Fisher Quantity Index,"Percent change, annual rate",0,16.5,T10101
T10101,A008RL,9,Nonresidential,1995Q1,Fisher Quantity Index,"Percent change, annual rate",0,15.6,T10101
T10101,A008RL,9,Nonresidential,1995Q2,Fisher Quantity Index,"Percent change, annual rate",0,3.9,T10101
T10101,A008RL,9,Nonresidential,1995Q3,Fisher Quantity Index,"Percent change, annual rate",0,2.6,T10101
T10101,A008RL,9,Nonresidential,1995Q4,Fisher Quantity Index,"Percent change, annual rate",0,8.0,T10101
T10101,A008RL,9,Nonresidential,1996Q1,Fisher Quantity Index,"Percent change, annual rate",0,10.5,T10101
T10101,A008RL,9,Nonresidential,1996Q2,Fisher Quantity Index,"Percent change, annual rate",0,11.1,T10101
T10101,A008RL,9,Nonresidential,1996Q3,Fisher Quantity Index,"Percent change, annual rate",0,13.2,T10101
T10101,A008RL,9,Nonresidential,1996Q4,Fisher Quantity Index,"Percent change, annual rate",0,10.5,T10101
T10101,A008RL,9,Nonresidential,1997Q1,Fisher Quantity Index,"Percent change, annual rate",0,9.6,T10101
T10101,A008RL,9,Nonresidential,1997Q2,Fisher Quantity Index,"Percent change, annual rate",0,8.6,T10101
T10101,A008RL,9,Nonresidential,1997Q3,Fisher Quantity Index,"Percent change, annual rate",0,18.8,T10101
T10101,A008RL,9,Nonresidential,1997Q4,Fisher Quantity Index,"Percent change, annual rate",0,2.6,T10101
T10101,A008RL,9,Nonresidential,1998Q1,Fisher Quantity Index,"Percent change, annual rate",0,13.6,T10101
T10101,A008RL,9,Nonresidential,1998Q2,Fisher Quantity Index,"Percent change, annual rate",0,14.2,T10101
T10101,A008RL,9,Nonresidential,1998Q3,Fisher Quantity Index,"Percent change, annual rate",0,6.5,T10101
T10101,A008RL,9,Nonresidential,1998Q4,Fisher Quantity Index,"Percent change, annual rate",0,12.2,T10101
T10101,A008RL,9,Nonresidential,1999Q1,Fisher Quantity Index,"Percent change, annual rate",0,9.2,T10101
T10101,A008RL,9,Nonresidential,1999Q2,Fisher Quantity Index,"Percent change, annual rate",0,11.0,T10101
T10101,A008RL,9,Nonresidential,1999Q3,Fisher Quantity Index,"Percent change, annual rate",0,12.0,T10101
T10101,A008RL,9,Nonresidential,1999Q4,Fisher Quantity Index,"Percent change, annual rate",0,1.8,T10101
T10101,A008RL,9,Nonresidential,2000Q1,Fisher Quantity Index,"Percent change, annual rate",0,15.5,T10101
T10101,A008RL,9,Nonresidential,2000Q2,Fisher Quantity Index,"Percent change, annual rate",0,13.1,T10101
T10101,A008RL,9,Nonresidential,2000Q3,Fisher Quantity Index,"Percent change, annual rate",0,4.4,T10101
T10101,A008RL,9,Nonresidential,2000Q4,Fisher Quantity Index,"Percent change, annual rate",0,1.5,T10101
T10101,A008RL,9,Nonresidential,2001Q1,Fisher Quantity Index,"Percent change, annual rate",0,-3.5,T10101
T10101,A008RL,9,Nonresidential,2001Q2,Fisher Quantity Index,"Percent change, annual rate",0,-8.0,T10101
T10101,A008RL,9,Nonresidential,2001Q3,Fisher Quantity Index,"Percent change, annual rate",0,-4.6,T10101
T10101,A008RL,9,Nonresidential,2001Q4,Fisher Quantity Index,"Percent change, annual rate",0,-11.0,T10101
T10101,A008RL,9,Nonresidential,2002Q1,Fisher Quantity Index,"Percent change, annual rate",0,-9.3,T10101
T10101,A008RL,9,Nonresidential,2002Q2,Fisher Quantity Index,"Percent change, annual rate",0,-4.4,T10101
T10101,A008RL,9,Nonresidential,2002Q3,Fisher Quantity Index,"Percent change, annual rate",0,-1.3,T10101
T10101,A008RL,9,Nonresidential,2002Q4,Fisher Quantity Index,"Percent change, annual rate",0,-5.3,T10101
T10101,A008RL,9,Nonresidential,2003Q1,Fisher Quantity Index,"Percent change, annual rate",0,2.0,T10101
T10101,A008RL,9,Nonresidential,2003Q2,Fisher Quantity Index,"Percent change, annual rate",0,11.5,T10101
T10101,A008RL,9,Nonresidential,2003Q3,Fisher Quantity Index,"Percent change, annual rate",0,8.8,T10101
T10101,A008RL,9,Nonresidential,2003Q4,Fisher Quantity Index,"Percent change, annual rate",0,5.1,T10101
T10101,A008RL,9,Nonresidential,2004Q1,Fisher Quantity Index,"Percent change, annual rate",0,-3.9,T10101
T10101,A008RL,9,Nonresidential,2004Q2,Fisher Quantity Index,"Percent change, annual rate",0,10.4,T10101
T10101,A008RL,9,Nonresidential,2004Q3,Fisher Quantity Index,"Percent change, annual rate",0,11.9,T10101
T10101,A008RL,9,Nonresidential,2004Q4,Fisher Quantity Index,"Percent change, annual rate",0,8.5,T10101
T10101,A008RL,9,Nonresidential,2005Q1,Fisher Quantity Index,"Percent change, annual rate",0,5.9,T10101
T10101,A008RL,9,Nonresidential,2005Q2,Fisher Quantity Index,"Percent change, annual rate",0,6.6,T10101
T10101,A008RL,9,Nonresidential,2005Q3,Fisher Quantity Index,"Percent change, annual rate",0,8.6,T10101
T10101,A008RL,9,Nonresidential,2005Q4,Fisher Quantity Index,"Percent change, annual rate",0,3.1,T10101
T10101,A008RL,9,Nonresidential,2006Q1,Fisher Quantity Index,"Percent change, annual rate",0,14.1,T10101
T10101,A008RL,9,Nonresidential,2006Q2,Fisher Quantity Index,"Percent change, annual rate",0,7.2,T10101
T10101,A008RL,9,Nonresidential,2006Q3,Fisher Quantity Index,"Percent change, annual rate",0,7.0,T10101
T10101,A008RL,9,Nonresidential,2006Q4,Fisher Quantity Index,"Percent change, annual rate",0,4.3,T10101
T10101,A008RL,9,Nonresidential,2007Q1,Fisher Quantity Index,"Percent change, annual rate",0,7.4,T10101
T10101,A008RL,9,Nonresidential,2007Q2,Fisher Quantity Index,"Percent change, annual rate",0,9.2,T10101
T10101,A008RL,9,Nonresidential,2007Q3,Fisher Quantity Index,"Percent change, annual rate",0,6.4,T10101
T10101,A008RL,9,Nonresidential,2007Q4,Fisher Quantity Index,"Percent change, annual rate",0,6.3,T10101
T10101,A008RL,9,Nonresidential,2008Q1,Fisher Quantity Index,"Percent change, annual rate",0,1.6,T10101
T10101,A008RL,9,Nonresidential,2008Q2,Fisher Quantity Index,"Percent change, annual rate",0,0.8,T10101
T10101,A008RL,9,Nonresidential,2008Q3,Fisher Quantity Index,"Percent change, annual rate",0,-7.3,T10101
T10101,A008RL,9,Nonresidential,2008Q4,Fisher Quantity Index,"Percent change, annual rate",0,-21.3,T10101
T10101,A008RL,9,Nonresidential,2009Q1,Fisher Quantity Index,"Percent change, annual rate",0,-26.9,T10101
T10101,A008RL,9,Nonresidential,2009Q2,Fisher Quantity Index,"Percent change, annual rate",0,-11.6,T10101
T10101,A008RL,9,Nonresidential,2009Q3,Fisher Quantity Index,"Percent change, annual rate",0,-2.3,T10101
T10101,A008RL,9,Nonresidential,2009Q4,Fisher Quantity Index,"Percent change, annual rate",0,2.7,T10101
T10101,A008RL,9,Nonresidential,2010Q1,Fisher Quantity Index,"Percent change, annual rate",0,2.9,T10101
T10101,A008RL,9,Nonresidential,2010Q2,Fisher Quantity Index,"Percent change, annual rate",0,13.8,T10101
T10101,A008RL,9,Nonresidential,2010Q3,Fisher Quantity Index,"Percent change, annual rate",0,11.3,T10101
T10101,A008RL,9,Nonresidential,2010Q4,Fisher Quantity Index,"Percent change, annual rate",0,8.1,T10101
T10101,A008RL,9,Nonresidential,2011Q1,Fisher Quantity Index,"Percent change, annual rate",0,-0.5,T10101
T10101,A008RL,9,Nonresidential,2011Q2,Fisher Quantity Index,"Percent change, annual rate",0,10.8,T10101
T10101,A008RL,9,Nonresidential,2011Q3,Fisher Quantity Index,"Percent change, annual rate",0,20.2,T10101
T10101,A008RL,9,Nonresidential,2011Q4,Fisher Quantity Index,"Percent change, annual rate",0,10.7,T10101
T10101,A008RL,9,Nonresidential,2012Q1,Fisher Quantity Index,"Percent change, annual rate",0,10.7,T10101
T10101,A008RL,9,Nonresidential,2012Q2,Fisher Quantity Index,"Percent change, annual rate",0,9.4,T10101
T10101,A008RL,9,Nonresidential,2012Q3,Fisher Quantity Index,"Percent change, annual rate",0,-1.3,T10101
T10101,A008RL,9,Nonresidential,2012Q4,Fisher Quantity Index,"Percent change, annual rate",0,4.4,T10101
T10101,A008RL,9,Nonresidential,2013Q1,Fisher Quantity Index,"Percent change, annual rate",0,6.3,T10101
T10101,A008RL,9,Nonresidential,2013Q2,Fisher Quantity Index,"Percent change, annual rate",0,2.1,T10101
T10101,A008RL,9,Nonresidential,2013Q3,Fisher Quantity Index,"Percent change, annual rate",0,7.6,T10101
T10101,A008RL,9,Nonresidential,2013Q4,Fisher Quantity Index,"Percent change, annual rate",0,10.0,T10101
T10101,A008RL,9,Nonresidential,2014Q1,Fisher Quantity Index,"Percent change, annual rate",0,6.6,T10101
T10101,A008RL,9,Nonresidential,2014Q2,Fisher Quantity Index,"Percent change, annual rate",0,12.0,T10101
T10101,A008RL,9,Nonresidential,2014Q3,Fisher Quantity Index,"Percent change, annual rate",0,8.9,T10101
T10101,A008RL,9,Nonresidential,2014Q4,Fisher Quantity Index,"Percent change, annual rate",0,3.5,T10101
T10101,A008RL,9,Nonresidential,2015Q1,Fisher Quantity Index,"Percent change, annual rate",0,0.2,T10101
T10101,A008RL,9,Nonresidential,2015Q2,Fisher Quantity Index,"Percent change, annual rate",0,2.8,T10101
T10101,A008RL,9,Nonresidential,2015Q3,Fisher Quantity Index,"Percent change, annual rate",0,2.5,T10101
T10101,A008RL,9,Nonresidential,2015Q4,Fisher Quantity Index,"Percent change, annual rate",0,-1.8,T10101
T10101,A008RL,9,Nonresidential,2016Q1,Fisher Quantity Index,"Percent change, annual rate",0,0.3,T10101
T10101,A008RL,9,Nonresidential,2016Q2,Fisher Quantity Index,"Percent change, annual rate",0,3.5,T10101
T10101,A008RL,9,Nonresidential,2016Q3,Fisher Quantity Index,"Percent change, annual rate",0,6.2,T10101
T10101,A008RL,9,Nonresidential,2016Q4,Fisher Quantity Index,"Percent change, annual rate",0,3.3,T10101
T10101,A008RL,9,Nonresidential,2017Q1,Fisher Quantity Index,"Percent change, annual rate",0,4.1,T10101
T10101,A008RL,9,Nonresidential,2017Q2,Fisher Quantity Index,"Percent change, annual rate",0,4.6,T10101
T10101,A008RL,9,Nonresidential,2017Q3,Fisher Quantity Index,"Percent change, annual rate",0,3.9,T10101
T10101,A008RL,9,Nonresidential,2017Q4,Fisher Quantity Index,"Percent change, annual rate",0,9.9,T10101
T10101,A008RL,9,Nonresidential,2018Q1,Fisher Quantity Index,"Percent change, annual rate",0,11.7,T10101
T10101,A008RL,9,Nonresidential,2018Q2,Fisher Quantity Index,"Percent change, annual rate",0,4.6,T10101
T10101,A008RL,9,Nonresidential,2018Q3,Fisher Quantity Index,"Percent change, annual rate",0,2.5,T10101
T10101,A008RL,9,Nonresidential,2018Q4,Fisher Quantity Index,"Percent change, annual rate",0,3.7,T10101
T10101,A008RL,9,Nonresidential,2019Q1,Fisher Quantity Index,"Percent change, annual rate",0,2.7,T10101
T10101,A008RL,9,Nonresidential,2019Q2,Fisher Quantity Index,"Percent change, annual rate",0,7.8,T10101
T10101,A008RL,9,Nonresidential,2019Q3,Fisher Quantity Index,"Percent change, annual rate",0,3.9,T10101
T10101,A008RL,9,Nonresidential,2019Q4,Fisher Quantity Index,"Percent change, annual rate",0,-1.8,T10101
T10101,A008RL,9,Nonresidential,2020Q1,Fisher Quantity Index,"Percent change, annual rate",0,-6.9,T10101
T10101,A008RL,9,Nonresidential,2020Q2,Fisher Quantity Index,"Percent change, annual rate",0,-28.7,T10101
T10101,A008RL,9,Nonresidential,2020Q3,Fisher Quantity Index,"Percent change, annual rate",0,18.4,T10101
T10101,A008RL,9,Nonresidential,2020Q4,Fisher Quantity Index,"Percent change, annual rate",0,11.8,T10101
T10101,A008RL,9,Nonresidential,2021Q1,Fisher Quantity Index,"Percent change, annual rate",0,9.3,T10101
T10101,A008RL,9,Nonresidential,2021Q2,Fisher Quantity Index,"Percent change, annual rate",0,10.0,T10101
T10101,A008RL,9,Nonresidential,2021Q3,Fisher Quantity Index,"Percent change, annual rate",0,-1.5,T10101
T10101,A008RL,9,Nonresidential,2021Q4,Fisher Quantity Index,"Percent change, annual rate",0,3.1,T10101
T10101,A008RL,9,Nonresidential,2022Q1,Fisher Quantity Index,"Percent change, annual rate",0,12.2,T10101
T10101,A008RL,9,Nonresidential,2022Q2,Fisher Quantity Index,"Percent change, annual rate",0,7.0,T10101
T10101,A008RL,9,Nonresidential,2022Q3,Fisher Quantity Index,"Percent change, annual rate",0,6.0,T10101
T10101,A008RL,9,Nonresidential,2022Q4,Fisher Quantity Index,"Percent change, annual rate",0,7.1,T10101
T10101,A008RL,9,Nonresidential,2023Q1,Fisher Quantity Index,"Percent change, annual rate",0,8.5,T10101
T10101,A008RL,9,Nonresidential,2023Q2,Fisher Quantity Index,"Percent change, annual rate",0,11.0,T10101
T10101,A008RL,9,Nonresidential,2023Q3,Fisher Quantity Index,"Percent change, annual rate",0,1.7,T10101
T10101,A008RL,9,Nonresidential,2023Q4,Fisher Quantity Index,"Percent change, annual rate",0,5.5,T10101
T10101,A008RL,9,Nonresidential,2024Q1,Fisher Quantity Index,"Percent change, annual rate",0,1.5,T10101
T10101,A008RL,9,Nonresidential,2024Q2,Fisher Quantity Index,"Percent change, annual rate",0,2.5,T10101
T10101,A008RL,9,Nonresidential,2024Q3,Fisher Quantity Index,"Percent change, annual rate",0,3.5,T10101
T10101,A008RL,9,Nonresidential,2024Q4,Fisher Quantity Index,"Percent change, annual rate",0,-3.7,T10101
T10101,A008RL,9,Nonresidential,2025Q1,Fisher Quantity Index,"Percent change, annual rate",0,9.5,T10101
T10101,A008RL,9,Nonresidential,2025Q2,Fisher Quantity Index,"Percent change, annual rate",0,7.3,T10101
T10101,A008RL,9,Nonresidential,2025Q3,Fisher Quantity Index,"Percent change, annual rate",0,3.2,T10101
T10101,A009RL,10,Structures,1947Q2,Fisher Quantity Index,"Percent change, annual rate",0,-2.1,T10101
T10101,A009RL,10,Structures,1947Q3,Fisher Quantity Index,"Percent change, annual rate",0,2.8,T10101
T10101,A009RL,10,Structures,1947Q4,Fisher Quantity Index,"Percent change, annual rate",0,-5.6,T10101
T10101,A009RL,10,Structures,1948Q1,Fisher Quantity Index,"Percent change, annual rate",0,8.6,T10101
T10101,A009RL,10,Structures,1948Q2,Fisher Quantity Index,"Percent change, annual rate",0,11.6,T10101
T10101,A009RL,10,Structures,1948Q3,Fisher Quantity Index,"Percent change, annual rate",0,12.5,T10101
T10101,A009RL,10,Structures,1948Q4,Fisher Quantity Index,"Percent change, annual rate",0,5.8,T10101
T10101,A009RL,10,Structures,1949Q1,Fisher Quantity Index,"Percent change, annual rate",0,-7.3,T10101
T10101,A009RL,10,Structures,1949Q2,Fisher Quantity Index,"Percent change, annual rate",0,-9.0,T10101
T10101,A009RL,10,Structures,1949Q3,Fisher Quantity Index,"Percent change, annual rate",0,-16.6,T10101
T10101,A009RL,10,Structures,1949Q4,Fisher Quantity Index,"Percent change, annual rate",0,-10.5,T10101
T10101,A009RL,10,Structures,1950Q1,Fisher Quantity Index,"Percent change, annual rate",0,20.5,T10101
T10101,A009RL,10,Structures,1950Q2,Fisher Quantity Index,"Percent change, annual rate",0,21.8,T10101
T10101,A009RL,10,Structures,1950Q3,Fisher Quantity Index,"Percent change, annual rate",0,25.3,T10101
T10101,A009RL,10,Structures,1950Q4,Fisher Quantity Index,"Percent change, annual rate",0,10.7,T10101
T10101,A009RL,10,Structures,1951Q1,Fisher Quantity Index,"Percent change, annual rate",0,1.3,T10101
T10101,A009RL,10,Structures,1951Q2,Fisher Quantity Index,"Percent change, annual rate",0,14.3,T10101
T10101,A009RL,10,Structures,1951Q3,Fisher Quantity Index,"Percent change, annual rate",0,-2.4,T10101
T10101,A009RL,10,Structures,1951Q4,Fisher Quantity Index,"Percent change, annual rate",0,-14.5,T10101
T10101,A009RL,10,Structures,1952Q1,Fisher Quantity Index,"Percent change, annual rate",0,0.5,T10101
T10101,A009RL,10,Structures,1952Q2,Fisher Quantity Index,"Percent change, annual rate",0,2.9,T10101
T10101,A009RL,10,Structures,1952Q3,Fisher Quantity Index,"Percent change, annual rate",0,3.4,T10101
T10101,A009RL,10,Structures,1952Q4,Fisher Quantity Index,"Percent change, annual rate",0,16.2,T10101
T10101,A009RL,10,Structures,1953Q1,Fisher Quantity Index,"Percent change, annual rate",0,12.6,T10101
T10101,A009RL,10,Structures,1953Q2,Fisher Quantity Index,"Percent change, annual rate",0,7.9,T10101
T10101,A009RL,10,Structures,1953Q3,Fisher Quantity Index,"Percent change, annual rate",0,2.2,T10101
T10101,A009RL,10,Structures,1953Q4,Fisher Quantity Index,"Percent change, annual rate",0,7.2,T10101
T10101,A009RL,10,Structures,1954Q1,Fisher Quantity Index,"Percent change, annual rate",0,4.1,T10101
T10101,A009RL,10,Structures,1954Q2,Fisher Quantity Index,"Percent change, annual rate",0,2.8,T10101
T10101,A009RL,10,Structures,1954Q3,Fisher Quantity Index,"Percent change, annual rate",0,-0.9,T10101
T10101,A009RL,10,Structures,1954Q4,Fisher Quantity Index,"Percent change, annual rate",0,-1.7,T10101
T10101,A009RL,10,Structures,1955Q1,Fisher Quantity Index,"Percent change, annual rate",0,13.0,T10101
T10101,A009RL,10,Structures,1955Q2,Fisher Quantity Index,"Percent change, annual rate",0,10.3,T10101
T10101,A009RL,10,Structures,1955Q3,Fisher Quantity Index,"Percent change, annual rate",0,13.9,T10101
T10101,A009RL,10,Structures,1955Q4,Fisher Quantity Index,"Percent change, annual rate",0,10.3,T10101
T10101,A009RL,10,Structures,1956Q1,Fisher Quantity Index,"Percent change, annual rate",0,13.0,T10101
T10101,A009RL,10,Structures,1956Q2,Fisher Quantity Index,"Percent change, annual rate",0,15.0,T10101
T10101,A009RL,10,Structures,1956Q3,Fisher Quantity Index,"Percent change, annual rate",0,2.6,T10101
T10101,A009RL,10,Structures,1956Q4,Fisher Quantity Index,"Percent change, annual rate",0,-0.9,T10101
T10101,A009RL,10,Structures,1957Q1,Fisher Quantity Index,"Percent change, annual rate",0,-3.4,T10101
T10101,A009RL,10,Structures,1957Q2,Fisher Quantity Index,"Percent change, annual rate",0,-0.3,T10101
T10101,A009RL,10,Structures,1957Q3,Fisher Quantity Index,"Percent change, annual rate",0,0.1,T10101
T10101,A009RL,10,Structures,1957Q4,Fisher Quantity Index,"Percent change, annual rate",0,-2.3,T10101
T10101,A009RL,10,Structures,1958Q1,Fisher Quantity Index,"Percent change, annual rate",0,-7.3,T10101
T10101,A009RL,10,Structures,1958Q2,Fisher Quantity Index,"Percent change, annual rate",0,-12.6,T10101
T10101,A009RL,10,Structures,1958Q3,Fisher Quantity Index,"Percent change, annual rate",0,-8.8,T10101
T10101,A009RL,10,Structures,1958Q4,Fisher Quantity Index,"Percent change, annual rate",0,6.3,T10101
T10101,A009RL,10,Structures,1959Q1,Fisher Quantity Index,"Percent change, annual rate",0,-1.4,T10101
T10101,A009RL,10,Structures,1959Q2,Fisher Quantity Index,"Percent change, annual rate",0,13.0,T10101
T10101,A009RL,10,Structures,1959Q3,Fisher Quantity Index,"Percent change, annual rate",0,12.4,T10101
T10101,A009RL,10,Structures,1959Q4,Fisher Quantity Index,"Percent change, annual rate",0,-3.0,T10101
T10101,A009RL,10,Structures,1960Q1,Fisher Quantity Index,"Percent change, annual rate",0,17.8,T10101
T10101,A009RL,10,Structures,1960Q2,Fisher Quantity Index,"Percent change, annual rate",0,4.8,T10101
T10101,A009RL,10,Structures,1960Q3,Fisher Quantity Index,"Percent change, annual rate",0,0.8,T10101
T10101,A009RL,10,Structures,1960Q4,Fisher Quantity Index,"Percent change, annual rate",0,16.1,T10101
T10101,A009RL,10,Structures,1961Q1,Fisher Quantity Index,"Percent change, annual rate",0,-1.8,T10101
T10101,A009RL,10,Structures,1961Q2,Fisher Quantity Index,"Percent change, annual rate",0,-6.5,T10101
T10101,A009RL,10,Structures,1961Q3,Fisher Quantity Index,"Percent change, annual rate",0,0.2,T10101
T10101,A009RL,10,Structures,1961Q4,Fisher Quantity Index,"Percent change, annual rate",0,-2.1,T10101
T10101,A009RL,10,Structures,1962Q1,Fisher Quantity Index,"Percent change, annual rate",0,7.7,T10101
T10101,A009RL,10,Structures,1962Q2,Fisher Quantity Index,"Percent change, annual rate",0,15.4,T10101
T10101,A009RL,10,Structures,1962Q3,Fisher Quantity Index,"Percent change, annual rate",0,11.0,T10101
T10101,A009RL,10,Structures,1962Q4,Fisher Quantity Index,"Percent change, annual rate",0,-9.3,T10101
T10101,A009RL,10,Structures,1963Q1,Fisher Quantity Index,"Percent change, annual rate",0,-13.2,T10101
T10101,A009RL,10,Structures,1963Q2,Fisher Quantity Index,"Percent change, annual rate",0,20.3,T10101
T10101,A009RL,10,Structures,1963Q3,Fisher Quantity Index,"Percent change, annual rate",0,2.8,T10101
T10101,A009RL,10,Structures,1963Q4,Fisher Quantity Index,"Percent change, annual rate",0,8.4,T10101
T10101,A009RL,10,Structures,1964Q1,Fisher Quantity Index,"Percent change, annual rate",0,10.8,T10101
T10101,A009RL,10,Structures,1964Q2,Fisher Quantity Index,"Percent change, annual rate",0,14.2,T10101
T10101,A009RL,10,Structures,1964Q3,Fisher Quantity Index,"Percent change, annual rate",0,13.8,T10101
T10101,A009RL,10,Structures,1964Q4,Fisher Quantity Index,"Percent change, annual rate",0,3.2,T10101
T10101,A009RL,10,Structures,1965Q1,Fisher Quantity Index,"Percent change, annual rate",0,22.2,T10101
T10101,A009RL,10,Structures,1965Q2,Fisher Quantity Index,"Percent change, annual rate",0,30.9,T10101
T10101,A009RL,10,Structures,1965Q3,Fisher Quantity Index,"Percent change, annual rate",0,4.3,T10101
T10101,A009RL,10,Structures,1965Q4,Fisher Quantity Index,"Percent change, annual rate",0,19.7,T10101
T10101,A009RL,10,Structures,1966Q1,Fisher Quantity Index,"Percent change, annual rate",0,9.8,T10101
T10101,A009RL,10,Structures,1966Q2,Fisher Quantity Index,"Percent change, annual rate",0,-7.5,T10101
T10101,A009RL,10,Structures,1966Q3,Fisher Quantity Index,"Percent change, annual rate",0,9.2,T10101
T10101,A009RL,10,Structures,1966Q4,Fisher Quantity Index,"Percent change, annual rate",0,-12.9,T10101
T10101,A009RL,10,Structures,1967Q1,Fisher Quantity Index,"Percent change, annual rate",0,4.2,T10101
T10101,A009RL,10,Structures,1967Q2,Fisher Quantity Index,"Percent change, annual rate",0,-10.9,T10101
T10101,A009RL,10,Structures,1967Q3,Fisher Quantity Index,"Percent change, annual rate",0,4.3,T10101
T10101,A009RL,10,Structures,1967Q4,Fisher Quantity Index,"Percent change, annual rate",0,0.6,T10101
T10101,A009RL,10,Structures,1968Q1,Fisher Quantity Index,"Percent change, annual rate",0,8.0,T10101
T10101,A009RL,10,Structures,1968Q2,Fisher Quantity Index,"Percent change, annual rate",0,-3.4,T10101
T10101,A009RL,10,Structures,1968Q3,Fisher Quantity Index,"Percent change, annual rate",0,-2.6,T10101
T10101,A009RL,10,Structures,1968Q4,Fisher Quantity Index,"Percent change, annual rate",0,8.4,T10101
T10101,A009RL,10,Structures,1969Q1,Fisher Quantity Index,"Percent change, annual rate",0,6.3,T10101
T10101,A009RL,10,Structures,1969Q2,Fisher Quantity Index,"Percent change, annual rate",0,3.2,T10101
T10101,A009RL,10,Structures,1969Q3,Fisher Quantity Index,"Percent change, annual rate",0,20.2,T10101
T10101,A009RL,10,Structures,1969Q4,Fisher Quantity Index,"Percent change, annual rate",0,-2.8,T10101
T10101,A009RL,10,Structures,1970Q1,Fisher Quantity Index,"Percent change, annual rate",0,-3.1,T10101
T10101,A009RL,10,Structures,1970Q2,Fisher Quantity Index,"Percent change, annual rate",0,-4.0,T10101
T10101,A009RL,10,Structures,1970Q3,Fisher Quantity Index,"Percent change, annual rate",0,1.5,T10101
T10101,A009RL,10,Structures,1970Q4,Fisher Quantity Index,"Percent change, annual rate",0,-4.6,T10101
T10101,A009RL,10,Structures,1971Q1,Fisher Quantity Index,"Percent change, annual rate",0,-1.0,T10101
T10101,A009RL,10,Structures,1971Q2,Fisher Quantity Index,"Percent change, annual rate",0,-1.0,T10101
T10101,A009RL,10,Structures,1971Q3,Fisher Quantity Index,"Percent change, annual rate",0,-1.4,T10101
T10101,A009RL,10,Structures,1971Q4,Fisher Quantity Index,"Percent change, annual rate",0,-1.0,T10101
T10101,A009RL,10,Structures,1972Q1,Fisher Quantity Index,"Percent change, annual rate",0,10.9,T10101
T10101,A009RL,10,Structures,1972Q2,Fisher Quantity Index,"Percent change, annual rate",0,2.3,T10101
T10101,A009RL,10,Structures,1972Q3,Fisher Quantity Index,"Percent change, annual rate",0,0.9,T10101
T10101,A009RL,10,Structures,1972Q4,Fisher Quantity Index,"Percent change, annual rate",0,6.5,T10101
T10101,A009RL,10,Structures,1973Q1,Fisher Quantity Index,"Percent change, annual rate",0,13.7,T10101
T10101,A009RL,10,Structures,1973Q2,Fisher Quantity Index,"Percent change, annual rate",0,13.1,T10101
T10101,A009RL,10,Structures,1973Q3,Fisher Quantity Index,"Percent change, annual rate",0,9.4,T10101
T10101,A009RL,10,Structures,1973Q4,Fisher Quantity Index,"Percent change, annual rate",0,-3.6,T10101
T10101,A009RL,10,Structures,1974Q1,Fisher Quantity Index,"Percent change, annual rate",0,-2.2,T10101
T10101,A009RL,10,Structures,1974Q2,Fisher Quantity Index,"Percent change, annual rate",0,-1.6,T10101
T10101,A009RL,10,Structures,1974Q3,Fisher Quantity Index,"Percent change, annual rate",0,-16.2,T10101
T10101,A009RL,10,Structures,1974Q4,Fisher Quantity Index,"Percent change, annual rate",0,-4.7,T10101
T10101,A009RL,10,Structures,1975Q1,Fisher Quantity Index,"Percent change, annual rate",0,-19.0,T10101
T10101,A009RL,10,Structures,1975Q2,Fisher Quantity Index,"Percent change, annual rate",0,-14.2,T10101
T10101,A009RL,10,Structures,1975Q3,Fisher Quantity Index,"Percent change, annual rate",0,2.3,T10101
T10101,A009RL,10,Structures,1975Q4,Fisher Quantity Index,"Percent change, annual rate",0,0.3,T10101
T10101,A009RL,10,Structures,1976Q1,Fisher Quantity Index,"Percent change, annual rate",0,11.2,T10101
T10101,A009RL,10,Structures,1976Q2,Fisher Quantity Index,"Percent change, annual rate",0,-1.2,T10101
T10101,A009RL,10,Structures,1976Q3,Fisher Quantity Index,"Percent change, annual rate",0,4.1,T10101
T10101,A009RL,10,Structures,1976Q4,Fisher Quantity Index,"Percent change, annual rate",0,1.3,T10101
T10101,A009RL,10,Structures,1977Q1,Fisher Quantity Index,"Percent change, annual rate",0,-1.4,T10101
T10101,A009RL,10,Structures,1977Q2,Fisher Quantity Index,"Percent change, annual rate",0,15.8,T10101
T10101,A009RL,10,Structures,1977Q3,Fisher Quantity Index,"Percent change, annual rate",0,6.2,T10101
T10101,A009RL,10,Structures,1977Q4,Fisher Quantity Index,"Percent change, annual rate",0,2.9,T10101
T10101,A009RL,10,Structures,1978Q1,Fisher Quantity Index,"Percent change, annual rate",0,-0.8,T10101
T10101,A009RL,10,Structures,1978Q2,Fisher Quantity Index,"Percent change, annual rate",0,45.2,T10101
T10101,A009RL,10,Structures,1978Q3,Fisher Quantity Index,"Percent change, annual rate",0,29.1,T10101
T10101,A009RL,10,Structures,1978Q4,Fisher Quantity Index,"Percent change, annual rate",0,17.8,T10101
T10101,A009RL,10,Structures,1979Q1,Fisher Quantity Index,"Percent change, annual rate",0,-2.2,T10101
T10101,A009RL,10,Structures,1979Q2,Fisher Quantity Index,"Percent change, annual rate",0,5.9,T10101
T10101,A009RL,10,Structures,1979Q3,Fisher Quantity Index,"Percent change, annual rate",0,20.0,T10101
T10101,A009RL,10,Structures,1979Q4,Fisher Quantity Index,"Percent change, annual rate",0,12.8,T10101
T10101,A009RL,10,Structures,1980Q1,Fisher Quantity Index,"Percent change, annual rate",0,6.3,T10101
T10101,A009RL,10,Structures,1980Q2,Fisher Quantity Index,"Percent change, annual rate",0,-8.5,T10101
T10101,A009RL,10,Structures,1980Q3,Fisher Quantity Index,"Percent change, annual rate",0,2.0,T10101
T10101,A009RL,10,Structures,1980Q4,Fisher Quantity Index,"Percent change, annual rate",0,12.3,T10101
T10101,A009RL,10,Structures,1981Q1,Fisher Quantity Index,"Percent change, annual rate",0,-0.2,T10101
T10101,A009RL,10,Structures,1981Q2,Fisher Quantity Index,"Percent change, annual rate",0,15.9,T10101
T10101,A009RL,10,Structures,1981Q3,Fisher Quantity Index,"Percent change, annual rate",0,10.5,T10101
T10101,A009RL,10,Structures,1981Q4,Fisher Quantity Index,"Percent change, annual rate",0,32.8,T10101
T10101,A009RL,10,Structures,1982Q1,Fisher Quantity Index,"Percent change, annual rate",0,-12.1,T10101
T10101,A009RL,10,Structures,1982Q2,Fisher Quantity Index,"Percent change, annual rate",0,-12.4,T10101
T10101,A009RL,10,Structures,1982Q3,Fisher Quantity Index,"Percent change, annual rate",0,-20.3,T10101
T10101,A009RL,10,Structures,1982Q4,Fisher Quantity Index,"Percent change, annual rate",0,-8.8,T10101
T10101,A009RL,10,Structures,1983Q1,Fisher Quantity Index,"Percent change, annual rate",0,-15.4,T10101
T10101,A009RL,10,Structures,1983Q2,Fisher Quantity Index,"Percent change, annual rate",0,-17.7,T10101
T10101,A009RL,10,Structures,1983Q3,Fisher Quantity Index,"Percent change, annual rate",0,9.7,T10101
T10101,A009RL,10,Structures,1983Q4,Fisher Quantity Index,"Percent change, annual rate",0,11.6,T10101
T10101,A009RL,10,Structures,1984Q1,Fisher Quantity Index,"Percent change, annual rate",0,24.8,T10101
T10101,A009RL,10,Structures,1984Q2,Fisher Quantity Index,"Percent change, annual rate",0,21.6,T10101
T10101,A009RL,10,Structures,1984Q3,Fisher Quantity Index,"Percent change, annual rate",0,13.2,T10101
T10101,A009RL,10,Structures,1984Q4,Fisher Quantity Index,"Percent change, annual rate",0,4.2,T10101
T10101,A009RL,10,Structures,1985Q1,Fisher Quantity Index,"Percent change, annual rate",0,18.1,T10101
T10101,A009RL,10,Structures,1985Q2,Fisher Quantity Index,"Percent change, annual rate",0,-0.2,T10101
T10101,A009RL,10,Structures,1985Q3,Fisher Quantity Index,"Percent change, annual rate",0,-8.0,T10101
T10101,A009RL,10,Structures,1985Q4,Fisher Quantity Index,"Percent change, annual rate",0,5.1,T10101
T10101,A009RL,10,Structures,1986Q1,Fisher Quantity Index,"Percent change, annual rate",0,-9.6,T10101
T10101,A009RL,10,Structures,1986Q2,Fisher Quantity Index,"Percent change, annual rate",0,-32.7,T10101
T10101,A009RL,10,Structures,1986Q3,Fisher Quantity Index,"Percent change, annual rate",0,-13.5,T10101
T10101,A009RL,10,Structures,1986Q4,Fisher Quantity Index,"Percent change, annual rate",0,2.5,T10101
T10101,A009RL,10,Structures,1987Q1,Fisher Quantity Index,"Percent change, annual rate",0,-9.0,T10101
T10101,A009RL,10,Structures,1987Q2,Fisher Quantity Index,"Percent change, annual rate",0,4.8,T10101
T10101,A009RL,10,Structures,1987Q3,Fisher Quantity Index,"Percent change, annual rate",0,17.7,T10101
T10101,A009RL,10,Structures,1987Q4,Fisher Quantity Index,"Percent change, annual rate",0,7.8,T10101
T10101,A009RL,10,Structures,1988Q1,Fisher Quantity Index,"Percent change, annual rate",0,-14.3,T10101
T10101,A009RL,10,Structures,1988Q2,Fisher Quantity Index,"Percent change, annual rate",0,8.6,T10101
T10101,A009RL,10,Structures,1988Q3,Fisher Quantity Index,"Percent change, annual rate",0,-5.3,T10101
T10101,A009RL,10,Structures,1988Q4,Fisher Quantity Index,"Percent change, annual rate",0,-1.0,T10101
T10101,A009RL,10,Structures,1989Q1,Fisher Quantity Index,"Percent change, annual rate",0,6.6,T10101
T10101,A009RL,10,Structures,1989Q2,Fisher Quantity Index,"Percent change, annual rate",0,-4.4,T10101
T10101,A009RL,10,Structures,1989Q3,Fisher Quantity Index,"Percent change, annual rate",0,14.8,T10101
T10101,A009RL,10,Structures,1989Q4,Fisher Quantity Index,"Percent change, annual rate",0,-2.4,T10101
T10101,A009RL,10,Structures,1990Q1,Fisher Quantity Index,"Percent change, annual rate",0,9.1,T10101
T10101,A009RL,10,Structures,1990Q2,Fisher Quantity Index,"Percent change, annual rate",0,-1.9,T10101
T10101,A009RL,10,Structures,1990Q3,Fisher Quantity Index,"Percent change, annual rate",0,-1.4,T10101
T10101,A009RL,10,Structures,1990Q4,Fisher Quantity Index,"Percent change, annual rate",0,-16.8,T10101
T10101,A009RL,10,Structures,1991Q1,Fisher Quantity Index,"Percent change, annual rate",0,-8.3,T10101
T10101,A009RL,10,Structures,1991Q2,Fisher Quantity Index,"Percent change, annual rate",0,-10.5,T10101
T10101,A009RL,10,Structures,1991Q3,Fisher Quantity Index,"Percent change, annual rate",0,-23.6,T10101
T10101,A009RL,10,Structures,1991Q4,Fisher Quantity Index,"Percent change, annual rate",0,-8.0,T10101
T10101,A009RL,10,Structures,1992Q1,Fisher Quantity Index,"Percent change, annual rate",0,-5.1,T10101
T10101,A009RL,10,Structures,1992Q2,Fisher Quantity Index,"Percent change, annual rate",0,0.1,T10101
T10101,A009RL,10,Structures,1992Q3,Fisher Quantity Index,"Percent change, annual rate",0,3.7,T10101
T10101,A009RL,10,Structures,1992Q4,Fisher Quantity Index,"Percent change, annual rate",0,5.4,T10101
T10101,A009RL,10,Structures,1993Q1,Fisher Quantity Index,"Percent change, annual rate",0,-5.2,T10101
T10101,A009RL,10,Structures,1993Q2,Fisher Quantity Index,"Percent change, annual rate",0,-6.5,T10101
T10101,A009RL,10,Structures,1993Q3,Fisher Quantity Index,"Percent change, annual rate",0,1.0,T10101
T10101,A009RL,10,Structures,1993Q4,Fisher Quantity Index,"Percent change, annual rate",0,12.7,T10101
T10101,A009RL,10,Structures,1994Q1,Fisher Quantity Index,"Percent change, annual rate",0,-12.0,T10101
T10101,A009RL,10,Structures,1994Q2,Fisher Quantity Index,"Percent change, annual rate",0,17.7,T10101
T10101,A009RL,10,Structures,1994Q3,Fisher Quantity Index,"Percent change, annual rate",0,-2.7,T10101
T10101,A009RL,10,Structures,1994Q4,Fisher Quantity Index,"Percent change, annual rate",0,5.7,T10101
T10101,A009RL,10,Structures,1995Q1,Fisher Quantity Index,"Percent change, annual rate",0,11.6,T10101
T10101,A009RL,10,Structures,1995Q2,Fisher Quantity Index,"Percent change, annual rate",0,10.0,T10101
T10101,A009RL,10,Structures,1995Q3,Fisher Quantity Index,"Percent change, annual rate",0,1.3,T10101
T10101,A009RL,10,Structures,1995Q4,Fisher Quantity Index,"Percent change, annual rate",0,-3.4,T10101
T10101,A009RL,10,Structures,1996Q1,Fisher Quantity Index,"Percent change, annual rate",0,7.6,T10101
T10101,A009RL,10,Structures,1996Q2,Fisher Quantity Index,"Percent change, annual rate",0,9.0,T10101
T10101,A009RL,10,Structures,1996Q3,Fisher Quantity Index,"Percent change, annual rate",0,4.9,T10101
T10101,A009RL,10,Structures,1996Q4,Fisher Quantity Index,"Percent change, annual rate",0,23.0,T10101
T10101,A009RL,10,Structures,1997Q1,Fisher Quantity Index,"Percent change, annual rate",0,2.4,T10101
T10101,A009RL,10,Structures,1997Q2,Fisher Quantity Index,"Percent change, annual rate",0,-3.6,T10101
T10101,A009RL,10,Structures,1997Q3,Fisher Quantity Index,"Percent change, annual rate",0,17.9,T10101
T10101,A009RL,10,Structures,1997Q4,Fisher Quantity Index,"Percent change, annual rate",0,2.2,T10101
T10101,A009RL,10,Structures,1998Q1,Fisher Quantity Index,"Percent change, annual rate",0,-3.0,T10101
T10101,A009RL,10,Structures,1998Q2,Fisher Quantity Index,"Percent change, annual rate",0,23.6,T10101
T10101,A009RL,10,Structures,1998Q3,Fisher Quantity Index,"Percent change, annual rate",0,-0.6,T10101
T10101,A009RL,10,Structures,1998Q4,Fisher Quantity Index,"Percent change, annual rate",0,-0.8,T10101
T10101,A009RL,10,Structures,1999Q1,Fisher Quantity Index,"Percent change, annual rate",0,-0.8,T10101
T10101,A009RL,10,Structures,1999Q2,Fisher Quantity Index,"Percent change, annual rate",0,-3.9,T10101
T10101,A009RL,10,Structures,1999Q3,Fisher Quantity Index,"Percent change, annual rate",0,0.1,T10101
T10101,A009RL,10,Structures,1999Q4,Fisher Quantity Index,"Percent change, annual rate",0,4.5,T10101
T10101,A009RL,10,Structures,2000Q1,Fisher Quantity Index,"Percent change, annual rate",0,9.1,T10101
T10101,A009RL,10,Structures,2000Q2,Fisher Quantity Index,"Percent change, annual rate",0,18.1,T10101
T10101,A009RL,10,Structures,2000Q3,Fisher Quantity Index,"Percent change, annual rate",0,15.0,T10101
T10101,A009RL,10,Structures,2000Q4,Fisher Quantity Index,"Percent change, annual rate",0,1.5,T10101
T10101,A009RL,10,Structures,2001Q1,Fisher Quantity Index,"Percent change, annual rate",0,-10.5,T10101
T10101,A009RL,10,Structures,2001Q2,Fisher Quantity Index,"Percent change, annual rate",0,2.5,T10101
T10101,A009RL,10,Structures,2001Q3,Fisher Quantity Index,"Percent change, annual rate",0,3.2,T10101
T10101,A009RL,10,Structures,2001Q4,Fisher Quantity Index,"Percent change, annual rate",0,-32.7,T10101
T10101,A009RL,10,Structures,2002Q1,Fisher Quantity Index,"Percent change, annual rate",0,-19.3,T10101
T10101,A009RL,10,Structures,2002Q2,Fisher Quantity Index,"Percent change, annual rate",0,-20.0,T10101
T10101,A009RL,10,Structures,2002Q3,Fisher Quantity Index,"Percent change, annual rate",0,-17.5,T10101
T10101,A009RL,10,Structures,2002Q4,Fisher Quantity Index,"Percent change, annual rate",0,-5.2,T10101
T10101,A009RL,10,Structures,2003Q1,Fisher Quantity Index,"Percent change, annual rate",0,-2.5,T10101
T10101,A009RL,10,Structures,2003Q2,Fisher Quantity Index,"Percent change, annual rate",0,11.3,T10101
T10101,A009RL,10,Structures,2003Q3,Fisher Quantity Index,"Percent change, annual rate",0,-1.4,T10101
T10101,A009RL,10,Structures,2003Q4,Fisher Quantity Index,"Percent change, annual rate",0,0.8,T10101
T10101,A009RL,10,Structures,2004Q1,Fisher Quantity Index,"Percent change, annual rate",0,-7.8,T10101
T10101,A009RL,10,Structures,2004Q2,Fisher Quantity Index,"Percent change, annual rate",0,2.6,T10101
T10101,A009RL,10,Structures,2004Q3,Fisher Quantity Index,"Percent change, annual rate",0,6.8,T10101
T10101,A009RL,10,Structures,2004Q4,Fisher Quantity Index,"Percent change, annual rate",0,0.3,T10101
T10101,A009RL,10,Structures,2005Q1,Fisher Quantity Index,"Percent change, annual rate",0,5.5,T10101
T10101,A009RL,10,Structures,2005Q2,Fisher Quantity Index,"Percent change, annual rate",0,-1.6,T10101
T10101,A009RL,10,Structures,2005Q3,Fisher Quantity Index,"Percent change, annual rate",0,-1.7,T10101
T10101,A009RL,10,Structures,2005Q4,Fisher Quantity Index,"Percent change, annual rate",0,4.2,T10101
T10101,A009RL,10,Structures,2006Q1,Fisher Quantity Index,"Percent change, annual rate",0,15.8,T10101
T10101,A009RL,10,Structures,2006Q2,Fisher Quantity Index,"Percent change, annual rate",0,13.0,T10101
T10101,A009RL,10,Structures,2006Q3,Fisher Quantity Index,"Percent change, annual rate",0,7.8,T10101
T10101,A009RL,10,Structures,2006Q4,Fisher Quantity Index,"Percent change, annual rate",0,0.1,T10101
T10101,A009RL,10,Structures,2007Q1,Fisher Quantity Index,"Percent change, annual rate",0,15.8,T10101
T10101,A009RL,10,Structures,2007Q2,Fisher Quantity Index,"Percent change, annual rate",0,24.1,T10101
T10101,A009RL,10,Structures,2007Q3,Fisher Quantity Index,"Percent change, annual rate",0,20.6,T10101
T10101,A009RL,10,Structures,2007Q4,Fisher Quantity Index,"Percent change, annual rate",0,10.6,T10101
T10101,A009RL,10,Structures,2008Q1,Fisher Quantity Index,"Percent change, annual rate",0,1.8,T10101
T10101,A009RL,10,Structures,2008Q2,Fisher Quantity Index,"Percent change, annual rate",0,6.8,T10101
T10101,A009RL,10,Structures,2008Q3,Fisher Quantity Index,"Percent change, annual rate",0,-2.4,T10101
T10101,A009RL,10,Structures,2008Q4,Fisher Quantity Index,"Percent change, annual rate",0,-8.9,T10101
T10101,A009RL,10,Structures,2009Q1,Fisher Quantity Index,"Percent change, annual rate",0,-26.6,T10101
T10101,A009RL,10,Structures,2009Q2,Fisher Quantity Index,"Percent change, annual rate",0,-27.4,T10101
T10101,A009RL,10,Structures,2009Q3,Fisher Quantity Index,"Percent change, annual rate",0,-24.5,T10101
T10101,A009RL,10,Structures,2009Q4,Fisher Quantity Index,"Percent change, annual rate",0,-29.8,T10101
T10101,A009RL,10,Structures,2010Q1,Fisher Quantity Index,"Percent change, annual rate",0,-24.0,T10101
T10101,A009RL,10,Structures,2010Q2,Fisher Quantity Index,"Percent change, annual rate",0,12.2,T10101
T10101,A009RL,10,Structures,2010Q3,Fisher Quantity Index,"Percent change, annual rate",0,-5.5,T10101
T10101,A009RL,10,Structures,2010Q4,Fisher Quantity Index,"Percent change, annual rate",0,8.2,T10101
T10101,A009RL,10,Structures,2011Q1,Fisher Quantity Index,"Percent change, annual rate",0,-26.0,T10101
T10101,A009RL,10,Structures,2011Q2,Fisher Quantity Index,"Percent change, annual rate",0,31.3,T10101
T10101,A009RL,10,Structures,2011Q3,Fisher Quantity Index,"Percent change, annual rate",0,26.4,T10101
T10101,A009RL,10,Structures,2011Q4,Fisher Quantity Index,"Percent change, annual rate",0,14.9,T10101
T10101,A009RL,10,Structures,2012Q1,Fisher Quantity Index,"Percent change, annual rate",0,20.7,T10101
T10101,A009RL,10,Structures,2012Q2,Fisher Quantity Index,"Percent change, annual rate",0,10.1,T10101
T10101,A009RL,10,Structures,2012Q3,Fisher Quantity Index,"Percent change, annual rate",0,-4.4,T10101
T10101,A009RL,10,Structures,2012Q4,Fisher Quantity Index,"Percent change, annual rate",0,-7.5,T10101
T10101,A009RL,10,Structures,2013Q1,Fisher Quantity Index,"Percent change, annual rate",0,-8.1,T10101
T10101,A009RL,10,Structures,2013Q2,Fisher Quantity Index,"Percent change, annual rate",0,11.0,T10101
T10101,A009RL,10,Structures,2013Q3,Fisher Quantity Index,"Percent change, annual rate",0,20.8,T10101
T10101,A009RL,10,Structures,2013Q4,Fisher Quantity Index,"Percent change, annual rate",0,4.0,T10101
T10101,A009RL,10,Structures,2014Q1,Fisher Quantity Index,"Percent change, annual rate",0,15.6,T10101
T10101,A009RL,10,Structures,2014Q2,Fisher Quantity Index,"Percent change, annual rate",0,15.2,T10101
T10101,A009RL,10,Structures,2014Q3,Fisher Quantity Index,"Percent change, annual rate",0,1.3,T10101
T10101,A009RL,10,Structures,2014Q4,Fisher Quantity Index,"Percent change, annual rate",0,7.1,T10101
T10101,A009RL,10,Structures,2015Q1,Fisher Quantity Index,"Percent change, annual rate",0,-4.0,T10101
T10101,A009RL,10,Structures,2015Q2,Fisher Quantity Index,"Percent change, annual rate",0,5.7,T10101
T10101,A009RL,10,Structures,2015Q3,Fisher Quantity Index,"Percent change, annual rate",0,-10.2,T10101
T10101,A009RL,10,Structures,2015Q4,Fisher Quantity Index,"Percent change, annual rate",0,-12.8,T10101
T10101,A009RL,10,Structures,2016Q1,Fisher Quantity Index,"Percent change, annual rate",0,-13.0,T10101
T10101,A009RL,10,Structures,2016Q2,Fisher Quantity Index,"Percent change, annual rate",0,9.5,T10101
T10101,A009RL,10,Structures,2016Q3,Fisher Quantity Index,"Percent change, annual rate",0,16.9,T10101
T10101,A009RL,10,Structures,2016Q4,Fisher Quantity Index,"Percent change, annual rate",0,3.8,T10101
T10101,A009RL,10,Structures,2017Q1,Fisher Quantity Index,"Percent change, annual rate",0,-0.4,T10101
T10101,A009RL,10,Structures,2017Q2,Fisher Quantity Index,"Percent change, annual rate",0,1.0,T10101
T10101,A009RL,10,Structures,2017Q3,Fisher Quantity Index,"Percent change, annual rate",0,-8.4,T10101
T10101,A009RL,10,Structures,2017Q4,Fisher Quantity Index,"Percent change, annual rate",0,6.9,T10101
T10101,A009RL,10,Structures,2018Q1,Fisher Quantity Index,"Percent change, annual rate",0,25.8,T10101
T10101,A009RL,10,Structures,2018Q2,Fisher Quantity Index,"Percent change, annual rate",0,1.6,T10101
T10101,A009RL,10,Structures,2018Q3,Fisher Quantity Index,"Percent change, annual rate",0,0.6,T10101
T10101,A009RL,10,Structures,2018Q4,Fisher Quantity Index,"Percent change, annual rate",0,-10.8,T10101
T10101,A009RL,10,Structures,2019Q1,Fisher Quantity Index,"Percent change, annual rate",0,1.5,T10101
T10101,A009RL,10,Structures,2019Q2,Fisher Quantity Index,"Percent change, annual rate",0,13.5,T10101
T10101,A009RL,10,Structures,2019Q3,Fisher Quantity Index,"Percent change, annual rate",0,16.8,T10101
T10101,A009RL,10,Structures,2019Q4,Fisher Quantity Index,"Percent change, annual rate",0,-6.6,T10101
T10101,A009RL,10,Structures,2020Q1,Fisher Quantity Index,"Percent change, annual rate",0,-5.9,T10101
T10101,A009RL,10,Structures,2020Q2,Fisher Quantity Index,"Percent change, annual rate",0,-38.7,T10101
T10101,A009RL,10,Structures,2020Q3,Fisher Quantity Index,"Percent change, annual rate",0,-5.7,T10101
T10101,A009RL,10,Structures,2020Q4,Fisher Quantity Index,"Percent change, annual rate",0,2.9,T10101
T10101,A009RL,10,Structures,2021Q1,Fisher Quantity Index,"Percent change, annual rate",0,6.4,T10101
T10101,A009RL,10,Structures,2021Q2,Fisher Quantity Index,"Percent change, annual rate",0,0.6,T10101
T10101,A009RL,10,Structures,2021Q3,Fisher Quantity Index,"Percent change, annual rate",0,-3.7,T10101
T10101,A009RL,10,Structures,2021Q4,Fisher Quantity Index,"Percent change, annual rate",0,-8.4,T10101
T10101,A009RL,10,Structures,2022Q1,Fisher Quantity Index,"Percent change, annual rate",0,7.9,T10101
T10101,A009RL,10,Structures,2022Q2,Fisher Quantity Index,"Percent change, annual rate",0,8.9,T10101
T10101,A009RL,10,Structures,2022Q3,Fisher Quantity Index,"Percent change, annual rate",0,10.7,T10101
T10101,A009RL,10,Structures,2022Q4,Fisher Quantity Index,"Percent change, annual rate",0,11.5,T10101
T10101,A009RL,10,Structures,2023Q1,Fisher Quantity Index,"Percent change, annual rate",0,30.5,T10101
T10101,A009RL,10,Structures,2023Q2,Fisher Quantity Index,"Percent change, annual rate",0,20.1,T10101
T10101,A009RL,10,Structures,2023Q3,Fisher Quantity Index,"Percent change, annual rate",0,6.8,T10101
T10101,A009RL,10,Structures,2023Q4,Fisher Quantity Index,"Percent change, annual rate",0,11.3,T10101
T10101,A009RL,10,Structures,2024Q1,Fisher Quantity Index,"Percent change, annual rate",0,-5.0,T10101
T10101,A009RL,10,Structures,2024Q2,Fisher Quantity Index,"Percent change, annual rate",0,-3.9,T10101
T10101,A009RL,10,Structures,2024Q3,Fisher Quantity Index,"Percent change, annual rate",0,-2.2,T10101
T10101,A009RL,10,Structures,2024Q4,Fisher Quantity Index,"Percent change, annual rate",0,-8.1,T10101
T10101,A009RL,10,Structures,2025Q1,Fisher Quantity Index,"Percent change, annual rate",0,-3.1,T10101
T10101,A009RL,10,Structures,2025Q2,Fisher Quantity Index,"Percent change, annual rate",0,-7.5,T10101
T10101,A009RL,10,Structures,2025Q3,Fisher Quantity Index,"Percent change, annual rate",0,-5.0,T10101
T10101,Y033RL,11,Equipment,1947Q2,Fisher Quantity Index,"Percent change, annual rate",0,-8.3,T10101
T10101,Y033RL,11,Equipment,1947Q3,Fisher Quantity Index,"Percent change, annual rate",0,-12.8,T10101
T10101,Y033RL,11,Equipment,1947Q4,Fisher Quantity Index,"Percent change, annual rate",0,25.2,T10101
T10101,Y033RL,11,Equipment,1948Q1,Fisher Quantity Index,"Percent change, annual rate",0,38.4,T10101
T10101,Y033RL,11,Equipment,1948Q2,Fisher Quantity Index,"Percent change, annual rate",0,-24.0,T10101
T10101,Y033RL,11,Equipment,1948Q3,Fisher Quantity Index,"Percent change, annual rate",0,-5.0,T10101
T10101,Y033RL,11,Equipment,1948Q4,Fisher Quantity Index,"Percent change, annual rate",0,13.5,T10101
T10101,Y033RL,11,Equipment,1949Q1,Fisher Quantity Index,"Percent change, annual rate",0,-23.1,T10101
T10101,Y033RL,11,Equipment,1949Q2,Fisher Quantity Index,"Percent change, annual rate",0,-18.3,T10101
T10101,Y033RL,11,Equipment,1949Q3,Fisher Quantity Index,"Percent change, annual rate",0,-19.6,T10101
T10101,Y033RL,11,Equipment,1949Q4,Fisher Quantity Index,"Percent change, annual rate",0,-4.3,T10101
T10101,Y033RL,11,Equipment,1950Q1,Fisher Quantity Index,"Percent change, annual rate",0,7.2,T10101
T10101,Y033RL,11,Equipment,1950Q2,Fisher Quantity Index,"Percent change, annual rate",0,53.2,T10101
T10101,Y033RL,11,Equipment,1950Q3,Fisher Quantity Index,"Percent change, annual rate",0,50.2,T10101
T10101,Y033RL,11,Equipment,1950Q4,Fisher Quantity Index,"Percent change, annual rate",0,-6.0,T10101
T10101,Y033RL,11,Equipment,1951Q1,Fisher Quantity Index,"Percent change, annual rate",0,-15.9,T10101
T10101,Y033RL,11,Equipment,1951Q2,Fisher Quantity Index,"Percent change, annual rate",0,0.6,T10101
T10101,Y033RL,11,Equipment,1951Q3,Fisher Quantity Index,"Percent change, annual rate",0,8.9,T10101
T10101,Y033RL,11,Equipment,1951Q4,Fisher Quantity Index,"Percent change, annual rate",0,-3.8,T10101
T10101,Y033RL,11,Equipment,1952Q1,Fisher Quantity Index,"Percent change, annual rate",0,2.3,T10101
T10101,Y033RL,11,Equipment,1952Q2,Fisher Quantity Index,"Percent change, annual rate",0,5.6,T10101
T10101,Y033RL,11,Equipment,1952Q3,Fisher Quantity Index,"Percent change, annual rate",0,-47.3,T10101
T10101,Y033RL,11,Equipment,1952Q4,Fisher Quantity Index,"Percent change, annual rate",0,60.5,T10101
T10101,Y033RL,11,Equipment,1953Q1,Fisher Quantity Index,"Percent change, annual rate",0,31.6,T10101
T10101,Y033RL,11,Equipment,1953Q2,Fisher Quantity Index,"Percent change, annual rate",0,-0.6,T10101
T10101,Y033RL,11,Equipment,1953Q3,Fisher Quantity Index,"Percent change, annual rate",0,14.2,T10101
T10101,Y033RL,11,Equipment,1953Q4,Fisher Quantity Index,"Percent change, annual rate",0,-11.1,T10101
T10101,Y033RL,11,Equipment,1954Q1,Fisher Quantity Index,"Percent change, annual rate",0,-20.5,T10101
T10101,Y033RL,11,Equipment,1954Q2,Fisher Quantity Index,"Percent change, annual rate",0,-8.6,T10101
T10101,Y033RL,11,Equipment,1954Q3,Fisher Quantity Index,"Percent change, annual rate",0,20.3,T10101
T10101,Y033RL,11,Equipment,1954Q4,Fisher Quantity Index,"Percent change, annual rate",0,-0.9,T10101
T10101,Y033RL,11,Equipment,1955Q1,Fisher Quantity Index,"Percent change, annual rate",0,3.7,T10101
T10101,Y033RL,11,Equipment,1955Q2,Fisher Quantity Index,"Percent change, annual rate",0,40.5,T10101
T10101,Y033RL,11,Equipment,1955Q3,Fisher Quantity Index,"Percent change, annual rate",0,27.5,T10101
T10101,Y033RL,11,Equipment,1955Q4,Fisher Quantity Index,"Percent change, annual rate",0,12.2,T10101
T10101,Y033RL,11,Equipment,1956Q1,Fisher Quantity Index,"Percent change, annual rate",0,-18.4,T10101
T10101,Y033RL,11,Equipment,1956Q2,Fisher Quantity Index,"Percent change, annual rate",0,0.8,T10101
T10101,Y033RL,11,Equipment,1956Q3,Fisher Quantity Index,"Percent change, annual rate",0,4.1,T10101
T10101,Y033RL,11,Equipment,1956Q4,Fisher Quantity Index,"Percent change, annual rate",0,-1.0,T10101
T10101,Y033RL,11,Equipment,1957Q1,Fisher Quantity Index,"Percent change, annual rate",0,7.4,T10101
T10101,Y033RL,11,Equipment,1957Q2,Fisher Quantity Index,"Percent change, annual rate",0,-1.5,T10101
T10101,Y033RL,11,Equipment,1957Q3,Fisher Quantity Index,"Percent change, annual rate",0,14.9,T10101
T10101,Y033RL,11,Equipment,1957Q4,Fisher Quantity Index,"Percent change, annual rate",0,-14.9,T10101
T10101,Y033RL,11,Equipment,1958Q1,Fisher Quantity Index,"Percent change, annual rate",0,-36.2,T10101
T10101,Y033RL,11,Equipment,1958Q2,Fisher Quantity Index,"Percent change, annual rate",0,-19.0,T10101
T10101,Y033RL,11,Equipment,1958Q3,Fisher Quantity Index,"Percent change, annual rate",0,-4.1,T10101
T10101,Y033RL,11,Equipment,1958Q4,Fisher Quantity Index,"Percent change, annual rate",0,23.4,T10101
T10101,Y033RL,11,Equipment,1959Q1,Fisher Quantity Index,"Percent change, annual rate",0,23.9,T10101
T10101,Y033RL,11,Equipment,1959Q2,Fisher Quantity Index,"Percent change, annual rate",0,12.6,T10101
T10101,Y033RL,11,Equipment,1959Q3,Fisher Quantity Index,"Percent change, annual rate",0,13.7,T10101
T10101,Y033RL,11,Equipment,1959Q4,Fisher Quantity Index,"Percent change, annual rate",0,-0.8,T10101
T10101,Y033RL,11,Equipment,1960Q1,Fisher Quantity Index,"Percent change, annual rate",0,14.6,T10101
T10101,Y033RL,11,Equipment,1960Q2,Fisher Quantity Index,"Percent change, annual rate",0,6.9,T10101
T10101,Y033RL,11,Equipment,1960Q3,Fisher Quantity Index,"Percent change, annual rate",0,-16.2,T10101
T10101,Y033RL,11,Equipment,1960Q4,Fisher Quantity Index,"Percent change, annual rate",0,-13.4,T10101
T10101,Y033RL,11,Equipment,1961Q1,Fisher Quantity Index,"Percent change, annual rate",0,-12.4,T10101
T10101,Y033RL,11,Equipment,1961Q2,Fisher Quantity Index,"Percent change, annual rate",0,20.6,T10101
T10101,Y033RL,11,Equipment,1961Q3,Fisher Quantity Index,"Percent change, annual rate",0,5.5,T10101
T10101,Y033RL,11,Equipment,1961Q4,Fisher Quantity Index,"Percent change, annual rate",0,26.4,T10101
T10101,Y033RL,11,Equipment,1962Q1,Fisher Quantity Index,"Percent change, annual rate",0,10.8,T10101
T10101,Y033RL,11,Equipment,1962Q2,Fisher Quantity Index,"Percent change, annual rate",0,10.5,T10101
T10101,Y033RL,11,Equipment,1962Q3,Fisher Quantity Index,"Percent change, annual rate",0,1.4,T10101
T10101,Y033RL,11,Equipment,1962Q4,Fisher Quantity Index,"Percent change, annual rate",0,1.2,T10101
T10101,Y033RL,11,Equipment,1963Q1,Fisher Quantity Index,"Percent change, annual rate",0,7.6,T10101
T10101,Y033RL,11,Equipment,1963Q2,Fisher Quantity Index,"Percent change, annual rate",0,8.3,T10101
T10101,Y033RL,11,Equipment,1963Q3,Fisher Quantity Index,"Percent change, annual rate",0,18.4,T10101
T10101,Y033RL,11,Equipment,1963Q4,Fisher Quantity Index,"Percent change, annual rate",0,16.6,T10101
T10101,Y033RL,11,Equipment,1964Q1,Fisher Quantity Index,"Percent change, annual rate",0,10.2,T10101
T10101,Y033RL,11,Equipment,1964Q2,Fisher Quantity Index,"Percent change, annual rate",0,8.5,T10101
T10101,Y033RL,11,Equipment,1964Q3,Fisher Quantity Index,"Percent change, annual rate",0,14.9,T10101
T10101,Y033RL,11,Equipment,1964Q4,Fisher Quantity Index,"Percent change, annual rate",0,12.4,T10101
T10101,Y033RL,11,Equipment,1965Q1,Fisher Quantity Index,"Percent change, annual rate",0,34.1,T10101
T10101,Y033RL,11,Equipment,1965Q2,Fisher Quantity Index,"Percent change, annual rate",0,7.4,T10101
T10101,Y033RL,11,Equipment,1965Q3,Fisher Quantity Index,"Percent change, annual rate",0,23.2,T10101
T10101,Y033RL,11,Equipment,1965Q4,Fisher Quantity Index,"Percent change, annual rate",0,16.4,T10101
T10101,Y033RL,11,Equipment,1966Q1,Fisher Quantity Index,"Percent change, annual rate",0,23.9,T10101
T10101,Y033RL,11,Equipment,1966Q2,Fisher Quantity Index,"Percent change, annual rate",0,14.8,T10101
T10101,Y033RL,11,Equipment,1966Q3,Fisher Quantity Index,"Percent change, annual rate",0,1.8,T10101
T10101,Y033RL,11,Equipment,1966Q4,Fisher Quantity Index,"Percent change, annual rate",0,5.9,T10101
T10101,Y033RL,11,Equipment,1967Q1,Fisher Quantity Index,"Percent change, annual rate",0,-15.0,T10101
T10101,Y033RL,11,Equipment,1967Q2,Fisher Quantity Index,"Percent change, annual rate",0,4.4,T10101
T10101,Y033RL,11,Equipment,1967Q3,Fisher Quantity Index,"Percent change, annual rate",0,-5.4,T10101
T10101,Y033RL,11,Equipment,1967Q4,Fisher Quantity Index,"Percent change, annual rate",0,13.3,T10101
T10101,Y033RL,11,Equipment,1968Q1,Fisher Quantity Index,"Percent change, annual rate",0,16.1,T10101
T10101,Y033RL,11,Equipment,1968Q2,Fisher Quantity Index,"Percent change, annual rate",0,-9.3,T10101
T10101,Y033RL,11,Equipment,1968Q3,Fisher Quantity Index,"Percent change, annual rate",0,10.3,T10101
T10101,Y033RL,11,Equipment,1968Q4,Fisher Quantity Index,"Percent change, annual rate",0,14.6,T10101
T10101,Y033RL,11,Equipment,1969Q1,Fisher Quantity Index,"Percent change, annual rate",0,15.4,T10101
T10101,Y033RL,11,Equipment,1969Q2,Fisher Quantity Index,"Percent change, annual rate",0,4.2,T10101
T10101,Y033RL,11,Equipment,1969Q3,Fisher Quantity Index,"Percent change, annual rate",0,5.3,T10101
T10101,Y033RL,11,Equipment,1969Q4,Fisher Quantity Index,"Percent change, annual rate",0,-3.3,T10101
T10101,Y033RL,11,Equipment,1970Q1,Fisher Quantity Index,"Percent change, annual rate",0,-2.8,T10101
T10101,Y033RL,11,Equipment,1970Q2,Fisher Quantity Index,"Percent change, annual rate",0,-1.7,T10101
T10101,Y033RL,11,Equipment,1970Q3,Fisher Quantity Index,"Percent change, annual rate",0,2.5,T10101
T10101,Y033RL,11,Equipment,1970Q4,Fisher Quantity Index,"Percent change, annual rate",0,-19.5,T10101
T10101,Y033RL,11,Equipment,1971Q1,Fisher Quantity Index,"Percent change, annual rate",0,6.9,T10101
T10101,Y033RL,11,Equipment,1971Q2,Fisher Quantity Index,"Percent change, annual rate",0,10.1,T10101
T10101,Y033RL,11,Equipment,1971Q3,Fisher Quantity Index,"Percent change, annual rate",0,2.8,T10101
T10101,Y033RL,11,Equipment,1971Q4,Fisher Quantity Index,"Percent change, annual rate",0,14.5,T10101
T10101,Y033RL,11,Equipment,1972Q1,Fisher Quantity Index,"Percent change, annual rate",0,16.0,T10101
T10101,Y033RL,11,Equipment,1972Q2,Fisher Quantity Index,"Percent change, annual rate",0,9.4,T10101
T10101,Y033RL,11,Equipment,1972Q3,Fisher Quantity Index,"Percent change, annual rate",0,9.9,T10101
T10101,Y033RL,11,Equipment,1972Q4,Fisher Quantity Index,"Percent change, annual rate",0,34.3,T10101
T10101,Y033RL,11,Equipment,1973Q1,Fisher Quantity Index,"Percent change, annual rate",0,23.9,T10101
T10101,Y033RL,11,Equipment,1973Q2,Fisher Quantity Index,"Percent change, annual rate",0,19.8,T10101
T10101,Y033RL,11,Equipment,1973Q3,Fisher Quantity Index,"Percent change, annual rate",0,5.0,T10101
T10101,Y033RL,11,Equipment,1973Q4,Fisher Quantity Index,"Percent change, annual rate",0,6.6,T10101
T10101,Y033RL,11,Equipment,1974Q1,Fisher Quantity Index,"Percent change, annual rate",0,0.3,T10101
T10101,Y033RL,11,Equipment,1974Q2,Fisher Quantity Index,"Percent change, annual rate",0,-0.7,T10101
T10101,Y033RL,11,Equipment,1974Q3,Fisher Quantity Index,"Percent change, annual rate",0,1.9,T10101
T10101,Y033RL,11,Equipment,1974Q4,Fisher Quantity Index,"Percent change, annual rate",0,-15.3,T10101
T10101,Y033RL,11,Equipment,1975Q1,Fisher Quantity Index,"Percent change, annual rate",0,-26.1,T10101
T10101,Y033RL,11,Equipment,1975Q2,Fisher Quantity Index,"Percent change, annual rate",0,-8.1,T10101
T10101,Y033RL,11,Equipment,1975Q3,Fisher Quantity Index,"Percent change, annual rate",0,5.1,T10101
T10101,Y033RL,11,Equipment,1975Q4,Fisher Quantity Index,"Percent change, annual rate",0,6.1,T10101
T10101,Y033RL,11,Equipment,1976Q1,Fisher Quantity Index,"Percent change, annual rate",0,5.3,T10101
T10101,Y033RL,11,Equipment,1976Q2,Fisher Quantity Index,"Percent change, annual rate",0,7.7,T10101
T10101,Y033RL,11,Equipment,1976Q3,Fisher Quantity Index,"Percent change, annual rate",0,11.4,T10101
T10101,Y033RL,11,Equipment,1976Q4,Fisher Quantity Index,"Percent change, annual rate",0,11.8,T10101
T10101,Y033RL,11,Equipment,1977Q1,Fisher Quantity Index,"Percent change, annual rate",0,28.3,T10101
T10101,Y033RL,11,Equipment,1977Q2,Fisher Quantity Index,"Percent change, annual rate",0,10.6,T10101
T10101,Y033RL,11,Equipment,1977Q3,Fisher Quantity Index,"Percent change, annual rate",0,10.3,T10101
T10101,Y033RL,11,Equipment,1977Q4,Fisher Quantity Index,"Percent change, annual rate",0,20.3,T10101
T10101,Y033RL,11,Equipment,1978Q1,Fisher Quantity Index,"Percent change, annual rate",0,5.8,T10101
T10101,Y033RL,11,Equipment,1978Q2,Fisher Quantity Index,"Percent change, annual rate",0,35.3,T10101
T10101,Y033RL,11,Equipment,1978Q3,Fisher Quantity Index,"Percent change, annual rate",0,8.0,T10101
T10101,Y033RL,11,Equipment,1978Q4,Fisher Quantity Index,"Percent change, annual rate",0,11.1,T10101
T10101,Y033RL,11,Equipment,1979Q1,Fisher Quantity Index,"Percent change, annual rate",0,15.2,T10101
T10101,Y033RL,11,Equipment,1979Q2,Fisher Quantity Index,"Percent change, annual rate",0,-5.6,T10101
T10101,Y033RL,11,Equipment,1979Q3,Fisher Quantity Index,"Percent change, annual rate",0,9.1,T10101
T10101,Y033RL,11,Equipment,1979Q4,Fisher Quantity Index,"Percent change, annual rate",0,-6.1,T10101
T10101,Y033RL,11,Equipment,1980Q1,Fisher Quantity Index,"Percent change, annual rate",0,3.0,T10101
T10101,Y033RL,11,Equipment,1980Q2,Fisher Quantity Index,"Percent change, annual rate",0,-25.7,T10101
T10101,Y033RL,11,Equipment,1980Q3,Fisher Quantity Index,"Percent change, annual rate",0,3.0,T10101
T10101,Y033RL,11,Equipment,1980Q4,Fisher Quantity Index,"Percent change, annual rate",0,5.9,T10101
T10101,Y033RL,11,Equipment,1981Q1,Fisher Quantity Index,"Percent change, annual rate",0,11.2,T10101
T10101,Y033RL,11,Equipment,1981Q2,Fisher Quantity Index,"Percent change, annual rate",0,3.4,T10101
T10101,Y033RL,11,Equipment,1981Q3,Fisher Quantity Index,"Percent change, annual rate",0,9.4,T10101
T10101,Y033RL,11,Equipment,1981Q4,Fisher Quantity Index,"Percent change, annual rate",0,-4.8,T10101
T10101,Y033RL,11,Equipment,1982Q1,Fisher Quantity Index,"Percent change, annual rate",0,-8.8,T10101
T10101,Y033RL,11,Equipment,1982Q2,Fisher Quantity Index,"Percent change, annual rate",0,-15.8,T10101
T10101,Y033RL,11,Equipment,1982Q3,Fisher Quantity Index,"Percent change, annual rate",0,-7.6,T10101
T10101,Y033RL,11,Equipment,1982Q4,Fisher Quantity Index,"Percent change, annual rate",0,-7.3,T10101
T10101,Y033RL,11,Equipment,1983Q1,Fisher Quantity Index,"Percent change, annual rate",0,-2.7,T10101
T10101,Y033RL,11,Equipment,1983Q2,Fisher Quantity Index,"Percent change, annual rate",0,21.7,T10101
T10101,Y033RL,11,Equipment,1983Q3,Fisher Quantity Index,"Percent change, annual rate",0,24.6,T10101
T10101,Y033RL,11,Equipment,1983Q4,Fisher Quantity Index,"Percent change, annual rate",0,40.0,T10101
T10101,Y033RL,11,Equipment,1984Q1,Fisher Quantity Index,"Percent change, annual rate",0,7.2,T10101
T10101,Y033RL,11,Equipment,1984Q2,Fisher Quantity Index,"Percent change, annual rate",0,21.3,T10101
T10101,Y033RL,11,Equipment,1984Q3,Fisher Quantity Index,"Percent change, annual rate",0,13.1,T10101
T10101,Y033RL,11,Equipment,1984Q4,Fisher Quantity Index,"Percent change, annual rate",0,12.3,T10101
T10101,Y033RL,11,Equipment,1985Q1,Fisher Quantity Index,"Percent change, annual rate",0,-3.5,T10101
T10101,Y033RL,11,Equipment,1985Q2,Fisher Quantity Index,"Percent change, annual rate",0,9.0,T10101
T10101,Y033RL,11,Equipment,1985Q3,Fisher Quantity Index,"Percent change, annual rate",0,-5.4,T10101
T10101,Y033RL,11,Equipment,1985Q4,Fisher Quantity Index,"Percent change, annual rate",0,7.7,T10101
T10101,Y033RL,11,Equipment,1986Q1,Fisher Quantity Index,"Percent change, annual rate",0,-3.9,T10101
T10101,Y033RL,11,Equipment,1986Q2,Fisher Quantity Index,"Percent change, annual rate",0,5.0,T10101
T10101,Y033RL,11,Equipment,1986Q3,Fisher Quantity Index,"Percent change, annual rate",0,-2.3,T10101
T10101,Y033RL,11,Equipment,1986Q4,Fisher Quantity Index,"Percent change, annual rate",0,4.6,T10101
T10101,Y033RL,11,Equipment,1987Q1,Fisher Quantity Index,"Percent change, annual rate",0,-13.1,T10101
T10101,Y033RL,11,Equipment,1987Q2,Fisher Quantity Index,"Percent change, annual rate",0,12.2,T10101
T10101,Y033RL,11,Equipment,1987Q3,Fisher Quantity Index,"Percent change, annual rate",0,11.0,T10101
T10101,Y033RL,11,Equipment,1987Q4,Fisher Quantity Index,"Percent change, annual rate",0,-7.2,T10101
T10101,Y033RL,11,Equipment,1988Q1,Fisher Quantity Index,"Percent change, annual rate",0,13.1,T10101
T10101,Y033RL,11,Equipment,1988Q2,Fisher Quantity Index,"Percent change, annual rate",0,10.3,T10101
T10101,Y033RL,11,Equipment,1988Q3,Fisher Quantity Index,"Percent change, annual rate",0,4.4,T10101
T10101,Y033RL,11,Equipment,1988Q4,Fisher Quantity Index,"Percent change, annual rate",0,5.2,T10101
T10101,Y033RL,11,Equipment,1989Q1,Fisher Quantity Index,"Percent change, annual rate",0,4.9,T10101
T10101,Y033RL,11,Equipment,1989Q2,Fisher Quantity Index,"Percent change, annual rate",0,8.9,T10101
T10101,Y033RL,11,Equipment,1989Q3,Fisher Quantity Index,"Percent change, annual rate",0,8.1,T10101
T10101,Y033RL,11,Equipment,1989Q4,Fisher Quantity Index,"Percent change, annual rate",0,-10.5,T10101
T10101,Y033RL,11,Equipment,1990Q1,Fisher Quantity Index,"Percent change, annual rate",0,1.9,T10101
T10101,Y033RL,11,Equipment,1990Q2,Fisher Quantity Index,"Percent change, annual rate",0,-11.6,T10101
T10101,Y033RL,11,Equipment,1990Q3,Fisher Quantity Index,"Percent change, annual rate",0,5.8,T10101
T10101,Y033RL,11,Equipment,1990Q4,Fisher Quantity Index,"Percent change, annual rate",0,-5.8,T10101
T10101,Y033RL,11,Equipment,1991Q1,Fisher Quantity Index,"Percent change, annual rate",0,-13.6,T10101
T10101,Y033RL,11,Equipment,1991Q2,Fisher Quantity Index,"Percent change, annual rate",0,-2.5,T10101
T10101,Y033RL,11,Equipment,1991Q3,Fisher Quantity Index,"Percent change, annual rate",0,6.2,T10101
T10101,Y033RL,11,Equipment,1991Q4,Fisher Quantity Index,"Percent change, annual rate",0,-1.9,T10101
T10101,Y033RL,11,Equipment,1992Q1,Fisher Quantity Index,"Percent change, annual rate",0,-3.1,T10101
T10101,Y033RL,11,Equipment,1992Q2,Fisher Quantity Index,"Percent change, annual rate",0,25.2,T10101
T10101,Y033RL,11,Equipment,1992Q3,Fisher Quantity Index,"Percent change, annual rate",0,9.4,T10101
T10101,Y033RL,11,Equipment,1992Q4,Fisher Quantity Index,"Percent change, annual rate",0,15.6,T10101
T10101,Y033RL,11,Equipment,1993Q1,Fisher Quantity Index,"Percent change, annual rate",0,7.8,T10101
T10101,Y033RL,11,Equipment,1993Q2,Fisher Quantity Index,"Percent change, annual rate",0,17.0,T10101
T10101,Y033RL,11,Equipment,1993Q3,Fisher Quantity Index,"Percent change, annual rate",0,4.7,T10101
T10101,Y033RL,11,Equipment,1993Q4,Fisher Quantity Index,"Percent change, annual rate",0,23.9,T10101
T10101,Y033RL,11,Equipment,1994Q1,Fisher Quantity Index,"Percent change, annual rate",0,11.8,T10101
T10101,Y033RL,11,Equipment,1994Q2,Fisher Quantity Index,"Percent change, annual rate",0,2.4,T10101
T10101,Y033RL,11,Equipment,1994Q3,Fisher Quantity Index,"Percent change, annual rate",0,10.8,T10101
T10101,Y033RL,11,Equipment,1994Q4,Fisher Quantity Index,"Percent change, annual rate",0,26.3,T10101
T10101,Y033RL,11,Equipment,1995Q1,Fisher Quantity Index,"Percent change, annual rate",0,22.1,T10101
T10101,Y033RL,11,Equipment,1995Q2,Fisher Quantity Index,"Percent change, annual rate",0,-0.6,T10101
T10101,Y033RL,11,Equipment,1995Q3,Fisher Quantity Index,"Percent change, annual rate",0,0.7,T10101
T10101,Y033RL,11,Equipment,1995Q4,Fisher Quantity Index,"Percent change, annual rate",0,11.8,T10101
T10101,Y033RL,11,Equipment,1996Q1,Fisher Quantity Index,"Percent change, annual rate",0,10.4,T10101
T10101,Y033RL,11,Equipment,1996Q2,Fisher Quantity Index,"Percent change, annual rate",0,12.2,T10101
T10101,Y033RL,11,Equipment,1996Q3,Fisher Quantity Index,"Percent change, annual rate",0,17.0,T10101
T10101,Y033RL,11,Equipment,1996Q4,Fisher Quantity Index,"Percent change, annual rate",0,5.0,T10101
T10101,Y033RL,11,Equipment,1997Q1,Fisher Quantity Index,"Percent change, annual rate",0,8.1,T10101
T10101,Y033RL,11,Equipment,1997Q2,Fisher Quantity Index,"Percent change, annual rate",0,13.9,T10101
T10101,Y033RL,11,Equipment,1997Q3,Fisher Quantity Index,"Percent change, annual rate",0,23.2,T10101
T10101,Y033RL,11,Equipment,1997Q4,Fisher Quantity Index,"Percent change, annual rate",0,-0.9,T10101
T10101,Y033RL,11,Equipment,1998Q1,Fisher Quantity Index,"Percent change, annual rate",0,22.6,T10101
T10101,Y033RL,11,Equipment,1998Q2,Fisher Quantity Index,"Percent change, annual rate",0,12.2,T10101
T10101,Y033RL,11,Equipment,1998Q3,Fisher Quantity Index,"Percent change, annual rate",0,6.2,T10101
T10101,Y033RL,11,Equipment,1998Q4,Fisher Quantity Index,"Percent change, annual rate",0,19.0,T10101
T10101,Y033RL,11,Equipment,1999Q1,Fisher Quantity Index,"Percent change, annual rate",0,12.3,T10101
T10101,Y033RL,11,Equipment,1999Q2,Fisher Quantity Index,"Percent change, annual rate",0,15.0,T10101
T10101,Y033RL,11,Equipment,1999Q3,Fisher Quantity Index,"Percent change, annual rate",0,14.2,T10101
T10101,Y033RL,11,Equipment,1999Q4,Fisher Quantity Index,"Percent change, annual rate",0,-2.6,T10101
T10101,Y033RL,11,Equipment,2000Q1,Fisher Quantity Index,"Percent change, annual rate",0,19.3,T10101
T10101,Y033RL,11,Equipment,2000Q2,Fisher Quantity Index,"Percent change, annual rate",0,15.6,T10101
T10101,Y033RL,11,Equipment,2000Q3,Fisher Quantity Index,"Percent change, annual rate",0,1.4,T10101
T10101,Y033RL,11,Equipment,2000Q4,Fisher Quantity Index,"Percent change, annual rate",0,-0.7,T10101
T10101,Y033RL,11,Equipment,2001Q1,Fisher Quantity Index,"Percent change, annual rate",0,-3.0,T10101
T10101,Y033RL,11,Equipment,2001Q2,Fisher Quantity Index,"Percent change, annual rate",0,-15.6,T10101
T10101,Y033RL,11,Equipment,2001Q3,Fisher Quantity Index,"Percent change, annual rate",0,-10.0,T10101
T10101,Y033RL,11,Equipment,2001Q4,Fisher Quantity Index,"Percent change, annual rate",0,-1.6,T10101
T10101,Y033RL,11,Equipment,2002Q1,Fisher Quantity Index,"Percent change, annual rate",0,-9.0,T10101
T10101,Y033RL,11,Equipment,2002Q2,Fisher Quantity Index,"Percent change, annual rate",0,-1.9,T10101
T10101,Y033RL,11,Equipment,2002Q3,Fisher Quantity Index,"Percent change, annual rate",0,3.9,T10101
T10101,Y033RL,11,Equipment,2002Q4,Fisher Quantity Index,"Percent change, annual rate",0,-7.4,T10101
T10101,Y033RL,11,Equipment,2003Q1,Fisher Quantity Index,"Percent change, annual rate",0,1.5,T10101
T10101,Y033RL,11,Equipment,2003Q2,Fisher Quantity Index,"Percent change, annual rate",0,16.7,T10101
T10101,Y033RL,11,Equipment,2003Q3,Fisher Quantity Index,"Percent change, annual rate",0,13.7,T10101
T10101,Y033RL,11,Equipment,2003Q4,Fisher Quantity Index,"Percent change, annual rate",0,7.2,T10101
T10101,Y033RL,11,Equipment,2004Q1,Fisher Quantity Index,"Percent change, annual rate",0,-5.0,T10101
T10101,Y033RL,11,Equipment,2004Q2,Fisher Quantity Index,"Percent change, annual rate",0,18.2,T10101
T10101,Y033RL,11,Equipment,2004Q3,Fisher Quantity Index,"Percent change, annual rate",0,14.6,T10101
T10101,Y033RL,11,Equipment,2004Q4,Fisher Quantity Index,"Percent change, annual rate",0,12.8,T10101
T10101,Y033RL,11,Equipment,2005Q1,Fisher Quantity Index,"Percent change, annual rate",0,3.7,T10101
T10101,Y033RL,11,Equipment,2005Q2,Fisher Quantity Index,"Percent change, annual rate",0,10.3,T10101
T10101,Y033RL,11,Equipment,2005Q3,Fisher Quantity Index,"Percent change, annual rate",0,15.3,T10101
T10101,Y033RL,11,Equipment,2005Q4,Fisher Quantity Index,"Percent change, annual rate",0,5.7,T10101
T10101,Y033RL,11,Equipment,2006Q1,Fisher Quantity Index,"Percent change, annual rate",0,19.0,T10101
T10101,Y033RL,11,Equipment,2006Q2,Fisher Quantity Index,"Percent change, annual rate",0,4.7,T10101
T10101,Y033RL,11,Equipment,2006Q3,Fisher Quantity Index,"Percent change, annual rate",0,3.3,T10101
T10101,Y033RL,11,Equipment,2006Q4,Fisher Quantity Index,"Percent change, annual rate",0,2.2,T10101
T10101,Y033RL,11,Equipment,2007Q1,Fisher Quantity Index,"Percent change, annual rate",0,5.7,T10101
T10101,Y033RL,11,Equipment,2007Q2,Fisher Quantity Index,"Percent change, annual rate",0,5.7,T10101
T10101,Y033RL,11,Equipment,2007Q3,Fisher Quantity Index,"Percent change, annual rate",0,2.1,T10101
T10101,Y033RL,11,Equipment,2007Q4,Fisher Quantity Index,"Percent change, annual rate",0,2.4,T10101
T10101,Y033RL,11,Equipment,2008Q1,Fisher Quantity Index,"Percent change, annual rate",0,-2.2,T10101
T10101,Y033RL,11,Equipment,2008Q2,Fisher Quantity Index,"Percent change, annual rate",0,-4.7,T10101
T10101,Y033RL,11,Equipment,2008Q3,Fisher Quantity Index,"Percent change, annual rate",0,-12.0,T10101
T10101,Y033RL,11,Equipment,2008Q4,Fisher Quantity Index,"Percent change, annual rate",0,-39.0,T10101
T10101,Y033RL,11,Equipment,2009Q1,Fisher Quantity Index,"Percent change, annual rate",0,-37.7,T10101
T10101,Y033RL,11,Equipment,2009Q2,Fisher Quantity Index,"Percent change, annual rate",0,-14.9,T10101
T10101,Y033RL,11,Equipment,2009Q3,Fisher Quantity Index,"Percent change, annual rate",0,10.5,T10101
T10101,Y033RL,11,Equipment,2009Q4,Fisher Quantity Index,"Percent change, annual rate",0,19.8,T10101
T10101,Y033RL,11,Equipment,2010Q1,Fisher Quantity Index,"Percent change, annual rate",0,31.4,T10101
T10101,Y033RL,11,Equipment,2010Q2,Fisher Quantity Index,"Percent change, annual rate",0,28.7,T10101
T10101,Y033RL,11,Equipment,2010Q3,Fisher Quantity Index,"Percent change, annual rate",0,23.3,T10101
T10101,Y033RL,11,Equipment,2010Q4,Fisher Quantity Index,"Percent change, annual rate",0,8.4,T10101
T10101,Y033RL,11,Equipment,2011Q1,Fisher Quantity Index,"Percent change, annual rate",0,10.3,T10101
T10101,Y033RL,11,Equipment,2011Q2,Fisher Quantity Index,"Percent change, annual rate",0,5.6,T10101
T10101,Y033RL,11,Equipment,2011Q3,Fisher Quantity Index,"Percent change, annual rate",0,26.3,T10101
T10101,Y033RL,11,Equipment,2011Q4,Fisher Quantity Index,"Percent change, annual rate",0,9.6,T10101
T10101,Y033RL,11,Equipment,2012Q1,Fisher Quantity Index,"Percent change, annual rate",0,13.1,T10101
T10101,Y033RL,11,Equipment,2012Q2,Fisher Quantity Index,"Percent change, annual rate",0,11.8,T10101
T10101,Y033RL,11,Equipment,2012Q3,Fisher Quantity Index,"Percent change, annual rate",0,-1.2,T10101
T10101,Y033RL,11,Equipment,2012Q4,Fisher Quantity Index,"Percent change, annual rate",0,8.2,T10101
T10101,Y033RL,11,Equipment,2013Q1,Fisher Quantity Index,"Percent change, annual rate",0,8.6,T10101
T10101,Y033RL,11,Equipment,2013Q2,Fisher Quantity Index,"Percent change, annual rate",0,0.7,T10101
T10101,Y033RL,11,Equipment,2013Q3,Fisher Quantity Index,"Percent change, annual rate",0,1.1,T10101
T10101,Y033RL,11,Equipment,2013Q4,Fisher Quantity Index,"Percent change, annual rate",0,17.4,T10101
T10101,Y033RL,11,Equipment,2014Q1,Fisher Quantity Index,"Percent change, annual rate",0,4.1,T10101
T10101,Y033RL,11,Equipment,2014Q2,Fisher Quantity Index,"Percent change, annual rate",0,11.2,T10101
T10101,Y033RL,11,Equipment,2014Q3,Fisher Quantity Index,"Percent change, annual rate",0,13.1,T10101
T10101,Y033RL,11,Equipment,2014Q4,Fisher Quantity Index,"Percent change, annual rate",0,-1.9,T10101
T10101,Y033RL,11,Equipment,2015Q1,Fisher Quantity Index,"Percent change, annual rate",0,4.3,T10101
T10101,Y033RL,11,Equipment,2015Q2,Fisher Quantity Index,"Percent change, annual rate",0,1.7,T10101
T10101,Y033RL,11,Equipment,2015Q3,Fisher Quantity Index,"Percent change, annual rate",0,6.8,T10101
T10101,Y033RL,11,Equipment,2015Q4,Fisher Quantity Index,"Percent change, annual rate",0,-4.3,T10101
T10101,Y033RL,11,Equipment,2016Q1,Fisher Quantity Index,"Percent change, annual rate",0,-1.0,T10101
T10101,Y033RL,11,Equipment,2016Q2,Fisher Quantity Index,"Percent change, annual rate",0,-4.1,T10101
T10101,Y033RL,11,Equipment,2016Q3,Fisher Quantity Index,"Percent change, annual rate",0,-0.4,T10101
T10101,Y033RL,11,Equipment,2016Q4,Fisher Quantity Index,"Percent change, annual rate",0,2.0,T10101
T10101,Y033RL,11,Equipment,2017Q1,Fisher Quantity Index,"Percent change, annual rate",0,2.6,T10101
T10101,Y033RL,11,Equipment,2017Q2,Fisher Quantity Index,"Percent change, annual rate",0,7.8,T10101
T10101,Y033RL,11,Equipment,2017Q3,Fisher Quantity Index,"Percent change, annual rate",0,6.8,T10101
T10101,Y033RL,11,Equipment,2017Q4,Fisher Quantity Index,"Percent change, annual rate",0,12.9,T10101
T10101,Y033RL,11,Equipment,2018Q1,Fisher Quantity Index,"Percent change, annual rate",0,7.3,T10101
T10101,Y033RL,11,Equipment,2018Q2,Fisher Quantity Index,"Percent change, annual rate",0,0.7,T10101
T10101,Y033RL,11,Equipment,2018Q3,Fisher Quantity Index,"Percent change, annual rate",0,0.0,T10101
T10101,Y033RL,11,Equipment,2018Q4,Fisher Quantity Index,"Percent change, annual rate",0,5.3,T10101
T10101,Y033RL,11,Equipment,2019Q1,Fisher Quantity Index,"Percent change, annual rate",0,2.2,T10101
T10101,Y033RL,11,Equipment,2019Q2,Fisher Quantity Index,"Percent change, annual rate",0,4.1,T10101
T10101,Y033RL,11,Equipment,2019Q3,Fisher Quantity Index,"Percent change, annual rate",0,-5.8,T10101
T10101,Y033RL,11,Equipment,2019Q4,Fisher Quantity Index,"Percent change, annual rate",0,-8.7,T10101
T10101,Y033RL,11,Equipment,2020Q1,Fisher Quantity Index,"Percent change, annual rate",0,-18.6,T10101
T10101,Y033RL,11,Equipment,2020Q2,Fisher Quantity Index,"Percent change, annual rate",0,-38.8,T10101
T10101,Y033RL,11,Equipment,2020Q3,Fisher Quantity Index,"Percent change, annual rate",0,48.9,T10101
T10101,Y033RL,11,Equipment,2020Q4,Fisher Quantity Index,"Percent change, annual rate",0,18.1,T10101
T10101,Y033RL,11,Equipment,2021Q1,Fisher Quantity Index,"Percent change, annual rate",0,5.5,T10101
T10101,Y033RL,11,Equipment,2021Q2,Fisher Quantity Index,"Percent change, annual rate",0,12.0,T10101
T10101,Y033RL,11,Equipment,2021Q3,Fisher Quantity Index,"Percent change, annual rate",0,-11.3,T10101
T10101,Y033RL,11,Equipment,2021Q4,Fisher Quantity Index,"Percent change, annual rate",0,-0.5,T10101
T10101,Y033RL,11,Equipment,2022Q1,Fisher Quantity Index,"Percent change, annual rate",0,12.9,T10101
T10101,Y033RL,11,Equipment,2022Q2,Fisher Quantity Index,"Percent change, annual rate",0,0.7,T10101
T10101,Y033RL,11,Equipment,2022Q3,Fisher Quantity Index,"Percent change, annual rate",0,2.7,T10101
T10101,Y033RL,11,Equipment,2022Q4,Fisher Quantity Index,"Percent change, annual rate",0,2.5,T10101
T10101,Y033RL,11,Equipment,2023Q1,Fisher Quantity Index,"Percent change, annual rate",0,-0.2,T10101
T10101,Y033RL,11,Equipment,2023Q2,Fisher Quantity Index,"Percent change, annual rate",0,12.6,T10101
T10101,Y033RL,11,Equipment,2023Q3,Fisher Quantity Index,"Percent change, annual rate",0,-2.6,T10101
T10101,Y033RL,11,Equipment,2023Q4,Fisher Quantity Index,"Percent change, annual rate",0,3.3,T10101
T10101,Y033RL,11,Equipment,2024Q1,Fisher Quantity Index,"Percent change, annual rate",0,0.5,T10101
T10101,Y033RL,11,Equipment,2024Q2,Fisher Quantity Index,"Percent change, annual rate",0,8.9,T10101
T10101,Y033RL,11,Equipment,2024Q3,Fisher Quantity Index,"Percent change, annual rate",0,8.2,T10101
T10101,Y033RL,11,Equipment,2024Q4,Fisher Quantity Index,"Percent change, annual rate",0,-4.3,T10101
T10101,Y033RL,11,Equipment,2025Q1,Fisher Quantity Index,"Percent change, annual rate",0,21.4,T10101
T10101,Y033RL,11,Equipment,2025Q2,Fisher Quantity Index,"Percent change, annual rate",0,8.5,T10101
T10101,Y033RL,11,Equipment,2025Q3,Fisher Quantity Index,"Percent change, annual rate",0,5.2,T10101
T10101,Y001RL,12,Intellectual property products,1947Q2,Fisher Quantity Index,"Percent change, annual rate",0,-4.8,T10101
T10101,Y001RL,12,Intellectual property products,1947Q3,Fisher Quantity Index,"Percent change, annual rate",0,-0.4,T10101
T10101,Y001RL,12,Intellectual property products,1947Q4,Fisher Quantity Index,"Percent change, annual rate",0,-7.9,T10101
T10101,Y001RL,12,Intellectual property products,1948Q1,Fisher Quantity Index,"Percent change, annual rate",0,3.4,T10101
T10101,Y001RL,12,Intellectual property products,1948Q2,Fisher Quantity Index,"Percent change, annual rate",0,-6.1,T10101
T10101,Y001RL,12,Intellectual property products,1948Q3,Fisher Quantity Index,"Percent change, annual rate",0,0.4,T10101
T10101,Y001RL,12,Intellectual property products,1948Q4,Fisher Quantity Index,"Percent change, annual rate",0,-2.9,T10101
T10101,Y001RL,12,Intellectual property products,1949Q1,Fisher Quantity Index,"Percent change, annual rate",0,-8.6,T10101
T10101,Y001RL,12,Intellectual property products,1949Q2,Fisher Quantity Index,"Percent change, annual rate",0,-1.3,T10101
T10101,Y001RL,12,Intellectual property products,1949Q3,Fisher Quantity Index,"Percent change, annual rate",0,3.1,T10101
T10101,Y001RL,12,Intellectual property products,1949Q4,Fisher Quantity Index,"Percent change, annual rate",0,18.9,T10101
T10101,Y001RL,12,Intellectual property products,1950Q1,Fisher Quantity Index,"Percent change, annual rate",0,14.3,T10101
T10101,Y001RL,12,Intellectual property products,1950Q2,Fisher Quantity Index,"Percent change, annual rate",0,6.5,T10101
T10101,Y001RL,12,Intellectual property products,1950Q3,Fisher Quantity Index,"Percent change, annual rate",0,1.6,T10101
T10101,Y001RL,12,Intellectual property products,1950Q4,Fisher Quantity Index,"Percent change, annual rate",0,-3.9,T10101
T10101,Y001RL,12,Intellectual property products,1951Q1,Fisher Quantity Index,"Percent change, annual rate",0,-10.6,T10101
T10101,Y001RL,12,Intellectual property products,1951Q2,Fisher Quantity Index,"Percent change, annual rate",0,-4.0,T10101
T10101,Y001RL,12,Intellectual property products,1951Q3,Fisher Quantity Index,"Percent change, annual rate",0,8.0,T10101
T10101,Y001RL,12,Intellectual property products,1951Q4,Fisher Quantity Index,"Percent change, annual rate",0,17.6,T10101
T10101,Y001RL,12,Intellectual property products,1952Q1,Fisher Quantity Index,"Percent change, annual rate",0,38.6,T10101
T10101,Y001RL,12,Intellectual property products,1952Q2,Fisher Quantity Index,"Percent change, annual rate",0,30.8,T10101
T10101,Y001RL,12,Intellectual property products,1952Q3,Fisher Quantity Index,"Percent change, annual rate",0,29.0,T10101
T10101,Y001RL,12,Intellectual property products,1952Q4,Fisher Quantity Index,"Percent change, annual rate",0,33.2,T10101
T10101,Y001RL,12,Intellectual property products,1953Q1,Fisher Quantity Index,"Percent change, annual rate",0,19.0,T10101
T10101,Y001RL,12,Intellectual property products,1953Q2,Fisher Quantity Index,"Percent change, annual rate",0,19.7,T10101
T10101,Y001RL,12,Intellectual property products,1953Q3,Fisher Quantity Index,"Percent change, annual rate",0,7.7,T10101
T10101,Y001RL,12,Intellectual property products,1953Q4,Fisher Quantity Index,"Percent change, annual rate",0,4.8,T10101
T10101,Y001RL,12,Intellectual property products,1954Q1,Fisher Quantity Index,"Percent change, annual rate",0,3.9,T10101
T10101,Y001RL,12,Intellectual property products,1954Q2,Fisher Quantity Index,"Percent change, annual rate",0,2.3,T10101
T10101,Y001RL,12,Intellectual property products,1954Q3,Fisher Quantity Index,"Percent change, annual rate",0,3.9,T10101
T10101,Y001RL,12,Intellectual property products,1954Q4,Fisher Quantity Index,"Percent change, annual rate",0,6.2,T10101
T10101,Y001RL,12,Intellectual property products,1955Q1,Fisher Quantity Index,"Percent change, annual rate",0,4.0,T10101
T10101,Y001RL,12,Intellectual property products,1955Q2,Fisher Quantity Index,"Percent change, annual rate",0,13.1,T10101
T10101,Y001RL,12,Intellectual property products,1955Q3,Fisher Quantity Index,"Percent change, annual rate",0,15.1,T10101
T10101,Y001RL,12,Intellectual property products,1955Q4,Fisher Quantity Index,"Percent change, annual rate",0,22.1,T10101
T10101,Y001RL,12,Intellectual property products,1956Q1,Fisher Quantity Index,"Percent change, annual rate",0,20.0,T10101
T10101,Y001RL,12,Intellectual property products,1956Q2,Fisher Quantity Index,"Percent change, annual rate",0,16.4,T10101
T10101,Y001RL,12,Intellectual property products,1956Q3,Fisher Quantity Index,"Percent change, annual rate",0,9.6,T10101
T10101,Y001RL,12,Intellectual property products,1956Q4,Fisher Quantity Index,"Percent change, annual rate",0,9.2,T10101
T10101,Y001RL,12,Intellectual property products,1957Q1,Fisher Quantity Index,"Percent change, annual rate",0,-4.0,T10101
T10101,Y001RL,12,Intellectual property products,1957Q2,Fisher Quantity Index,"Percent change, annual rate",0,0.8,T10101
T10101,Y001RL,12,Intellectual property products,1957Q3,Fisher Quantity Index,"Percent change, annual rate",0,4.9,T10101
T10101,Y001RL,12,Intellectual property products,1957Q4,Fisher Quantity Index,"Percent change, annual rate",0,1.9,T10101
T10101,Y001RL,12,Intellectual property products,1958Q1,Fisher Quantity Index,"Percent change, annual rate",0,1.2,T10101
T10101,Y001RL,12,Intellectual property products,1958Q2,Fisher Quantity Index,"Percent change, annual rate",0,5.8,T10101
T10101,Y001RL,12,Intellectual property products,1958Q3,Fisher Quantity Index,"Percent change, annual rate",0,10.7,T10101
T10101,Y001RL,12,Intellectual property products,1958Q4,Fisher Quantity Index,"Percent change, annual rate",0,14.7,T10101
T10101,Y001RL,12,Intellectual property products,1959Q1,Fisher Quantity Index,"Percent change, annual rate",0,12.8,T10101
T10101,Y001RL,12,Intellectual property products,1959Q2,Fisher Quantity Index,"Percent change, annual rate",0,7.2,T10101
T10101,Y001RL,12,Intellectual property products,1959Q3,Fisher Quantity Index,"Percent change, annual rate",0,-2.0,T10101
T10101,Y001RL,12,Intellectual property products,1959Q4,Fisher Quantity Index,"Percent change, annual rate",0,3.1,T10101
T10101,Y001RL,12,Intellectual property products,1960Q1,Fisher Quantity Index,"Percent change, annual rate",0,6.5,T10101
T10101,Y001RL,12,Intellectual property products,1960Q2,Fisher Quantity Index,"Percent change, annual rate",0,5.2,T10101
T10101,Y001RL,12,Intellectual property products,1960Q3,Fisher Quantity Index,"Percent change, annual rate",0,17.8,T10101
T10101,Y001RL,12,Intellectual property products,1960Q4,Fisher Quantity Index,"Percent change, annual rate",0,9.3,T10101
T10101,Y001RL,12,Intellectual property products,1961Q1,Fisher Quantity Index,"Percent change, annual rate",0,12.0,T10101
T10101,Y001RL,12,Intellectual property products,1961Q2,Fisher Quantity Index,"Percent change, annual rate",0,13.5,T10101
T10101,Y001RL,12,Intellectual property products,1961Q3,Fisher Quantity Index,"Percent change, annual rate",0,7.7,T10101
T10101,Y001RL,12,Intellectual property products,1961Q4,Fisher Quantity Index,"Percent change, annual rate",0,4.6,T10101
T10101,Y001RL,12,Intellectual property products,1962Q1,Fisher Quantity Index,"Percent change, annual rate",0,0.6,T10101
T10101,Y001RL,12,Intellectual property products,1962Q2,Fisher Quantity Index,"Percent change, annual rate",0,4.4,T10101
T10101,Y001RL,12,Intellectual property products,1962Q3,Fisher Quantity Index,"Percent change, annual rate",0,4.7,T10101
T10101,Y001RL,12,Intellectual property products,1962Q4,Fisher Quantity Index,"Percent change, annual rate",0,9.4,T10101
T10101,Y001RL,12,Intellectual property products,1963Q1,Fisher Quantity Index,"Percent change, annual rate",0,13.7,T10101
T10101,Y001RL,12,Intellectual property products,1963Q2,Fisher Quantity Index,"Percent change, annual rate",0,14.5,T10101
T10101,Y001RL,12,Intellectual property products,1963Q3,Fisher Quantity Index,"Percent change, annual rate",0,7.3,T10101
T10101,Y001RL,12,Intellectual property products,1963Q4,Fisher Quantity Index,"Percent change, annual rate",0,4.9,T10101
T10101,Y001RL,12,Intellectual property products,1964Q1,Fisher Quantity Index,"Percent change, annual rate",0,-1.6,T10101
T10101,Y001RL,12,Intellectual property products,1964Q2,Fisher Quantity Index,"Percent change, annual rate",0,4.0,T10101
T10101,Y001RL,12,Intellectual property products,1964Q3,Fisher Quantity Index,"Percent change, annual rate",0,7.6,T10101
T10101,Y001RL,12,Intellectual property products,1964Q4,Fisher Quantity Index,"Percent change, annual rate",0,8.8,T10101
T10101,Y001RL,12,Intellectual property products,1965Q1,Fisher Quantity Index,"Percent change, annual rate",0,18.8,T10101
T10101,Y001RL,12,Intellectual property products,1965Q2,Fisher Quantity Index,"Percent change, annual rate",0,13.8,T10101
T10101,Y001RL,12,Intellectual property products,1965Q3,Fisher Quantity Index,"Percent change, annual rate",0,14.0,T10101
T10101,Y001RL,12,Intellectual property products,1965Q4,Fisher Quantity Index,"Percent change, annual rate",0,14.3,T10101
T10101,Y001RL,12,Intellectual property products,1966Q1,Fisher Quantity Index,"Percent change, annual rate",0,14.5,T10101
T10101,Y001RL,12,Intellectual property products,1966Q2,Fisher Quantity Index,"Percent change, annual rate",0,12.4,T10101
T10101,Y001RL,12,Intellectual property products,1966Q3,Fisher Quantity Index,"Percent change, annual rate",0,11.3,T10101
T10101,Y001RL,12,Intellectual property products,1966Q4,Fisher Quantity Index,"Percent change, annual rate",0,10.5,T10101
T10101,Y001RL,12,Intellectual property products,1967Q1,Fisher Quantity Index,"Percent change, annual rate",0,7.2,T10101
T10101,Y001RL,12,Intellectual property products,1967Q2,Fisher Quantity Index,"Percent change, annual rate",0,2.9,T10101
T10101,Y001RL,12,Intellectual property products,1967Q3,Fisher Quantity Index,"Percent change, annual rate",0,7.0,T10101
T10101,Y001RL,12,Intellectual property products,1967Q4,Fisher Quantity Index,"Percent change, annual rate",0,7.2,T10101
T10101,Y001RL,12,Intellectual property products,1968Q1,Fisher Quantity Index,"Percent change, annual rate",0,7.6,T10101
T10101,Y001RL,12,Intellectual property products,1968Q2,Fisher Quantity Index,"Percent change, annual rate",0,10.6,T10101
T10101,Y001RL,12,Intellectual property products,1968Q3,Fisher Quantity Index,"Percent change, annual rate",0,6.9,T10101
T10101,Y001RL,12,Intellectual property products,1968Q4,Fisher Quantity Index,"Percent change, annual rate",0,5.9,T10101
T10101,Y001RL,12,Intellectual property products,1969Q1,Fisher Quantity Index,"Percent change, annual rate",0,2.8,T10101
T10101,Y001RL,12,Intellectual property products,1969Q2,Fisher Quantity Index,"Percent change, annual rate",0,8.0,T10101
T10101,Y001RL,12,Intellectual property products,1969Q3,Fisher Quantity Index,"Percent change, annual rate",0,3.0,T10101
T10101,Y001RL,12,Intellectual property products,1969Q4,Fisher Quantity Index,"Percent change, annual rate",0,4.3,T10101
T10101,Y001RL,12,Intellectual property products,1970Q1,Fisher Quantity Index,"Percent change, annual rate",0,-1.9,T10101
T10101,Y001RL,12,Intellectual property products,1970Q2,Fisher Quantity Index,"Percent change, annual rate",0,-2.7,T10101
T10101,Y001RL,12,Intellectual property products,1970Q3,Fisher Quantity Index,"Percent change, annual rate",0,-2.7,T10101
T10101,Y001RL,12,Intellectual property products,1970Q4,Fisher Quantity Index,"Percent change, annual rate",0,-6.3,T10101
T10101,Y001RL,12,Intellectual property products,1971Q1,Fisher Quantity Index,"Percent change, annual rate",0,0.4,T10101
T10101,Y001RL,12,Intellectual property products,1971Q2,Fisher Quantity Index,"Percent change, annual rate",0,4.6,T10101
T10101,Y001RL,12,Intellectual property products,1971Q3,Fisher Quantity Index,"Percent change, annual rate",0,5.3,T10101
T10101,Y001RL,12,Intellectual property products,1971Q4,Fisher Quantity Index,"Percent change, annual rate",0,9.1,T10101
T10101,Y001RL,12,Intellectual property products,1972Q1,Fisher Quantity Index,"Percent change, annual rate",0,9.2,T10101
T10101,Y001RL,12,Intellectual property products,1972Q2,Fisher Quantity Index,"Percent change, annual rate",0,7.0,T10101
T10101,Y001RL,12,Intellectual property products,1972Q3,Fisher Quantity Index,"Percent change, annual rate",0,3.3,T10101
T10101,Y001RL,12,Intellectual property products,1972Q4,Fisher Quantity Index,"Percent change, annual rate",0,5.4,T10101
T10101,Y001RL,12,Intellectual property products,1973Q1,Fisher Quantity Index,"Percent change, annual rate",0,4.7,T10101
T10101,Y001RL,12,Intellectual property products,1973Q2,Fisher Quantity Index,"Percent change, annual rate",0,5.9,T10101
T10101,Y001RL,12,Intellectual property products,1973Q3,Fisher Quantity Index,"Percent change, annual rate",0,4.5,T10101
T10101,Y001RL,12,Intellectual property products,1973Q4,Fisher Quantity Index,"Percent change, annual rate",0,5.2,T10101
T10101,Y001RL,12,Intellectual property products,1974Q1,Fisher Quantity Index,"Percent change, annual rate",0,0.9,T10101
T10101,Y001RL,12,Intellectual property products,1974Q2,Fisher Quantity Index,"Percent change, annual rate",0,1.7,T10101
T10101,Y001RL,12,Intellectual property products,1974Q3,Fisher Quantity Index,"Percent change, annual rate",0,3.9,T10101
T10101,Y001RL,12,Intellectual property products,1974Q4,Fisher Quantity Index,"Percent change, annual rate",0,-0.1,T10101
T10101,Y001RL,12,Intellectual property products,1975Q1,Fisher Quantity Index,"Percent change, annual rate",0,-2.3,T10101
T10101,Y001RL,12,Intellectual property products,1975Q2,Fisher Quantity Index,"Percent change, annual rate",0,-2.3,T10101
T10101,Y001RL,12,Intellectual property products,1975Q3,Fisher Quantity Index,"Percent change, annual rate",0,5.9,T10101
T10101,Y001RL,12,Intellectual property products,1975Q4,Fisher Quantity Index,"Percent change, annual rate",0,10.4,T10101
T10101,Y001RL,12,Intellectual property products,1976Q1,Fisher Quantity Index,"Percent change, annual rate",0,17.9,T10101
T10101,Y001RL,12,Intellectual property products,1976Q2,Fisher Quantity Index,"Percent change, annual rate",0,11.1,T10101
T10101,Y001RL,12,Intellectual property products,1976Q3,Fisher Quantity Index,"Percent change, annual rate",0,10.6,T10101
T10101,Y001RL,12,Intellectual property products,1976Q4,Fisher Quantity Index,"Percent change, annual rate",0,7.8,T10101
T10101,Y001RL,12,Intellectual property products,1977Q1,Fisher Quantity Index,"Percent change, annual rate",0,4.5,T10101
T10101,Y001RL,12,Intellectual property products,1977Q2,Fisher Quantity Index,"Percent change, annual rate",0,6.8,T10101
T10101,Y001RL,12,Intellectual property products,1977Q3,Fisher Quantity Index,"Percent change, annual rate",0,4.1,T10101
T10101,Y001RL,12,Intellectual property products,1977Q4,Fisher Quantity Index,"Percent change, annual rate",0,3.8,T10101
T10101,Y001RL,12,Intellectual property products,1978Q1,Fisher Quantity Index,"Percent change, annual rate",0,3.2,T10101
T10101,Y001RL,12,Intellectual property products,1978Q2,Fisher Quantity Index,"Percent change, annual rate",0,12.6,T10101
T10101,Y001RL,12,Intellectual property products,1978Q3,Fisher Quantity Index,"Percent change, annual rate",0,11.2,T10101
T10101,Y001RL,12,Intellectual property products,1978Q4,Fisher Quantity Index,"Percent change, annual rate",0,14.5,T10101
T10101,Y001RL,12,Intellectual property products,1979Q1,Fisher Quantity Index,"Percent change, annual rate",0,14.9,T10101
T10101,Y001RL,12,Intellectual property products,1979Q2,Fisher Quantity Index,"Percent change, annual rate",0,9.2,T10101
T10101,Y001RL,12,Intellectual property products,1979Q3,Fisher Quantity Index,"Percent change, annual rate",0,8.6,T10101
T10101,Y001RL,12,Intellectual property products,1979Q4,Fisher Quantity Index,"Percent change, annual rate",0,5.0,T10101
T10101,Y001RL,12,Intellectual property products,1980Q1,Fisher Quantity Index,"Percent change, annual rate",0,5.8,T10101
T10101,Y001RL,12,Intellectual property products,1980Q2,Fisher Quantity Index,"Percent change, annual rate",0,-0.3,T10101
T10101,Y001RL,12,Intellectual property products,1980Q3,Fisher Quantity Index,"Percent change, annual rate",0,3.1,T10101
T10101,Y001RL,12,Intellectual property products,1980Q4,Fisher Quantity Index,"Percent change, annual rate",0,10.6,T10101
T10101,Y001RL,12,Intellectual property products,1981Q1,Fisher Quantity Index,"Percent change, annual rate",0,21.2,T10101
T10101,Y001RL,12,Intellectual property products,1981Q2,Fisher Quantity Index,"Percent change, annual rate",0,9.6,T10101
T10101,Y001RL,12,Intellectual property products,1981Q3,Fisher Quantity Index,"Percent change, annual rate",0,7.9,T10101
T10101,Y001RL,12,Intellectual property products,1981Q4,Fisher Quantity Index,"Percent change, annual rate",0,10.2,T10101
T10101,Y001RL,12,Intellectual property products,1982Q1,Fisher Quantity Index,"Percent change, annual rate",0,6.4,T10101
T10101,Y001RL,12,Intellectual property products,1982Q2,Fisher Quantity Index,"Percent change, annual rate",0,4.0,T10101
T10101,Y001RL,12,Intellectual property products,1982Q3,Fisher Quantity Index,"Percent change, annual rate",0,3.0,T10101
T10101,Y001RL,12,Intellectual property products,1982Q4,Fisher Quantity Index,"Percent change, annual rate",0,0.3,T10101
T10101,Y001RL,12,Intellectual property products,1983Q1,Fisher Quantity Index,"Percent change, annual rate",0,7.6,T10101
T10101,Y001RL,12,Intellectual property products,1983Q2,Fisher Quantity Index,"Percent change, annual rate",0,13.7,T10101
T10101,Y001RL,12,Intellectual property products,1983Q3,Fisher Quantity Index,"Percent change, annual rate",0,14.6,T10101
T10101,Y001RL,12,Intellectual property products,1983Q4,Fisher Quantity Index,"Percent change, annual rate",0,16.2,T10101
T10101,Y001RL,12,Intellectual property products,1984Q1,Fisher Quantity Index,"Percent change, annual rate",0,13.2,T10101
T10101,Y001RL,12,Intellectual property products,1984Q2,Fisher Quantity Index,"Percent change, annual rate",0,13.2,T10101
T10101,Y001RL,12,Intellectual property products,1984Q3,Fisher Quantity Index,"Percent change, annual rate",0,11.3,T10101
T10101,Y001RL,12,Intellectual property products,1984Q4,Fisher Quantity Index,"Percent change, annual rate",0,12.7,T10101
T10101,Y001RL,12,Intellectual property products,1985Q1,Fisher Quantity Index,"Percent change, annual rate",0,6.0,T10101
T10101,Y001RL,12,Intellectual property products,1985Q2,Fisher Quantity Index,"Percent change, annual rate",0,8.5,T10101
T10101,Y001RL,12,Intellectual property products,1985Q3,Fisher Quantity Index,"Percent change, annual rate",0,5.5,T10101
T10101,Y001RL,12,Intellectual property products,1985Q4,Fisher Quantity Index,"Percent change, annual rate",0,11.0,T10101
T10101,Y001RL,12,Intellectual property products,1986Q1,Fisher Quantity Index,"Percent change, annual rate",0,7.0,T10101
T10101,Y001RL,12,Intellectual property products,1986Q2,Fisher Quantity Index,"Percent change, annual rate",0,6.4,T10101
T10101,Y001RL,12,Intellectual property products,1986Q3,Fisher Quantity Index,"Percent change, annual rate",0,4.0,T10101
T10101,Y001RL,12,Intellectual property products,1986Q4,Fisher Quantity Index,"Percent change, annual rate",0,4.2,T10101
T10101,Y001RL,12,Intellectual property products,1987Q1,Fisher Quantity Index,"Percent change, annual rate",0,2.6,T10101
T10101,Y001RL,12,Intellectual property products,1987Q2,Fisher Quantity Index,"Percent change, annual rate",0,3.2,T10101
T10101,Y001RL,12,Intellectual property products,1987Q3,Fisher Quantity Index,"Percent change, annual rate",0,4.7,T10101
T10101,Y001RL,12,Intellectual property products,1987Q4,Fisher Quantity Index,"Percent change, annual rate",0,6.5,T10101
T10101,Y001RL,12,Intellectual property products,1988Q1,Fisher Quantity Index,"Percent change, annual rate",0,6.1,T10101
T10101,Y001RL,12,Intellectual property products,1988Q2,Fisher Quantity Index,"Percent change, annual rate",0,7.4,T10101
T10101,Y001RL,12,Intellectual property products,1988Q3,Fisher Quantity Index,"Percent change, annual rate",0,9.2,T10101
T10101,Y001RL,12,Intellectual property products,1988Q4,Fisher Quantity Index,"Percent change, annual rate",0,16.8,T10101
T10101,Y001RL,12,Intellectual property products,1989Q1,Fisher Quantity Index,"Percent change, annual rate",0,11.0,T10101
T10101,Y001RL,12,Intellectual property products,1989Q2,Fisher Quantity Index,"Percent change, annual rate",0,10.9,T10101
T10101,Y001RL,12,Intellectual property products,1989Q3,Fisher Quantity Index,"Percent change, annual rate",0,11.6,T10101
T10101,Y001RL,12,Intellectual property products,1989Q4,Fisher Quantity Index,"Percent change, annual rate",0,11.7,T10101
T10101,Y001RL,12,Intellectual property products,1990Q1,Fisher Quantity Index,"Percent change, annual rate",0,8.6,T10101
T10101,Y001RL,12,Intellectual property products,1990Q2,Fisher Quantity Index,"Percent change, annual rate",0,7.1,T10101
T10101,Y001RL,12,Intellectual property products,1990Q3,Fisher Quantity Index,"Percent change, annual rate",0,1.7,T10101
T10101,Y001RL,12,Intellectual property products,1990Q4,Fisher Quantity Index,"Percent change, annual rate",0,7.6,T10101
T10101,Y001RL,12,Intellectual property products,1991Q1,Fisher Quantity Index,"Percent change, annual rate",0,6.7,T10101
T10101,Y001RL,12,Intellectual property products,1991Q2,Fisher Quantity Index,"Percent change, annual rate",0,9.3,T10101
T10101,Y001RL,12,Intellectual property products,1991Q3,Fisher Quantity Index,"Percent change, annual rate",0,1.4,T10101
T10101,Y001RL,12,Intellectual property products,1991Q4,Fisher Quantity Index,"Percent change, annual rate",0,11.4,T10101
T10101,Y001RL,12,Intellectual property products,1992Q1,Fisher Quantity Index,"Percent change, annual rate",0,5.1,T10101
T10101,Y001RL,12,Intellectual property products,1992Q2,Fisher Quantity Index,"Percent change, annual rate",0,5.1,T10101
T10101,Y001RL,12,Intellectual property products,1992Q3,Fisher Quantity Index,"Percent change, annual rate",0,2.4,T10101
T10101,Y001RL,12,Intellectual property products,1992Q4,Fisher Quantity Index,"Percent change, annual rate",0,6.7,T10101
T10101,Y001RL,12,Intellectual property products,1993Q1,Fisher Quantity Index,"Percent change, annual rate",0,5.1,T10101
T10101,Y001RL,12,Intellectual property products,1993Q2,Fisher Quantity Index,"Percent change, annual rate",0,4.1,T10101
T10101,Y001RL,12,Intellectual property products,1993Q3,Fisher Quantity Index,"Percent change, annual rate",0,2.3,T10101
T10101,Y001RL,12,Intellectual property products,1993Q4,Fisher Quantity Index,"Percent change, annual rate",0,0.1,T10101
T10101,Y001RL,12,Intellectual property products,1994Q1,Fisher Quantity Index,"Percent change, annual rate",0,3.8,T10101
T10101,Y001RL,12,Intellectual property products,1994Q2,Fisher Quantity Index,"Percent change, annual rate",0,5.9,T10101
T10101,Y001RL,12,Intellectual property products,1994Q3,Fisher Quantity Index,"Percent change, annual rate",0,7.8,T10101
T10101,Y001RL,12,Intellectual property products,1994Q4,Fisher Quantity Index,"Percent change, annual rate",0,5.6,T10101
T10101,Y001RL,12,Intellectual property products,1995Q1,Fisher Quantity Index,"Percent change, annual rate",0,5.0,T10101
T10101,Y001RL,12,Intellectual property products,1995Q2,Fisher Quantity Index,"Percent change, annual rate",0,9.6,T10101
T10101,Y001RL,12,Intellectual property products,1995Q3,Fisher Quantity Index,"Percent change, annual rate",0,8.3,T10101
T10101,Y001RL,12,Intellectual property products,1995Q4,Fisher Quantity Index,"Percent change, annual rate",0,10.3,T10101
T10101,Y001RL,12,Intellectual property products,1996Q1,Fisher Quantity Index,"Percent change, annual rate",0,13.4,T10101
T10101,Y001RL,12,Intellectual property products,1996Q2,Fisher Quantity Index,"Percent change, annual rate",0,10.3,T10101
T10101,Y001RL,12,Intellectual property products,1996Q3,Fisher Quantity Index,"Percent change, annual rate",0,12.2,T10101
T10101,Y001RL,12,Intellectual property products,1996Q4,Fisher Quantity Index,"Percent change, annual rate",0,12.7,T10101
T10101,Y001RL,12,Intellectual property products,1997Q1,Fisher Quantity Index,"Percent change, annual rate",0,20.1,T10101
T10101,Y001RL,12,Intellectual property products,1997Q2,Fisher Quantity Index,"Percent change, annual rate",0,8.5,T10101
T10101,Y001RL,12,Intellectual property products,1997Q3,Fisher Quantity Index,"Percent change, annual rate",0,10.5,T10101
T10101,Y001RL,12,Intellectual property products,1997Q4,Fisher Quantity Index,"Percent change, annual rate",0,10.8,T10101
T10101,Y001RL,12,Intellectual property products,1998Q1,Fisher Quantity Index,"Percent change, annual rate",0,11.0,T10101
T10101,Y001RL,12,Intellectual property products,1998Q2,Fisher Quantity Index,"Percent change, annual rate",0,10.8,T10101
T10101,Y001RL,12,Intellectual property products,1998Q3,Fisher Quantity Index,"Percent change, annual rate",0,13.6,T10101
T10101,Y001RL,12,Intellectual property products,1998Q4,Fisher Quantity Index,"Percent change, annual rate",0,10.5,T10101
T10101,Y001RL,12,Intellectual property products,1999Q1,Fisher Quantity Index,"Percent change, annual rate",0,11.5,T10101
T10101,Y001RL,12,Intellectual property products,1999Q2,Fisher Quantity Index,"Percent change, annual rate",0,16.3,T10101
T10101,Y001RL,12,Intellectual property products,1999Q3,Fisher Quantity Index,"Percent change, annual rate",0,17.4,T10101
T10101,Y001RL,12,Intellectual property products,1999Q4,Fisher Quantity Index,"Percent change, annual rate",0,8.5,T10101
T10101,Y001RL,12,Intellectual property products,2000Q1,Fisher Quantity Index,"Percent change, annual rate",0,13.4,T10101
T10101,Y001RL,12,Intellectual property products,2000Q2,Fisher Quantity Index,"Percent change, annual rate",0,5.0,T10101
T10101,Y001RL,12,Intellectual property products,2000Q3,Fisher Quantity Index,"Percent change, annual rate",0,2.3,T10101
T10101,Y001RL,12,Intellectual property products,2000Q4,Fisher Quantity Index,"Percent change, annual rate",0,5.8,T10101
T10101,Y001RL,12,Intellectual property products,2001Q1,Fisher Quantity Index,"Percent change, annual rate",0,1.4,T10101
T10101,Y001RL,12,Intellectual property products,2001Q2,Fisher Quantity Index,"Percent change, annual rate",0,-2.0,T10101
T10101,Y001RL,12,Intellectual property products,2001Q3,Fisher Quantity Index,"Percent change, annual rate",0,-1.6,T10101
T10101,Y001RL,12,Intellectual property products,2001Q4,Fisher Quantity Index,"Percent change, annual rate",0,-5.8,T10101
T10101,Y001RL,12,Intellectual property products,2002Q1,Fisher Quantity Index,"Percent change, annual rate",0,-1.4,T10101
T10101,Y001RL,12,Intellectual property products,2002Q2,Fisher Quantity Index,"Percent change, annual rate",0,4.2,T10101
T10101,Y001RL,12,Intellectual property products,2002Q3,Fisher Quantity Index,"Percent change, annual rate",0,2.9,T10101
T10101,Y001RL,12,Intellectual property products,2002Q4,Fisher Quantity Index,"Percent change, annual rate",0,-1.8,T10101
T10101,Y001RL,12,Intellectual property products,2003Q1,Fisher Quantity Index,"Percent change, annual rate",0,6.1,T10101
T10101,Y001RL,12,Intellectual property products,2003Q2,Fisher Quantity Index,"Percent change, annual rate",0,4.0,T10101
T10101,Y001RL,12,Intellectual property products,2003Q3,Fisher Quantity Index,"Percent change, annual rate",0,8.3,T10101
T10101,Y001RL,12,Intellectual property products,2003Q4,Fisher Quantity Index,"Percent change, annual rate",0,4.8,T10101
T10101,Y001RL,12,Intellectual property products,2004Q1,Fisher Quantity Index,"Percent change, annual rate",0,0.7,T10101
T10101,Y001RL,12,Intellectual property products,2004Q2,Fisher Quantity Index,"Percent change, annual rate",0,3.9,T10101
T10101,Y001RL,12,Intellectual property products,2004Q3,Fisher Quantity Index,"Percent change, annual rate",0,11.3,T10101
T10101,Y001RL,12,Intellectual property products,2004Q4,Fisher Quantity Index,"Percent change, annual rate",0,7.4,T10101
T10101,Y001RL,12,Intellectual property products,2005Q1,Fisher Quantity Index,"Percent change, annual rate",0,10.0,T10101
T10101,Y001RL,12,Intellectual property products,2005Q2,Fisher Quantity Index,"Percent change, annual rate",0,6.8,T10101
T10101,Y001RL,12,Intellectual property products,2005Q3,Fisher Quantity Index,"Percent change, annual rate",0,5.7,T10101
T10101,Y001RL,12,Intellectual property products,2005Q4,Fisher Quantity Index,"Percent change, annual rate",0,-1.7,T10101
T10101,Y001RL,12,Intellectual property products,2006Q1,Fisher Quantity Index,"Percent change, annual rate",0,5.1,T10101
T10101,Y001RL,12,Intellectual property products,2006Q2,Fisher Quantity Index,"Percent change, annual rate",0,7.1,T10101
T10101,Y001RL,12,Intellectual property products,2006Q3,Fisher Quantity Index,"Percent change, annual rate",0,13.3,T10101
T10101,Y001RL,12,Intellectual property products,2006Q4,Fisher Quantity Index,"Percent change, annual rate",0,11.9,T10101
T10101,Y001RL,12,Intellectual property products,2007Q1,Fisher Quantity Index,"Percent change, annual rate",0,3.4,T10101
T10101,Y001RL,12,Intellectual property products,2007Q2,Fisher Quantity Index,"Percent change, annual rate",0,2.7,T10101
T10101,Y001RL,12,Intellectual property products,2007Q3,Fisher Quantity Index,"Percent change, annual rate",0,1.4,T10101
T10101,Y001RL,12,Intellectual property products,2007Q4,Fisher Quantity Index,"Percent change, annual rate",0,8.7,T10101
T10101,Y001RL,12,Intellectual property products,2008Q1,Fisher Quantity Index,"Percent change, annual rate",0,7.7,T10101
T10101,Y001RL,12,Intellectual property products,2008Q2,Fisher Quantity Index,"Percent change, annual rate",0,4.0,T10101
T10101,Y001RL,12,Intellectual property products,2008Q3,Fisher Quantity Index,"Percent change, annual rate",0,-4.6,T10101
T10101,Y001RL,12,Intellectual property products,2008Q4,Fisher Quantity Index,"Percent change, annual rate",0,-2.8,T10101
T10101,Y001RL,12,Intellectual property products,2009Q1,Fisher Quantity Index,"Percent change, annual rate",0,-10.5,T10101
T10101,Y001RL,12,Intellectual property products,2009Q2,Fisher Quantity Index,"Percent change, annual rate",0,10.4,T10101
T10101,Y001RL,12,Intellectual property products,2009Q3,Fisher Quantity Index,"Percent change, annual rate",0,4.2,T10101
T10101,Y001RL,12,Intellectual property products,2009Q4,Fisher Quantity Index,"Percent change, annual rate",0,12.7,T10101
T10101,Y001RL,12,Intellectual property products,2010Q1,Fisher Quantity Index,"Percent change, annual rate",0,-6.6,T10101
T10101,Y001RL,12,Intellectual property products,2010Q2,Fisher Quantity Index,"Percent change, annual rate",0,-2.0,T10101
T10101,Y001RL,12,Intellectual property products,2010Q3,Fisher Quantity Index,"Percent change, annual rate",0,8.0,T10101
T10101,Y001RL,12,Intellectual property products,2010Q4,Fisher Quantity Index,"Percent change, annual rate",0,7.7,T10101
T10101,Y001RL,12,Intellectual property products,2011Q1,Fisher Quantity Index,"Percent change, annual rate",0,4.1,T10101
T10101,Y001RL,12,Intellectual property products,2011Q2,Fisher Quantity Index,"Percent change, annual rate",0,6.7,T10101
T10101,Y001RL,12,Intellectual property products,2011Q3,Fisher Quantity Index,"Percent change, annual rate",0,8.4,T10101
T10101,Y001RL,12,Intellectual property products,2011Q4,Fisher Quantity Index,"Percent change, annual rate",0,9.5,T10101
T10101,Y001RL,12,Intellectual property products,2012Q1,Fisher Quantity Index,"Percent change, annual rate",0,0.8,T10101
T10101,Y001RL,12,Intellectual property products,2012Q2,Fisher Quantity Index,"Percent change, annual rate",0,5.2,T10101
T10101,Y001RL,12,Intellectual property products,2012Q3,Fisher Quantity Index,"Percent change, annual rate",0,0.8,T10101
T10101,Y001RL,12,Intellectual property products,2012Q4,Fisher Quantity Index,"Percent change, annual rate",0,8.1,T10101
T10101,Y001RL,12,Intellectual property products,2013Q1,Fisher Quantity Index,"Percent change, annual rate",0,14.0,T10101
T10101,Y001RL,12,Intellectual property products,2013Q2,Fisher Quantity Index,"Percent change, annual rate",0,-1.6,T10101
T10101,Y001RL,12,Intellectual property products,2013Q3,Fisher Quantity Index,"Percent change, annual rate",0,8.6,T10101
T10101,Y001RL,12,Intellectual property products,2013Q4,Fisher Quantity Index,"Percent change, annual rate",0,3.8,T10101
T10101,Y001RL,12,Intellectual property products,2014Q1,Fisher Quantity Index,"Percent change, annual rate",0,4.0,T10101
T10101,Y001RL,12,Intellectual property products,2014Q2,Fisher Quantity Index,"Percent change, annual rate",0,10.6,T10101
T10101,Y001RL,12,Intellectual property products,2014Q3,Fisher Quantity Index,"Percent change, annual rate",0,8.9,T10101
T10101,Y001RL,12,Intellectual property products,2014Q4,Fisher Quantity Index,"Percent change, annual rate",0,9.4,T10101
T10101,Y001RL,12,Intellectual property products,2015Q1,Fisher Quantity Index,"Percent change, annual rate",0,-2.4,T10101
T10101,Y001RL,12,Intellectual property products,2015Q2,Fisher Quantity Index,"Percent change, annual rate",0,2.2,T10101
T10101,Y001RL,12,Intellectual property products,2015Q3,Fisher Quantity Index,"Percent change, annual rate",0,6.5,T10101
T10101,Y001RL,12,Intellectual property products,2015Q4,Fisher Quantity Index,"Percent change, annual rate",0,11.3,T10101
T10101,Y001RL,12,Intellectual property products,2016Q1,Fisher Quantity Index,"Percent change, annual rate",0,12.8,T10101
T10101,Y001RL,12,Intellectual property products,2016Q2,Fisher Quantity Index,"Percent change, annual rate",0,10.4,T10101
T10101,Y001RL,12,Intellectual property products,2016Q3,Fisher Quantity Index,"Percent change, annual rate",0,8.3,T10101
T10101,Y001RL,12,Intellectual property products,2016Q4,Fisher Quantity Index,"Percent change, annual rate",0,4.5,T10101
T10101,Y001RL,12,Intellectual property products,2017Q1,Fisher Quantity Index,"Percent change, annual rate",0,9.0,T10101
T10101,Y001RL,12,Intellectual property products,2017Q2,Fisher Quantity Index,"Percent change, annual rate",0,2.9,T10101
T10101,Y001RL,12,Intellectual property products,2017Q3,Fisher Quantity Index,"Percent change, annual rate",0,8.9,T10101
T10101,Y001RL,12,Intellectual property products,2017Q4,Fisher Quantity Index,"Percent change, annual rate",0,8.1,T10101
T10101,Y001RL,12,Intellectual property products,2018Q1,Fisher Quantity Index,"Percent change, annual rate",0,8.8,T10101
T10101,Y001RL,12,Intellectual property products,2018Q2,Fisher Quantity Index,"Percent change, annual rate",0,11.9,T10101
T10101,Y001RL,12,Intellectual property products,2018Q3,Fisher Quantity Index,"Percent change, annual rate",0,7.0,T10101
T10101,Y001RL,12,Intellectual property products,2018Q4,Fisher Quantity Index,"Percent change, annual rate",0,11.9,T10101
T10101,Y001RL,12,Intellectual property products,2019Q1,Fisher Quantity Index,"Percent change, annual rate",0,4.2,T10101
T10101,Y001RL,12,Intellectual property products,2019Q2,Fisher Quantity Index,"Percent change, annual rate",0,8.9,T10101
T10101,Y001RL,12,Intellectual property products,2019Q3,Fisher Quantity Index,"Percent change, annual rate",0,8.1,T10101
T10101,Y001RL,12,Intellectual property products,2019Q4,Fisher Quantity Index,"Percent change, annual rate",0,10.1,T10101
T10101,Y001RL,12,Intellectual property products,2020Q1,Fisher Quantity Index,"Percent change, annual rate",0,6.4,T10101
T10101,Y001RL,12,Intellectual property products,2020Q2,Fisher Quantity Index,"Percent change, annual rate",0,-10.0,T10101
T10101,Y001RL,12,Intellectual property products,2020Q3,Fisher Quantity Index,"Percent change, annual rate",0,7.5,T10101
T10101,Y001RL,12,Intellectual property products,2020Q4,Fisher Quantity Index,"Percent change, annual rate",0,10.5,T10101
T10101,Y001RL,12,Intellectual property products,2021Q1,Fisher Quantity Index,"Percent change, annual rate",0,14.8,T10101
T10101,Y001RL,12,Intellectual property products,2021Q2,Fisher Quantity Index,"Percent change, annual rate",0,13.2,T10101
T10101,Y001RL,12,Intellectual property products,2021Q3,Fisher Quantity Index,"Percent change, annual rate",0,10.1,T10101
T10101,Y001RL,12,Intellectual property products,2021Q4,Fisher Quantity Index,"Percent change, annual rate",0,13.0,T10101
T10101,Y001RL,12,Intellectual property products,2022Q1,Fisher Quantity Index,"Percent change, annual rate",0,13.8,T10101
T10101,Y001RL,12,Intellectual property products,2022Q2,Fisher Quantity Index,"Percent change, annual rate",0,12.4,T10101
T10101,Y001RL,12,Intellectual property products,2022Q3,Fisher Quantity Index,"Percent change, annual rate",0,6.9,T10101
T10101,Y001RL,12,Intellectual property products,2022Q4,Fisher Quantity Index,"Percent change, annual rate",0,9.3,T10101
T10101,Y001RL,12,Intellectual property products,2023Q1,Fisher Quantity Index,"Percent change, annual rate",0,5.5,T10101
T10101,Y001RL,12,Intellectual property products,2023Q2,Fisher Quantity Index,"Percent change, annual rate",0,4.7,T10101
T10101,Y001RL,12,Intellectual property products,2023Q3,Fisher Quantity Index,"Percent change, annual rate",0,2.9,T10101
T10101,Y001RL,12,Intellectual property products,2023Q4,Fisher Quantity Index,"Percent change, annual rate",0,4.2,T10101
T10101,Y001RL,12,Intellectual property products,2024Q1,Fisher Quantity Index,"Percent change, annual rate",0,6.7,T10101
T10101,Y001RL,12,Intellectual property products,2024Q2,Fisher Quantity Index,"Percent change, annual rate",0,0.7,T10101
T10101,Y001RL,12,Intellectual property products,2024Q3,Fisher Quantity Index,"Percent change, annual rate",0,2.6,T10101
T10101,Y001RL,12,Intellectual property products,2024Q4,Fisher Quantity Index,"Percent change, annual rate",0,-0.6,T10101
T10101,Y001RL,12,Intellectual property products,2025Q1,Fisher Quantity Index,"Percent change, annual rate",0,6.5,T10101
T10101,Y001RL,12,Intellectual property products,2025Q2,Fisher Quantity Index,"Percent change, annual rate",0,15.0,T10101
T10101,Y001RL,12,Intellectual property products,2025Q3,Fisher Quantity Index,"Percent change, annual rate",0,5.6,T10101
T10101,A011RL,13,Residential,1947Q2,Fisher Quantity Index,"Percent change, annual rate",0,-18.5,T10101
T10101,A011RL,13,Residential,1947Q3,Fisher Quantity Index,"Percent change, annual rate",0,76.7,T10101
T10101,A011RL,13,Residential,1947Q4,Fisher Quantity Index,"Percent change, annual rate",0,102.4,T10101
T10101,A011RL,13,Residential,1948Q1,Fisher Quantity Index,"Percent change, annual rate",0,-5.1,T10101
T10101,A011RL,13,Residential,1948Q2,Fisher Quantity Index,"Percent change, annual rate",0,25.2,T10101
T10101,A011RL,13,Residential,1948Q3,Fisher Quantity Index,"Percent change, annual rate",0,-12.1,T10101
T10101,A011RL,13,Residential,1948Q4,Fisher Quantity Index,"Percent change, annual rate",0,-26.2,T10101
T10101,A011RL,13,Residential,1949Q1,Fisher Quantity Index,"Percent change, annual rate",0,-26.4,T10101
T10101,A011RL,13,Residential,1949Q2,Fisher Quantity Index,"Percent change, annual rate",0,-6.5,T10101
T10101,A011RL,13,Residential,1949Q3,Fisher Quantity Index,"Percent change, annual rate",0,38.9,T10101
T10101,A011RL,13,Residential,1949Q4,Fisher Quantity Index,"Percent change, annual rate",0,58.4,T10101
T10101,A011RL,13,Residential,1950Q1,Fisher Quantity Index,"Percent change, annual rate",0,52.7,T10101
T10101,A011RL,13,Residential,1950Q2,Fisher Quantity Index,"Percent change, annual rate",0,44.2,T10101
T10101,A011RL,13,Residential,1950Q3,Fisher Quantity Index,"Percent change, annual rate",0,23.7,T10101
T10101,A011RL,13,Residential,1950Q4,Fisher Quantity Index,"Percent change, annual rate",0,-17.4,T10101
T10101,A011RL,13,Residential,1951Q1,Fisher Quantity Index,"Percent change, annual rate",0,-19.1,T10101
T10101,A011RL,13,Residential,1951Q2,Fisher Quantity Index,"Percent change, annual rate",0,-43.7,T10101
T10101,A011RL,13,Residential,1951Q3,Fisher Quantity Index,"Percent change, annual rate",0,-22.9,T10101
T10101,A011RL,13,Residential,1951Q4,Fisher Quantity Index,"Percent change, annual rate",0,3.9,T10101
T10101,A011RL,13,Residential,1952Q1,Fisher Quantity Index,"Percent change, annual rate",0,10.9,T10101
T10101,A011RL,13,Residential,1952Q2,Fisher Quantity Index,"Percent change, annual rate",0,7.6,T10101
T10101,A011RL,13,Residential,1952Q3,Fisher Quantity Index,"Percent change, annual rate",0,-3.8,T10101
T10101,A011RL,13,Residential,1952Q4,Fisher Quantity Index,"Percent change, annual rate",0,23.4,T10101
T10101,A011RL,13,Residential,1953Q1,Fisher Quantity Index,"Percent change, annual rate",0,6.6,T10101
T10101,A011RL,13,Residential,1953Q2,Fisher Quantity Index,"Percent change, annual rate",0,1.3,T10101
T10101,A011RL,13,Residential,1953Q3,Fisher Quantity Index,"Percent change, annual rate",0,-14.1,T10101
T10101,A011RL,13,Residential,1953Q4,Fisher Quantity Index,"Percent change, annual rate",0,-3.2,T10101
T10101,A011RL,13,Residential,1954Q1,Fisher Quantity Index,"Percent change, annual rate",0,4.5,T10101
T10101,A011RL,13,Residential,1954Q2,Fisher Quantity Index,"Percent change, annual rate",0,28.7,T10101
T10101,A011RL,13,Residential,1954Q3,Fisher Quantity Index,"Percent change, annual rate",0,26.7,T10101
T10101,A011RL,13,Residential,1954Q4,Fisher Quantity Index,"Percent change, annual rate",0,27.5,T10101
T10101,A011RL,13,Residential,1955Q1,Fisher Quantity Index,"Percent change, annual rate",0,32.8,T10101
T10101,A011RL,13,Residential,1955Q2,Fisher Quantity Index,"Percent change, annual rate",0,5.9,T10101
T10101,A011RL,13,Residential,1955Q3,Fisher Quantity Index,"Percent change, annual rate",0,-8.3,T10101
T10101,A011RL,13,Residential,1955Q4,Fisher Quantity Index,"Percent change, annual rate",0,-15.8,T10101
T10101,A011RL,13,Residential,1956Q1,Fisher Quantity Index,"Percent change, annual rate",0,-9.8,T10101
T10101,A011RL,13,Residential,1956Q2,Fisher Quantity Index,"Percent change, annual rate",0,-2.1,T10101
T10101,A011RL,13,Residential,1956Q3,Fisher Quantity Index,"Percent change, annual rate",0,-7.3,T10101
T10101,A011RL,13,Residential,1956Q4,Fisher Quantity Index,"Percent change, annual rate",0,-5.8,T10101
T10101,A011RL,13,Residential,1957Q1,Fisher Quantity Index,"Percent change, annual rate",0,-5.4,T10101
T10101,A011RL,13,Residential,1957Q2,Fisher Quantity Index,"Percent change, annual rate",0,-9.1,T10101
T10101,A011RL,13,Residential,1957Q3,Fisher Quantity Index,"Percent change, annual rate",0,-5.2,T10101
T10101,A011RL,13,Residential,1957Q4,Fisher Quantity Index,"Percent change, annual rate",0,-0.5,T10101
T10101,A011RL,13,Residential,1958Q1,Fisher Quantity Index,"Percent change, annual rate",0,-14.8,T10101
T10101,A011RL,13,Residential,1958Q2,Fisher Quantity Index,"Percent change, annual rate",0,1.4,T10101
T10101,A011RL,13,Residential,1958Q3,Fisher Quantity Index,"Percent change, annual rate",0,32.1,T10101
T10101,A011RL,13,Residential,1958Q4,Fisher Quantity Index,"Percent change, annual rate",0,48.6,T10101
T10101,A011RL,13,Residential,1959Q1,Fisher Quantity Index,"Percent change, annual rate",0,53.4,T10101
T10101,A011RL,13,Residential,1959Q2,Fisher Quantity Index,"Percent change, annual rate",0,14.7,T10101
T10101,A011RL,13,Residential,1959Q3,Fisher Quantity Index,"Percent change, annual rate",0,-7.3,T10101
T10101,A011RL,13,Residential,1959Q4,Fisher Quantity Index,"Percent change, annual rate",0,-10.9,T10101
T10101,A011RL,13,Residential,1960Q1,Fisher Quantity Index,"Percent change, annual rate",0,12.9,T10101
T10101,A011RL,13,Residential,1960Q2,Fisher Quantity Index,"Percent change, annual rate",0,-28.9,T10101
T10101,A011RL,13,Residential,1960Q3,Fisher Quantity Index,"Percent change, annual rate",0,-11.4,T10101
T10101,A011RL,13,Residential,1960Q4,Fisher Quantity Index,"Percent change, annual rate",0,-0.4,T10101
T10101,A011RL,13,Residential,1961Q1,Fisher Quantity Index,"Percent change, annual rate",0,1.6,T10101
T10101,A011RL,13,Residential,1961Q2,Fisher Quantity Index,"Percent change, annual rate",0,1.6,T10101
T10101,A011RL,13,Residential,1961Q3,Fisher Quantity Index,"Percent change, annual rate",0,23.7,T10101
T10101,A011RL,13,Residential,1961Q4,Fisher Quantity Index,"Percent change, annual rate",0,14.3,T10101
T10101,A011RL,13,Residential,1962Q1,Fisher Quantity Index,"Percent change, annual rate",0,7.2,T10101
T10101,A011RL,13,Residential,1962Q2,Fisher Quantity Index,"Percent change, annual rate",0,13.0,T10101
T10101,A011RL,13,Residential,1962Q3,Fisher Quantity Index,"Percent change, annual rate",0,-0.3,T10101
T10101,A011RL,13,Residential,1962Q4,Fisher Quantity Index,"Percent change, annual rate",0,-0.6,T10101
T10101,A011RL,13,Residential,1963Q1,Fisher Quantity Index,"Percent change, annual rate",0,14.9,T10101
T10101,A011RL,13,Residential,1963Q2,Fisher Quantity Index,"Percent change, annual rate",0,31.9,T10101
T10101,A011RL,13,Residential,1963Q3,Fisher Quantity Index,"Percent change, annual rate",0,7.9,T10101
T10101,A011RL,13,Residential,1963Q4,Fisher Quantity Index,"Percent change, annual rate",0,13.2,T10101
T10101,A011RL,13,Residential,1964Q1,Fisher Quantity Index,"Percent change, annual rate",0,26.9,T10101
T10101,A011RL,13,Residential,1964Q2,Fisher Quantity Index,"Percent change, annual rate",0,-18.5,T10101
T10101,A011RL,13,Residential,1964Q3,Fisher Quantity Index,"Percent change, annual rate",0,-6.2,T10101
T10101,A011RL,13,Residential,1964Q4,Fisher Quantity Index,"Percent change, annual rate",0,-6.9,T10101
T10101,A011RL,13,Residential,1965Q1,Fisher Quantity Index,"Percent change, annual rate",0,2.0,T10101
T10101,A011RL,13,Residential,1965Q2,Fisher Quantity Index,"Percent change, annual rate",0,3.5,T10101
T10101,A011RL,13,Residential,1965Q3,Fisher Quantity Index,"Percent change, annual rate",0,1.9,T10101
T10101,A011RL,13,Residential,1965Q4,Fisher Quantity Index,"Percent change, annual rate",0,-7.6,T10101
T10101,A011RL,13,Residential,1966Q1,Fisher Quantity Index,"Percent change, annual rate",0,10.4,T10101
T10101,A011RL,13,Residential,1966Q2,Fisher Quantity Index,"Percent change, annual rate",0,-27.7,T10101
T10101,A011RL,13,Residential,1966Q3,Fisher Quantity Index,"Percent change, annual rate",0,-12.6,T10101
T10101,A011RL,13,Residential,1966Q4,Fisher Quantity Index,"Percent change, annual rate",0,-35.8,T10101
T10101,A011RL,13,Residential,1967Q1,Fisher Quantity Index,"Percent change, annual rate",0,-10.6,T10101
T10101,A011RL,13,Residential,1967Q2,Fisher Quantity Index,"Percent change, annual rate",0,54.7,T10101
T10101,A011RL,13,Residential,1967Q3,Fisher Quantity Index,"Percent change, annual rate",0,23.0,T10101
T10101,A011RL,13,Residential,1967Q4,Fisher Quantity Index,"Percent change, annual rate",0,25.3,T10101
T10101,A011RL,13,Residential,1968Q1,Fisher Quantity Index,"Percent change, annual rate",0,1.2,T10101
T10101,A011RL,13,Residential,1968Q2,Fisher Quantity Index,"Percent change, annual rate",0,10.1,T10101
T10101,A011RL,13,Residential,1968Q3,Fisher Quantity Index,"Percent change, annual rate",0,8.3,T10101
T10101,A011RL,13,Residential,1968Q4,Fisher Quantity Index,"Percent change, annual rate",0,5.7,T10101
T10101,A011RL,13,Residential,1969Q1,Fisher Quantity Index,"Percent change, annual rate",0,14.1,T10101
T10101,A011RL,13,Residential,1969Q2,Fisher Quantity Index,"Percent change, annual rate",0,-3.7,T10101
T10101,A011RL,13,Residential,1969Q3,Fisher Quantity Index,"Percent change, annual rate",0,-3.1,T10101
T10101,A011RL,13,Residential,1969Q4,Fisher Quantity Index,"Percent change, annual rate",0,-24.8,T10101
T10101,A011RL,13,Residential,1970Q1,Fisher Quantity Index,"Percent change, annual rate",0,0.2,T10101
T10101,A011RL,13,Residential,1970Q2,Fisher Quantity Index,"Percent change, annual rate",0,-22.3,T10101
T10101,A011RL,13,Residential,1970Q3,Fisher Quantity Index,"Percent change, annual rate",0,25.1,T10101
T10101,A011RL,13,Residential,1970Q4,Fisher Quantity Index,"Percent change, annual rate",0,46.8,T10101
T10101,A011RL,13,Residential,1971Q1,Fisher Quantity Index,"Percent change, annual rate",0,22.4,T10101
T10101,A011RL,13,Residential,1971Q2,Fisher Quantity Index,"Percent change, annual rate",0,44.3,T10101
T10101,A011RL,13,Residential,1971Q3,Fisher Quantity Index,"Percent change, annual rate",0,19.7,T10101
T10101,A011RL,13,Residential,1971Q4,Fisher Quantity Index,"Percent change, annual rate",0,16.3,T10101
T10101,A011RL,13,Residential,1972Q1,Fisher Quantity Index,"Percent change, annual rate",0,28.8,T10101
T10101,A011RL,13,Residential,1972Q2,Fisher Quantity Index,"Percent change, annual rate",0,7.8,T10101
T10101,A011RL,13,Residential,1972Q3,Fisher Quantity Index,"Percent change, annual rate",0,1.8,T10101
T10101,A011RL,13,Residential,1972Q4,Fisher Quantity Index,"Percent change, annual rate",0,14.9,T10101
T10101,A011RL,13,Residential,1973Q1,Fisher Quantity Index,"Percent change, annual rate",0,14.0,T10101
T10101,A011RL,13,Residential,1973Q2,Fisher Quantity Index,"Percent change, annual rate",0,-19.2,T10101
T10101,A011RL,13,Residential,1973Q3,Fisher Quantity Index,"Percent change, annual rate",0,-16.1,T10101
T10101,A011RL,13,Residential,1973Q4,Fisher Quantity Index,"Percent change, annual rate",0,-16.9,T10101
T10101,A011RL,13,Residential,1974Q1,Fisher Quantity Index,"Percent change, annual rate",0,-23.6,T10101
T10101,A011RL,13,Residential,1974Q2,Fisher Quantity Index,"Percent change, annual rate",0,-15.2,T10101
T10101,A011RL,13,Residential,1974Q3,Fisher Quantity Index,"Percent change, annual rate",0,-12.7,T10101
T10101,A011RL,13,Residential,1974Q4,Fisher Quantity Index,"Percent change, annual rate",0,-42.8,T10101
T10101,A011RL,13,Residential,1975Q1,Fisher Quantity Index,"Percent change, annual rate",0,-20.7,T10101
T10101,A011RL,13,Residential,1975Q2,Fisher Quantity Index,"Percent change, annual rate",0,11.8,T10101
T10101,A011RL,13,Residential,1975Q3,Fisher Quantity Index,"Percent change, annual rate",0,29.1,T10101
T10101,A011RL,13,Residential,1975Q4,Fisher Quantity Index,"Percent change, annual rate",0,18.3,T10101
T10101,A011RL,13,Residential,1976Q1,Fisher Quantity Index,"Percent change, annual rate",0,43.7,T10101
T10101,A011RL,13,Residential,1976Q2,Fisher Quantity Index,"Percent change, annual rate",0,10.2,T10101
T10101,A011RL,13,Residential,1976Q3,Fisher Quantity Index,"Percent change, annual rate",0,-6.1,T10101
T10101,A011RL,13,Residential,1976Q4,Fisher Quantity Index,"Percent change, annual rate",0,57.9,T10101
T10101,A011RL,13,Residential,1977Q1,Fisher Quantity Index,"Percent change, annual rate",0,12.4,T10101
T10101,A011RL,13,Residential,1977Q2,Fisher Quantity Index,"Percent change, annual rate",0,51.7,T10101
T10101,A011RL,13,Residential,1977Q3,Fisher Quantity Index,"Percent change, annual rate",0,-1.2,T10101
T10101,A011RL,13,Residential,1977Q4,Fisher Quantity Index,"Percent change, annual rate",0,-4.7,T10101
T10101,A011RL,13,Residential,1978Q1,Fisher Quantity Index,"Percent change, annual rate",0,3.8,T10101
T10101,A011RL,13,Residential,1978Q2,Fisher Quantity Index,"Percent change, annual rate",0,20.6,T10101
T10101,A011RL,13,Residential,1978Q3,Fisher Quantity Index,"Percent change, annual rate",0,4.7,T10101
T10101,A011RL,13,Residential,1978Q4,Fisher Quantity Index,"Percent change, annual rate",0,-0.8,T10101
T10101,A011RL,13,Residential,1979Q1,Fisher Quantity Index,"Percent change, annual rate",0,-9.4,T10101
T10101,A011RL,13,Residential,1979Q2,Fisher Quantity Index,"Percent change, annual rate",0,-6.9,T10101
T10101,A011RL,13,Residential,1979Q3,Fisher Quantity Index,"Percent change, annual rate",0,-4.8,T10101
T10101,A011RL,13,Residential,1979Q4,Fisher Quantity Index,"Percent change, annual rate",0,-15.1,T10101
T10101,A011RL,13,Residential,1980Q1,Fisher Quantity Index,"Percent change, annual rate",0,-27.4,T10101
T10101,A011RL,13,Residential,1980Q2,Fisher Quantity Index,"Percent change, annual rate",0,-56.0,T10101
T10101,A011RL,13,Residential,1980Q3,Fisher Quantity Index,"Percent change, annual rate",0,12.9,T10101
T10101,A011RL,13,Residential,1980Q4,Fisher Quantity Index,"Percent change, annual rate",0,42.9,T10101
T10101,A011RL,13,Residential,1981Q1,Fisher Quantity Index,"Percent change, annual rate",0,-9.4,T10101
T10101,A011RL,13,Residential,1981Q2,Fisher Quantity Index,"Percent change, annual rate",0,-12.1,T10101
T10101,A011RL,13,Residential,1981Q3,Fisher Quantity Index,"Percent change, annual rate",0,-27.6,T10101
T10101,A011RL,13,Residential,1981Q4,Fisher Quantity Index,"Percent change, annual rate",0,-35.7,T10101
T10101,A011RL,13,Residential,1982Q1,Fisher Quantity Index,"Percent change, annual rate",0,-21.2,T10101
T10101,A011RL,13,Residential,1982Q2,Fisher Quantity Index,"Percent change, annual rate",0,-12.3,T10101
T10101,A011RL,13,Residential,1982Q3,Fisher Quantity Index,"Percent change, annual rate",0,-0.4,T10101
T10101,A011RL,13,Residential,1982Q4,Fisher Quantity Index,"Percent change, annual rate",0,35.6,T10101
T10101,A011RL,13,Residential,1983Q1,Fisher Quantity Index,"Percent change, annual rate",0,88.6,T10101
T10101,A011RL,13,Residential,1983Q2,Fisher Quantity Index,"Percent change, annual rate",0,55.4,T10101
T10101,A011RL,13,Residential,1983Q3,Fisher Quantity Index,"Percent change, annual rate",0,45.2,T10101
T10101,A011RL,13,Residential,1983Q4,Fisher Quantity Index,"Percent change, annual rate",0,18.0,T10101
T10101,A011RL,13,Residential,1984Q1,Fisher Quantity Index,"Percent change, annual rate",0,12.5,T10101
T10101,A011RL,13,Residential,1984Q2,Fisher Quantity Index,"Percent change, annual rate",0,7.2,T10101
T10101,A011RL,13,Residential,1984Q3,Fisher Quantity Index,"Percent change, annual rate",0,-4.6,T10101
T10101,A011RL,13,Residential,1984Q4,Fisher Quantity Index,"Percent change, annual rate",0,0.4,T10101
T10101,A011RL,13,Residential,1985Q1,Fisher Quantity Index,"Percent change, annual rate",0,1.0,T10101
T10101,A011RL,13,Residential,1985Q2,Fisher Quantity Index,"Percent change, annual rate",0,3.4,T10101
T10101,A011RL,13,Residential,1985Q3,Fisher Quantity Index,"Percent change, annual rate",0,7.7,T10101
T10101,A011RL,13,Residential,1985Q4,Fisher Quantity Index,"Percent change, annual rate",0,9.0,T10101
T10101,A011RL,13,Residential,1986Q1,Fisher Quantity Index,"Percent change, annual rate",0,17.3,T10101
T10101,A011RL,13,Residential,1986Q2,Fisher Quantity Index,"Percent change, annual rate",0,25.0,T10101
T10101,A011RL,13,Residential,1986Q3,Fisher Quantity Index,"Percent change, annual rate",0,5.6,T10101
T10101,A011RL,13,Residential,1986Q4,Fisher Quantity Index,"Percent change, annual rate",0,1.1,T10101
T10101,A011RL,13,Residential,1987Q1,Fisher Quantity Index,"Percent change, annual rate",0,-0.7,T10101
T10101,A011RL,13,Residential,1987Q2,Fisher Quantity Index,"Percent change, annual rate",0,1.4,T10101
T10101,A011RL,13,Residential,1987Q3,Fisher Quantity Index,"Percent change, annual rate",0,-3.3,T10101
T10101,A011RL,13,Residential,1987Q4,Fisher Quantity Index,"Percent change, annual rate",0,0.7,T10101
T10101,A011RL,13,Residential,1988Q1,Fisher Quantity Index,"Percent change, annual rate",0,-6.9,T10101
T10101,A011RL,13,Residential,1988Q2,Fisher Quantity Index,"Percent change, annual rate",0,5.0,T10101
T10101,A011RL,13,Residential,1988Q3,Fisher Quantity Index,"Percent change, annual rate",0,0.2,T10101
T10101,A011RL,13,Residential,1988Q4,Fisher Quantity Index,"Percent change, annual rate",0,2.6,T10101
T10101,A011RL,13,Residential,1989Q1,Fisher Quantity Index,"Percent change, annual rate",0,-3.8,T10101
T10101,A011RL,13,Residential,1989Q2,Fisher Quantity Index,"Percent change, annual rate",0,-12.0,T10101
T10101,A011RL,13,Residential,1989Q3,Fisher Quantity Index,"Percent change, annual rate",0,-1.8,T10101
T10101,A011RL,13,Residential,1989Q4,Fisher Quantity Index,"Percent change, annual rate",0,-8.2,T10101
T10101,A011RL,13,Residential,1990Q1,Fisher Quantity Index,"Percent change, annual rate",0,3.6,T10101
T10101,A011RL,13,Residential,1990Q2,Fisher Quantity Index,"Percent change, annual rate",0,-14.9,T10101
T10101,A011RL,13,Residential,1990Q3,Fisher Quantity Index,"Percent change, annual rate",0,-19.8,T10101
T10101,A011RL,13,Residential,1990Q4,Fisher Quantity Index,"Percent change, annual rate",0,-21.2,T10101
T10101,A011RL,13,Residential,1991Q1,Fisher Quantity Index,"Percent change, annual rate",0,-19.5,T10101
T10101,A011RL,13,Residential,1991Q2,Fisher Quantity Index,"Percent change, annual rate",0,12.9,T10101
T10101,A011RL,13,Residential,1991Q3,Fisher Quantity Index,"Percent change, annual rate",0,14.2,T10101
T10101,A011RL,13,Residential,1991Q4,Fisher Quantity Index,"Percent change, annual rate",0,8.2,T10101
T10101,A011RL,13,Residential,1992Q1,Fisher Quantity Index,"Percent change, annual rate",0,24.9,T10101
T10101,A011RL,13,Residential,1992Q2,Fisher Quantity Index,"Percent change, annual rate",0,14.4,T10101
T10101,A011RL,13,Residential,1992Q3,Fisher Quantity Index,"Percent change, annual rate",0,0.2,T10101
T10101,A011RL,13,Residential,1992Q4,Fisher Quantity Index,"Percent change, annual rate",0,16.2,T10101
T10101,A011RL,13,Residential,1993Q1,Fisher Quantity Index,"Percent change, annual rate",0,0.3,T10101
T10101,A011RL,13,Residential,1993Q2,Fisher Quantity Index,"Percent change, annual rate",0,5.4,T10101
T10101,A011RL,13,Residential,1993Q3,Fisher Quantity Index,"Percent change, annual rate",0,15.8,T10101
T10101,A011RL,13,Residential,1993Q4,Fisher Quantity Index,"Percent change, annual rate",0,22.1,T10101
T10101,A011RL,13,Residential,1994Q1,Fisher Quantity Index,"Percent change, annual rate",0,6.1,T10101
T10101,A011RL,13,Residential,1994Q2,Fisher Quantity Index,"Percent change, annual rate",0,13.6,T10101
T10101,A011RL,13,Residential,1994Q3,Fisher Quantity Index,"Percent change, annual rate",0,-5.8,T10101
T10101,A011RL,13,Residential,1994Q4,Fisher Quantity Index,"Percent change, annual rate",0,-6.0,T10101
T10101,A011RL,13,Residential,1995Q1,Fisher Quantity Index,"Percent change, annual rate",0,-8.8,T10101
T10101,A011RL,13,Residential,1995Q2,Fisher Quantity Index,"Percent change, annual rate",0,-11.8,T10101
T10101,A011RL,13,Residential,1995Q3,Fisher Quantity Index,"Percent change, annual rate",0,15.7,T10101
T10101,A011RL,13,Residential,1995Q4,Fisher Quantity Index,"Percent change, annual rate",0,8.0,T10101
T10101,A011RL,13,Residential,1996Q1,Fisher Quantity Index,"Percent change, annual rate",0,10.8,T10101
T10101,A011RL,13,Residential,1996Q2,Fisher Quantity Index,"Percent change, annual rate",0,18.6,T10101
T10101,A011RL,13,Residential,1996Q3,Fisher Quantity Index,"Percent change, annual rate",0,-0.8,T10101
T10101,A011RL,13,Residential,1996Q4,Fisher Quantity Index,"Percent change, annual rate",0,-4.5,T10101
T10101,A011RL,13,Residential,1997Q1,Fisher Quantity Index,"Percent change, annual rate",0,2.1,T10101
T10101,A011RL,13,Residential,1997Q2,Fisher Quantity Index,"Percent change, annual rate",0,5.7,T10101
T10101,A011RL,13,Residential,1997Q3,Fisher Quantity Index,"Percent change, annual rate",0,3.9,T10101
T10101,A011RL,13,Residential,1997Q4,Fisher Quantity Index,"Percent change, annual rate",0,4.3,T10101
T10101,A011RL,13,Residential,1998Q1,Fisher Quantity Index,"Percent change, annual rate",0,8.6,T10101
T10101,A011RL,13,Residential,1998Q2,Fisher Quantity Index,"Percent change, annual rate",0,14.6,T10101
T10101,A011RL,13,Residential,1998Q3,Fisher Quantity Index,"Percent change, annual rate",0,12.2,T10101
T10101,A011RL,13,Residential,1998Q4,Fisher Quantity Index,"Percent change, annual rate",0,9.7,T10101
T10101,A011RL,13,Residential,1999Q1,Fisher Quantity Index,"Percent change, annual rate",0,1.6,T10101
T10101,A011RL,13,Residential,1999Q2,Fisher Quantity Index,"Percent change, annual rate",0,6.4,T10101
T10101,A011RL,13,Residential,1999Q3,Fisher Quantity Index,"Percent change, annual rate",0,3.0,T10101
T10101,A011RL,13,Residential,1999Q4,Fisher Quantity Index,"Percent change, annual rate",0,3.0,T10101
T10101,A011RL,13,Residential,2000Q1,Fisher Quantity Index,"Percent change, annual rate",0,2.0,T10101
T10101,A011RL,13,Residential,2000Q2,Fisher Quantity Index,"Percent change, annual rate",0,-2.0,T10101
T10101,A011RL,13,Residential,2000Q3,Fisher Quantity Index,"Percent change, annual rate",0,-6.1,T10101
T10101,A011RL,13,Residential,2000Q4,Fisher Quantity Index,"Percent change, annual rate",0,0.4,T10101
T10101,A011RL,13,Residential,2001Q1,Fisher Quantity Index,"Percent change, annual rate",0,1.7,T10101
T10101,A011RL,13,Residential,2001Q2,Fisher Quantity Index,"Percent change, annual rate",0,6.3,T10101
T10101,A011RL,13,Residential,2001Q3,Fisher Quantity Index,"Percent change, annual rate",0,2.5,T10101
T10101,A011RL,13,Residential,2001Q4,Fisher Quantity Index,"Percent change, annual rate",0,-2.5,T10101
T10101,A011RL,13,Residential,2002Q1,Fisher Quantity Index,"Percent change, annual rate",0,13.8,T10101
T10101,A011RL,13,Residential,2002Q2,Fisher Quantity Index,"Percent change, annual rate",0,10.3,T10101
T10101,A011RL,13,Residential,2002Q3,Fisher Quantity Index,"Percent change, annual rate",0,1.2,T10101
T10101,A011RL,13,Residential,2002Q4,Fisher Quantity Index,"Percent change, annual rate",0,7.4,T10101
T10101,A011RL,13,Residential,2003Q1,Fisher Quantity Index,"Percent change, annual rate",0,7.6,T10101
T10101,A011RL,13,Residential,2003Q2,Fisher Quantity Index,"Percent change, annual rate",0,6.5,T10101
T10101,A011RL,13,Residential,2003Q3,Fisher Quantity Index,"Percent change, annual rate",0,25.0,T10101
T10101,A011RL,13,Residential,2003Q4,Fisher Quantity Index,"Percent change, annual rate",0,12.4,T10101
T10101,A011RL,13,Residential,2004Q1,Fisher Quantity Index,"Percent change, annual rate",0,4.7,T10101
T10101,A011RL,13,Residential,2004Q2,Fisher Quantity Index,"Percent change, annual rate",0,13.3,T10101
T10101,A011RL,13,Residential,2004Q3,Fisher Quantity Index,"Percent change, annual rate",0,2.9,T10101
T10101,A011RL,13,Residential,2004Q4,Fisher Quantity Index,"Percent change, annual rate",0,5.6,T10101
T10101,A011RL,13,Residential,2005Q1,Fisher Quantity Index,"Percent change, annual rate",0,9.8,T10101
T10101,A011RL,13,Residential,2005Q2,Fisher Quantity Index,"Percent change, annual rate",0,7.6,T10101
T10101,A011RL,13,Residential,2005Q3,Fisher Quantity Index,"Percent change, annual rate",0,4.5,T10101
T10101,A011RL,13,Residential,2005Q4,Fisher Quantity Index,"Percent change, annual rate",0,-0.8,T10101
T10101,A011RL,13,Residential,2006Q1,Fisher Quantity Index,"Percent change, annual rate",0,-3.7,T10101
T10101,A011RL,13,Residential,2006Q2,Fisher Quantity Index,"Percent change, annual rate",0,-18.6,T10101
T10101,A011RL,13,Residential,2006Q3,Fisher Quantity Index,"Percent change, annual rate",0,-20.4,T10101
T10101,A011RL,13,Residential,2006Q4,Fisher Quantity Index,"Percent change, annual rate",0,-17.4,T10101
T10101,A011RL,13,Residential,2007Q1,Fisher Quantity Index,"Percent change, annual rate",0,-16.8,T10101
T10101,A011RL,13,Residential,2007Q2,Fisher Quantity Index,"Percent change, annual rate",0,-14.9,T10101
T10101,A011RL,13,Residential,2007Q3,Fisher Quantity Index,"Percent change, annual rate",0,-23.1,T10101
T10101,A011RL,13,Residential,2007Q4,Fisher Quantity Index,"Percent change, annual rate",0,-29.3,T10101
T10101,A011RL,13,Residential,2008Q1,Fisher Quantity Index,"Percent change, annual rate",0,-28.2,T10101
T10101,A011RL,13,Residential,2008Q2,Fisher Quantity Index,"Percent change, annual rate",0,-16.9,T10101
T10101,A011RL,13,Residential,2008Q3,Fisher Quantity Index,"Percent change, annual rate",0,-18.8,T10101
T10101,A011RL,13,Residential,2008Q4,Fisher Quantity Index,"Percent change, annual rate",0,-33.6,T10101
T10101,A011RL,13,Residential,2009Q1,Fisher Quantity Index,"Percent change, annual rate",0,-33.5,T10101
T10101,A011RL,13,Residential,2009Q2,Fisher Quantity Index,"Percent change, annual rate",0,-22.4,T10101
T10101,A011RL,13,Residential,2009Q3,Fisher Quantity Index,"Percent change, annual rate",0,19.9,T10101
T10101,A011RL,13,Residential,2009Q4,Fisher Quantity Index,"Percent change, annual rate",0,-0.8,T10101
T10101,A011RL,13,Residential,2010Q1,Fisher Quantity Index,"Percent change, annual rate",0,-12.3,T10101
T10101,A011RL,13,Residential,2010Q2,Fisher Quantity Index,"Percent change, annual rate",0,22.5,T10101
T10101,A011RL,13,Residential,2010Q3,Fisher Quantity Index,"Percent change, annual rate",0,-31.0,T10101
T10101,A011RL,13,Residential,2010Q4,Fisher Quantity Index,"Percent change, annual rate",0,6.8,T10101
T10101,A011RL,13,Residential,2011Q1,Fisher Quantity Index,"Percent change, annual rate",0,-1.4,T10101
T10101,A011RL,13,Residential,2011Q2,Fisher Quantity Index,"Percent change, annual rate",0,4.6,T10101
T10101,A011RL,13,Residential,2011Q3,Fisher Quantity Index,"Percent change, annual rate",0,7.4,T10101
T10101,A011RL,13,Residential,2011Q4,Fisher Quantity Index,"Percent change, annual rate",0,10.8,T10101
T10101,A011RL,13,Residential,2012Q1,Fisher Quantity Index,"Percent change, annual rate",0,26.5,T10101
T10101,A011RL,13,Residential,2012Q2,Fisher Quantity Index,"Percent change, annual rate",0,3.5,T10101
T10101,A011RL,13,Residential,2012Q3,Fisher Quantity Index,"Percent change, annual rate",0,10.7,T10101
T10101,A011RL,13,Residential,2012Q4,Fisher Quantity Index,"Percent change, annual rate",0,22.5,T10101
T10101,A011RL,13,Residential,2013Q1,Fisher Quantity Index,"Percent change, annual rate",0,16.1,T10101
T10101,A011RL,13,Residential,2013Q2,Fisher Quantity Index,"Percent change, annual rate",0,14.2,T10101
T10101,A011RL,13,Residential,2013Q3,Fisher Quantity Index,"Percent change, annual rate",0,7.4,T10101
T10101,A011RL,13,Residential,2013Q4,Fisher Quantity Index,"Percent change, annual rate",0,-6.2,T10101
T10101,A011RL,13,Residential,2014Q1,Fisher Quantity Index,"Percent change, annual rate",0,-1.7,T10101
T10101,A011RL,13,Residential,2014Q2,Fisher Quantity Index,"Percent change, annual rate",0,13.8,T10101
T10101,A011RL,13,Residential,2014Q3,Fisher Quantity Index,"Percent change, annual rate",0,6.2,T10101
T10101,A011RL,13,Residential,2014Q4,Fisher Quantity Index,"Percent change, annual rate",0,15.1,T10101
T10101,A011RL,13,Residential,2015Q1,Fisher Quantity Index,"Percent change, annual rate",0,8.1,T10101
T10101,A011RL,13,Residential,2015Q2,Fisher Quantity Index,"Percent change, annual rate",0,11.1,T10101
T10101,A011RL,13,Residential,2015Q3,Fisher Quantity Index,"Percent change, annual rate",0,13.2,T10101
T10101,A011RL,13,Residential,2015Q4,Fisher Quantity Index,"Percent change, annual rate",0,6.4,T10101
T10101,A011RL,13,Residential,2016Q1,Fisher Quantity Index,"Percent change, annual rate",0,13.1,T10101
T10101,A011RL,13,Residential,2016Q2,Fisher Quantity Index,"Percent change, annual rate",0,1.3,T10101
T10101,A011RL,13,Residential,2016Q3,Fisher Quantity Index,"Percent change, annual rate",0,-1.1,T10101
T10101,A011RL,13,Residential,2016Q4,Fisher Quantity Index,"Percent change, annual rate",0,5.3,T10101
T10101,A011RL,13,Residential,2017Q1,Fisher Quantity Index,"Percent change, annual rate",0,9.7,T10101
T10101,A011RL,13,Residential,2017Q2,Fisher Quantity Index,"Percent change, annual rate",0,2.3,T10101
T10101,A011RL,13,Residential,2017Q3,Fisher Quantity Index,"Percent change, annual rate",0,0.3,T10101
T10101,A011RL,13,Residential,2017Q4,Fisher Quantity Index,"Percent change, annual rate",0,8.4,T10101
T10101,A011RL,13,Residential,2018Q1,Fisher Quantity Index,"Percent change, annual rate",0,-7.4,T10101
T10101,A011RL,13,Residential,2018Q2,Fisher Quantity Index,"Percent change, annual rate",0,2.8,T10101
T10101,A011RL,13,Residential,2018Q3,Fisher Quantity Index,"Percent change, annual rate",0,-3.7,T10101
T10101,A011RL,13,Residential,2018Q4,Fisher Quantity Index,"Percent change, annual rate",0,-7.8,T10101
T10101,A011RL,13,Residential,2019Q1,Fisher Quantity Index,"Percent change, annual rate",0,-4.4,T10101
T10101,A011RL,13,Residential,2019Q2,Fisher Quantity Index,"Percent change, annual rate",0,7.0,T10101
T10101,A011RL,13,Residential,2019Q3,Fisher Quantity Index,"Percent change, annual rate",0,5.9,T10101
T10101,A011RL,13,Residential,2019Q4,Fisher Quantity Index,"Percent change, annual rate",0,1.3,T10101
T10101,A011RL,13,Residential,2020Q1,Fisher Quantity Index,"Percent change, annual rate",0,11.8,T10101
T10101,A011RL,13,Residential,2020Q2,Fisher Quantity Index,"Percent change, annual rate",0,-25.0,T10101
T10101,A011RL,13,Residential,2020Q3,Fisher Quantity Index,"Percent change, annual rate",0,67.3,T10101
T10101,A011RL,13,Residential,2020Q4,Fisher Quantity Index,"Percent change, annual rate",0,31.4,T10101
T10101,A011RL,13,Residential,2021Q1,Fisher Quantity Index,"Percent change, annual rate",0,5.5,T10101
T10101,A011RL,13,Residential,2021Q2,Fisher Quantity Index,"Percent change, annual rate",0,-4.4,T10101
T10101,A011RL,13,Residential,2021Q3,Fisher Quantity Index,"Percent change, annual rate",0,-0.8,T10101
T10101,A011RL,13,Residential,2021Q4,Fisher Quantity Index,"Percent change, annual rate",0,2.7,T10101
T10101,A011RL,13,Residential,2022Q1,Fisher Quantity Index,"Percent change, annual rate",0,-6.9,T10101
T10101,A011RL,13,Residential,2022Q2,Fisher Quantity Index,"Percent change, annual rate",0,-11.1,T10101
T10101,A011RL,13,Residential,2022Q3,Fisher Quantity Index,"Percent change, annual rate",0,-23.0,T10101
T10101,A011RL,13,Residential,2022Q4,Fisher Quantity Index,"Percent change, annual rate",0,-21.3,T10101
T10101,A011RL,13,Residential,2023Q1,Fisher Quantity Index,"Percent change, annual rate",0,-6.6,T10101
T10101,A011RL,13,Residential,2023Q2,Fisher Quantity Index,"Percent change, annual rate",0,4.2,T10101
T10101,A011RL,13,Residential,2023Q3,Fisher Quantity Index,"Percent change, annual rate",0,11.5,T10101
T10101,A011RL,13,Residential,2023Q4,Fisher Quantity Index,"Percent change, annual rate",0,1.5,T10101
T10101,A011RL,13,Residential,2024Q1,Fisher Quantity Index,"Percent change, annual rate",0,8.2,T10101
T10101,A011RL,13,Residential,2024Q2,Fisher Quantity Index,"Percent change, annual rate",0,-2.0,T10101
T10101,A011RL,13,Residential,2024Q3,Fisher Quantity Index,"Percent change, annual rate",0,-4.8,T10101
T10101,A011RL,13,Residential,2024Q4,Fisher Quantity Index,"Percent change, annual rate",0,4.3,T10101
T10101,A011RL,13,Residential,2025Q1,Fisher Quantity Index,"Percent change, annual rate",0,-1.0,T10101
T10101,A011RL,13,Residential,2025Q2,Fisher Quantity Index,"Percent change, annual rate",0,-5.1,T10101
T10101,A011RL,13,Residential,2025Q3,Fisher Quantity Index,"Percent change, annual rate",0,-7.1,T10101
T10101,A020RL,16,Exports,1947Q2,Fisher Quantity Index,"Percent change, annual rate",0,-4.9,T10101
T10101,A020RL,16,Exports,1947Q3,Fisher Quantity Index,"Percent change, annual rate",0,-18.8,T10101
T10101,A020RL,16,Exports,1947Q4,Fisher Quantity Index,"Percent change, annual rate",0,-38.2,T10101
T10101,A020RL,16,Exports,1948Q1,Fisher Quantity Index,"Percent change, annual rate",0,-17.1,T10101
T10101,A020RL,16,Exports,1948Q2,Fisher Quantity Index,"Percent change, annual rate",0,-32.5,T10101
T10101,A020RL,16,Exports,1948Q3,Fisher Quantity Index,"Percent change, annual rate",0,9.7,T10101
T10101,A020RL,16,Exports,1948Q4,Fisher Quantity Index,"Percent change, annual rate",0,-13.3,T10101
T10101,A020RL,16,Exports,1949Q1,Fisher Quantity Index,"Percent change, annual rate",0,57.0,T10101
T10101,A020RL,16,Exports,1949Q2,Fisher Quantity Index,"Percent change, annual rate",0,-3.4,T10101
T10101,A020RL,16,Exports,1949Q3,Fisher Quantity Index,"Percent change, annual rate",0,-29.4,T10101
T10101,A020RL,16,Exports,1949Q4,Fisher Quantity Index,"Percent change, annual rate",0,-43.8,T10101
T10101,A020RL,16,Exports,1950Q1,Fisher Quantity Index,"Percent change, annual rate",0,-6.4,T10101
T10101,A020RL,16,Exports,1950Q2,Fisher Quantity Index,"Percent change, annual rate",0,4.9,T10101
T10101,A020RL,16,Exports,1950Q3,Fisher Quantity Index,"Percent change, annual rate",0,10.7,T10101
T10101,A020RL,16,Exports,1950Q4,Fisher Quantity Index,"Percent change, annual rate",0,36.5,T10101
T10101,A020RL,16,Exports,1951Q1,Fisher Quantity Index,"Percent change, annual rate",0,21.6,T10101
T10101,A020RL,16,Exports,1951Q2,Fisher Quantity Index,"Percent change, annual rate",0,45.6,T10101
T10101,A020RL,16,Exports,1951Q3,Fisher Quantity Index,"Percent change, annual rate",0,10.2,T10101
T10101,A020RL,16,Exports,1951Q4,Fisher Quantity Index,"Percent change, annual rate",0,-3.8,T10101
T10101,A020RL,16,Exports,1952Q1,Fisher Quantity Index,"Percent change, annual rate",0,23.1,T10101
T10101,A020RL,16,Exports,1952Q2,Fisher Quantity Index,"Percent change, annual rate",0,-37.2,T10101
T10101,A020RL,16,Exports,1952Q3,Fisher Quantity Index,"Percent change, annual rate",0,-28.1,T10101
T10101,A020RL,16,Exports,1952Q4,Fisher Quantity Index,"Percent change, annual rate",0,2.8,T10101
T10101,A020RL,16,Exports,1953Q1,Fisher Quantity Index,"Percent change, annual rate",0,-6.6,T10101
T10101,A020RL,16,Exports,1953Q2,Fisher Quantity Index,"Percent change, annual rate",0,2.5,T10101
T10101,A020RL,16,Exports,1953Q3,Fisher Quantity Index,"Percent change, annual rate",0,17.1,T10101
T10101,A020RL,16,Exports,1953Q4,Fisher Quantity Index,"Percent change, annual rate",0,-12.6,T10101
T10101,A020RL,16,Exports,1954Q1,Fisher Quantity Index,"Percent change, annual rate",0,-16.8,T10101
T10101,A020RL,16,Exports,1954Q2,Fisher Quantity Index,"Percent change, annual rate",0,71.2,T10101
T10101,A020RL,16,Exports,1954Q3,Fisher Quantity Index,"Percent change, annual rate",0,-12.3,T10101
T10101,A020RL,16,Exports,1954Q4,Fisher Quantity Index,"Percent change, annual rate",0,19.8,T10101
T10101,A020RL,16,Exports,1955Q1,Fisher Quantity Index,"Percent change, annual rate",0,15.7,T10101
T10101,A020RL,16,Exports,1955Q2,Fisher Quantity Index,"Percent change, annual rate",0,-9.1,T10101
T10101,A020RL,16,Exports,1955Q3,Fisher Quantity Index,"Percent change, annual rate",0,29.0,T10101
T10101,A020RL,16,Exports,1955Q4,Fisher Quantity Index,"Percent change, annual rate",0,1.8,T10101
T10101,A020RL,16,Exports,1956Q1,Fisher Quantity Index,"Percent change, annual rate",0,20.4,T10101
T10101,A020RL,16,Exports,1956Q2,Fisher Quantity Index,"Percent change, annual rate",0,29.8,T10101
T10101,A020RL,16,Exports,1956Q3,Fisher Quantity Index,"Percent change, annual rate",0,14.1,T10101
T10101,A020RL,16,Exports,1956Q4,Fisher Quantity Index,"Percent change, annual rate",0,19.1,T10101
T10101,A020RL,16,Exports,1957Q1,Fisher Quantity Index,"Percent change, annual rate",0,28.7,T10101
T10101,A020RL,16,Exports,1957Q2,Fisher Quantity Index,"Percent change, annual rate",0,-11.4,T10101
T10101,A020RL,16,Exports,1957Q3,Fisher Quantity Index,"Percent change, annual rate",0,-10.7,T10101
T10101,A020RL,16,Exports,1957Q4,Fisher Quantity Index,"Percent change, annual rate",0,-11.4,T10101
T10101,A020RL,16,Exports,1958Q1,Fisher Quantity Index,"Percent change, annual rate",0,-34.1,T10101
T10101,A020RL,16,Exports,1958Q2,Fisher Quantity Index,"Percent change, annual rate",0,1.8,T10101
T10101,A020RL,16,Exports,1958Q3,Fisher Quantity Index,"Percent change, annual rate",0,1.3,T10101
T10101,A020RL,16,Exports,1958Q4,Fisher Quantity Index,"Percent change, annual rate",0,-1.5,T10101
T10101,A020RL,16,Exports,1959Q1,Fisher Quantity Index,"Percent change, annual rate",0,32.3,T10101
T10101,A020RL,16,Exports,1959Q2,Fisher Quantity Index,"Percent change, annual rate",0,-3.2,T10101
T10101,A020RL,16,Exports,1959Q3,Fisher Quantity Index,"Percent change, annual rate",0,44.5,T10101
T10101,A020RL,16,Exports,1959Q4,Fisher Quantity Index,"Percent change, annual rate",0,-18.4,T10101
T10101,A020RL,16,Exports,1960Q1,Fisher Quantity Index,"Percent change, annual rate",0,62.3,T10101
T10101,A020RL,16,Exports,1960Q2,Fisher Quantity Index,"Percent change, annual rate",0,12.0,T10101
T10101,A020RL,16,Exports,1960Q3,Fisher Quantity Index,"Percent change, annual rate",0,9.0,T10101
T10101,A020RL,16,Exports,1960Q4,Fisher Quantity Index,"Percent change, annual rate",0,2.2,T10101
T10101,A020RL,16,Exports,1961Q1,Fisher Quantity Index,"Percent change, annual rate",0,-2.7,T10101
T10101,A020RL,16,Exports,1961Q2,Fisher Quantity Index,"Percent change, annual rate",0,-17.3,T10101
T10101,A020RL,16,Exports,1961Q3,Fisher Quantity Index,"Percent change, annual rate",0,19.3,T10101
T10101,A020RL,16,Exports,1961Q4,Fisher Quantity Index,"Percent change, annual rate",0,6.7,T10101
T10101,A020RL,16,Exports,1962Q1,Fisher Quantity Index,"Percent change, annual rate",0,-2.3,T10101
T10101,A020RL,16,Exports,1962Q2,Fisher Quantity Index,"Percent change, annual rate",0,25.0,T10101
T10101,A020RL,16,Exports,1962Q3,Fisher Quantity Index,"Percent change, annual rate",0,-0.7,T10101
T10101,A020RL,16,Exports,1962Q4,Fisher Quantity Index,"Percent change, annual rate",0,-12.3,T10101
T10101,A020RL,16,Exports,1963Q1,Fisher Quantity Index,"Percent change, annual rate",0,6.2,T10101
T10101,A020RL,16,Exports,1963Q2,Fisher Quantity Index,"Percent change, annual rate",0,36.0,T10101
T10101,A020RL,16,Exports,1963Q3,Fisher Quantity Index,"Percent change, annual rate",0,-2.0,T10101
T10101,A020RL,16,Exports,1963Q4,Fisher Quantity Index,"Percent change, annual rate",0,16.5,T10101
T10101,A020RL,16,Exports,1964Q1,Fisher Quantity Index,"Percent change, annual rate",0,21.9,T10101
T10101,A020RL,16,Exports,1964Q2,Fisher Quantity Index,"Percent change, annual rate",0,-1.6,T10101
T10101,A020RL,16,Exports,1964Q3,Fisher Quantity Index,"Percent change, annual rate",0,13.1,T10101
T10101,A020RL,16,Exports,1964Q4,Fisher Quantity Index,"Percent change, annual rate",0,8.3,T10101
T10101,A020RL,16,Exports,1965Q1,Fisher Quantity Index,"Percent change, annual rate",0,-39.0,T10101
T10101,A020RL,16,Exports,1965Q2,Fisher Quantity Index,"Percent change, annual rate",0,85.7,T10101
T10101,A020RL,16,Exports,1965Q3,Fisher Quantity Index,"Percent change, annual rate",0,-8.6,T10101
T10101,A020RL,16,Exports,1965Q4,Fisher Quantity Index,"Percent change, annual rate",0,26.7,T10101
T10101,A020RL,16,Exports,1966Q1,Fisher Quantity Index,"Percent change, annual rate",0,-9.5,T10101
T10101,A020RL,16,Exports,1966Q2,Fisher Quantity Index,"Percent change, annual rate",0,12.6,T10101
T10101,A020RL,16,Exports,1966Q3,Fisher Quantity Index,"Percent change, annual rate",0,-4.7,T10101
T10101,A020RL,16,Exports,1966Q4,Fisher Quantity Index,"Percent change, annual rate",0,10.3,T10101
T10101,A020RL,16,Exports,1967Q1,Fisher Quantity Index,"Percent change, annual rate",0,5.0,T10101
T10101,A020RL,16,Exports,1967Q2,Fisher Quantity Index,"Percent change, annual rate",0,-5.2,T10101
T10101,A020RL,16,Exports,1967Q3,Fisher Quantity Index,"Percent change, annual rate",0,-3.2,T10101
T10101,A020RL,16,Exports,1967Q4,Fisher Quantity Index,"Percent change, annual rate",0,7.8,T10101
T10101,A020RL,16,Exports,1968Q1,Fisher Quantity Index,"Percent change, annual rate",0,11.7,T10101
T10101,A020RL,16,Exports,1968Q2,Fisher Quantity Index,"Percent change, annual rate",0,6.9,T10101
T10101,A020RL,16,Exports,1968Q3,Fisher Quantity Index,"Percent change, annual rate",0,31.6,T10101
T10101,A020RL,16,Exports,1968Q4,Fisher Quantity Index,"Percent change, annual rate",0,-8.6,T10101
T10101,A020RL,16,Exports,1969Q1,Fisher Quantity Index,"Percent change, annual rate",0,-39.0,T10101
T10101,A020RL,16,Exports,1969Q2,Fisher Quantity Index,"Percent change, annual rate",0,121.0,T10101
T10101,A020RL,16,Exports,1969Q3,Fisher Quantity Index,"Percent change, annual rate",0,-6.5,T10101
T10101,A020RL,16,Exports,1969Q4,Fisher Quantity Index,"Percent change, annual rate",0,10.8,T10101
T10101,A020RL,16,Exports,1970Q1,Fisher Quantity Index,"Percent change, annual rate",0,5.4,T10101
T10101,A020RL,16,Exports,1970Q2,Fisher Quantity Index,"Percent change, annual rate",0,16.4,T10101
T10101,A020RL,16,Exports,1970Q3,Fisher Quantity Index,"Percent change, annual rate",0,1.6,T10101
T10101,A020RL,16,Exports,1970Q4,Fisher Quantity Index,"Percent change, annual rate",0,0.8,T10101
T10101,A020RL,16,Exports,1971Q1,Fisher Quantity Index,"Percent change, annual rate",0,3.7,T10101
T10101,A020RL,16,Exports,1971Q2,Fisher Quantity Index,"Percent change, annual rate",0,-2.9,T10101
T10101,A020RL,16,Exports,1971Q3,Fisher Quantity Index,"Percent change, annual rate",0,21.5,T10101
T10101,A020RL,16,Exports,1971Q4,Fisher Quantity Index,"Percent change, annual rate",0,-32.1,T10101
T10101,A020RL,16,Exports,1972Q1,Fisher Quantity Index,"Percent change, annual rate",0,53.8,T10101
T10101,A020RL,16,Exports,1972Q2,Fisher Quantity Index,"Percent change, annual rate",0,-11.1,T10101
T10101,A020RL,16,Exports,1972Q3,Fisher Quantity Index,"Percent change, annual rate",0,26.3,T10101
T10101,A020RL,16,Exports,1972Q4,Fisher Quantity Index,"Percent change, annual rate",0,18.1,T10101
T10101,A020RL,16,Exports,1973Q1,Fisher Quantity Index,"Percent change, annual rate",0,32.6,T10101
T10101,A020RL,16,Exports,1973Q2,Fisher Quantity Index,"Percent change, annual rate",0,20.7,T10101
T10101,A020RL,16,Exports,1973Q3,Fisher Quantity Index,"Percent change, annual rate",0,1.4,T10101
T10101,A020RL,16,Exports,1973Q4,Fisher Quantity Index,"Percent change, annual rate",0,21.1,T10101
T10101,A020RL,16,Exports,1974Q1,Fisher Quantity Index,"Percent change, annual rate",0,5.3,T10101
T10101,A020RL,16,Exports,1974Q2,Fisher Quantity Index,"Percent change, annual rate",0,21.0,T10101
T10101,A020RL,16,Exports,1974Q3,Fisher Quantity Index,"Percent change, annual rate",0,-19.9,T10101
T10101,A020RL,16,Exports,1974Q4,Fisher Quantity Index,"Percent change, annual rate",0,10.9,T10101
T10101,A020RL,16,Exports,1975Q1,Fisher Quantity Index,"Percent change, annual rate",0,2.8,T10101
T10101,A020RL,16,Exports,1975Q2,Fisher Quantity Index,"Percent change, annual rate",0,-11.1,T10101
T10101,A020RL,16,Exports,1975Q3,Fisher Quantity Index,"Percent change, annual rate",0,-6.6,T10101
T10101,A020RL,16,Exports,1975Q4,Fisher Quantity Index,"Percent change, annual rate",0,24.6,T10101
T10101,A020RL,16,Exports,1976Q1,Fisher Quantity Index,"Percent change, annual rate",0,-2.7,T10101
T10101,A020RL,16,Exports,1976Q2,Fisher Quantity Index,"Percent change, annual rate",0,4.1,T10101
T10101,A020RL,16,Exports,1976Q3,Fisher Quantity Index,"Percent change, annual rate",0,12.1,T10101
T10101,A020RL,16,Exports,1976Q4,Fisher Quantity Index,"Percent change, annual rate",0,4.1,T10101
T10101,A020RL,16,Exports,1977Q1,Fisher Quantity Index,"Percent change, annual rate",0,-6.3,T10101
T10101,A020RL,16,Exports,1977Q2,Fisher Quantity Index,"Percent change, annual rate",0,11.2,T10101
T10101,A020RL,16,Exports,1977Q3,Fisher Quantity Index,"Percent change, annual rate",0,3.1,T10101
T10101,A020RL,16,Exports,1977Q4,Fisher Quantity Index,"Percent change, annual rate",0,-12.2,T10101
T10101,A020RL,16,Exports,1978Q1,Fisher Quantity Index,"Percent change, annual rate",0,9.8,T10101
T10101,A020RL,16,Exports,1978Q2,Fisher Quantity Index,"Percent change, annual rate",0,48.7,T10101
T10101,A020RL,16,Exports,1978Q3,Fisher Quantity Index,"Percent change, annual rate",0,4.4,T10101
T10101,A020RL,16,Exports,1978Q4,Fisher Quantity Index,"Percent change, annual rate",0,16.8,T10101
T10101,A020RL,16,Exports,1979Q1,Fisher Quantity Index,"Percent change, annual rate",0,0.3,T10101
T10101,A020RL,16,Exports,1979Q2,Fisher Quantity Index,"Percent change, annual rate",0,1.0,T10101
T10101,A020RL,16,Exports,1979Q3,Fisher Quantity Index,"Percent change, annual rate",0,15.2,T10101
T10101,A020RL,16,Exports,1979Q4,Fisher Quantity Index,"Percent change, annual rate",0,27.7,T10101
T10101,A020RL,16,Exports,1980Q1,Fisher Quantity Index,"Percent change, annual rate",0,11.6,T10101
T10101,A020RL,16,Exports,1980Q2,Fisher Quantity Index,"Percent change, annual rate",0,7.8,T10101
T10101,A020RL,16,Exports,1980Q3,Fisher Quantity Index,"Percent change, annual rate",0,-0.9,T10101
T10101,A020RL,16,Exports,1980Q4,Fisher Quantity Index,"Percent change, annual rate",0,-2.4,T10101
T10101,A020RL,16,Exports,1981Q1,Fisher Quantity Index,"Percent change, annual rate",0,7.7,T10101
T10101,A020RL,16,Exports,1981Q2,Fisher Quantity Index,"Percent change, annual rate",0,2.2,T10101
T10101,A020RL,16,Exports,1981Q3,Fisher Quantity Index,"Percent change, annual rate",0,-8.2,T10101
T10101,A020RL,16,Exports,1981Q4,Fisher Quantity Index,"Percent change, annual rate",0,1.8,T10101
T10101,A020RL,16,Exports,1982Q1,Fisher Quantity Index,"Percent change, annual rate",0,-16.3,T10101
T10101,A020RL,16,Exports,1982Q2,Fisher Quantity Index,"Percent change, annual rate",0,2.4,T10101
T10101,A020RL,16,Exports,1982Q3,Fisher Quantity Index,"Percent change, annual rate",0,-16.6,T10101
T10101,A020RL,16,Exports,1982Q4,Fisher Quantity Index,"Percent change, annual rate",0,-17.1,T10101
T10101,A020RL,16,Exports,1983Q1,Fisher Quantity Index,"Percent change, annual rate",0,6.6,T10101
T10101,A020RL,16,Exports,1983Q2,Fisher Quantity Index,"Percent change, annual rate",0,1.2,T10101
T10101,A020RL,16,Exports,1983Q3,Fisher Quantity Index,"Percent change, annual rate",0,6.2,T10101
T10101,A020RL,16,Exports,1983Q4,Fisher Quantity Index,"Percent change, annual rate",0,8.3,T10101
T10101,A020RL,16,Exports,1984Q1,Fisher Quantity Index,"Percent change, annual rate",0,8.6,T10101
T10101,A020RL,16,Exports,1984Q2,Fisher Quantity Index,"Percent change, annual rate",0,10.3,T10101
T10101,A020RL,16,Exports,1984Q3,Fisher Quantity Index,"Percent change, annual rate",0,9.1,T10101
T10101,A020RL,16,Exports,1984Q4,Fisher Quantity Index,"Percent change, annual rate",0,8.4,T10101
T10101,A020RL,16,Exports,1985Q1,Fisher Quantity Index,"Percent change, annual rate",0,1.1,T10101
T10101,A020RL,16,Exports,1985Q2,Fisher Quantity Index,"Percent change, annual rate",0,-0.9,T10101
T10101,A020RL,16,Exports,1985Q3,Fisher Quantity Index,"Percent change, annual rate",0,-5.7,T10101
T10101,A020RL,16,Exports,1985Q4,Fisher Quantity Index,"Percent change, annual rate",0,12.5,T10101
T10101,A020RL,16,Exports,1986Q1,Fisher Quantity Index,"Percent change, annual rate",0,13.1,T10101
T10101,A020RL,16,Exports,1986Q2,Fisher Quantity Index,"Percent change, annual rate",0,4.4,T10101
T10101,A020RL,16,Exports,1986Q3,Fisher Quantity Index,"Percent change, annual rate",0,9.5,T10101
T10101,A020RL,16,Exports,1986Q4,Fisher Quantity Index,"Percent change, annual rate",0,15.8,T10101
T10101,A020RL,16,Exports,1987Q1,Fisher Quantity Index,"Percent change, annual rate",0,0.3,T10101
T10101,A020RL,16,Exports,1987Q2,Fisher Quantity Index,"Percent change, annual rate",0,17.5,T10101
T10101,A020RL,16,Exports,1987Q3,Fisher Quantity Index,"Percent change, annual rate",0,18.5,T10101
T10101,A020RL,16,Exports,1987Q4,Fisher Quantity Index,"Percent change, annual rate",0,15.8,T10101
T10101,A020RL,16,Exports,1988Q1,Fisher Quantity Index,"Percent change, annual rate",0,24.2,T10101
T10101,A020RL,16,Exports,1988Q2,Fisher Quantity Index,"Percent change, annual rate",0,11.7,T10101
T10101,A020RL,16,Exports,1988Q3,Fisher Quantity Index,"Percent change, annual rate",0,8.1,T10101
T10101,A020RL,16,Exports,1988Q4,Fisher Quantity Index,"Percent change, annual rate",0,12.8,T10101
T10101,A020RL,16,Exports,1989Q1,Fisher Quantity Index,"Percent change, annual rate",0,12.5,T10101
T10101,A020RL,16,Exports,1989Q2,Fisher Quantity Index,"Percent change, annual rate",0,18.7,T10101
T10101,A020RL,16,Exports,1989Q3,Fisher Quantity Index,"Percent change, annual rate",0,4.1,T10101
T10101,A020RL,16,Exports,1989Q4,Fisher Quantity Index,"Percent change, annual rate",0,6.2,T10101
T10101,A020RL,16,Exports,1990Q1,Fisher Quantity Index,"Percent change, annual rate",0,18.5,T10101
T10101,A020RL,16,Exports,1990Q2,Fisher Quantity Index,"Percent change, annual rate",0,5.1,T10101
T10101,A020RL,16,Exports,1990Q3,Fisher Quantity Index,"Percent change, annual rate",0,3.1,T10101
T10101,A020RL,16,Exports,1990Q4,Fisher Quantity Index,"Percent change, annual rate",0,3.6,T10101
T10101,A020RL,16,Exports,1991Q1,Fisher Quantity Index,"Percent change, annual rate",0,2.5,T10101
T10101,A020RL,16,Exports,1991Q2,Fisher Quantity Index,"Percent change, annual rate",0,15.4,T10101
T10101,A020RL,16,Exports,1991Q3,Fisher Quantity Index,"Percent change, annual rate",0,9.8,T10101
T10101,A020RL,16,Exports,1991Q4,Fisher Quantity Index,"Percent change, annual rate",0,9.3,T10101
T10101,A020RL,16,Exports,1992Q1,Fisher Quantity Index,"Percent change, annual rate",0,7.4,T10101
T10101,A020RL,16,Exports,1992Q2,Fisher Quantity Index,"Percent change, annual rate",0,0.2,T10101
T10101,A020RL,16,Exports,1992Q3,Fisher Quantity Index,"Percent change, annual rate",0,8.8,T10101
T10101,A020RL,16,Exports,1992Q4,Fisher Quantity Index,"Percent change, annual rate",0,2.0,T10101
T10101,A020RL,16,Exports,1993Q1,Fisher Quantity Index,"Percent change, annual rate",0,0.9,T10101
T10101,A020RL,16,Exports,1993Q2,Fisher Quantity Index,"Percent change, annual rate",0,4.9,T10101
T10101,A020RL,16,Exports,1993Q3,Fisher Quantity Index,"Percent change, annual rate",0,-1.1,T10101
T10101,A020RL,16,Exports,1993Q4,Fisher Quantity Index,"Percent change, annual rate",0,13.5,T10101
T10101,A020RL,16,Exports,1994Q1,Fisher Quantity Index,"Percent change, annual rate",0,4.0,T10101
T10101,A020RL,16,Exports,1994Q2,Fisher Quantity Index,"Percent change, annual rate",0,14.2,T10101
T10101,A020RL,16,Exports,1994Q3,Fisher Quantity Index,"Percent change, annual rate",0,15.8,T10101
T10101,A020RL,16,Exports,1994Q4,Fisher Quantity Index,"Percent change, annual rate",0,9.6,T10101
T10101,A020RL,16,Exports,1995Q1,Fisher Quantity Index,"Percent change, annual rate",0,7.9,T10101
T10101,A020RL,16,Exports,1995Q2,Fisher Quantity Index,"Percent change, annual rate",0,5.7,T10101
T10101,A020RL,16,Exports,1995Q3,Fisher Quantity Index,"Percent change, annual rate",0,18.5,T10101
T10101,A020RL,16,Exports,1995Q4,Fisher Quantity Index,"Percent change, annual rate",0,5.8,T10101
T10101,A020RL,16,Exports,1996Q1,Fisher Quantity Index,"Percent change, annual rate",0,4.9,T10101
T10101,A020RL,16,Exports,1996Q2,Fisher Quantity Index,"Percent change, annual rate",0,6.7,T10101
T10101,A020RL,16,Exports,1996Q3,Fisher Quantity Index,"Percent change, annual rate",0,3.3,T10101
T10101,A020RL,16,Exports,1996Q4,Fisher Quantity Index,"Percent change, annual rate",0,27.4,T10101
T10101,A020RL,16,Exports,1997Q1,Fisher Quantity Index,"Percent change, annual rate",0,7.8,T10101
T10101,A020RL,16,Exports,1997Q2,Fisher Quantity Index,"Percent change, annual rate",0,17.0,T10101
T10101,A020RL,16,Exports,1997Q3,Fisher Quantity Index,"Percent change, annual rate",0,9.6,T10101
T10101,A020RL,16,Exports,1997Q4,Fisher Quantity Index,"Percent change, annual rate",0,-0.6,T10101
T10101,A020RL,16,Exports,1998Q1,Fisher Quantity Index,"Percent change, annual rate",0,1.9,T10101
T10101,A020RL,16,Exports,1998Q2,Fisher Quantity Index,"Percent change, annual rate",0,-4.3,T10101
T10101,A020RL,16,Exports,1998Q3,Fisher Quantity Index,"Percent change, annual rate",0,-1.8,T10101
T10101,A020RL,16,Exports,1998Q4,Fisher Quantity Index,"Percent change, annual rate",0,15.7,T10101
T10101,A020RL,16,Exports,1999Q1,Fisher Quantity Index,"Percent change, annual rate",0,-1.3,T10101
T10101,A020RL,16,Exports,1999Q2,Fisher Quantity Index,"Percent change, annual rate",0,5.1,T10101
T10101,A020RL,16,Exports,1999Q3,Fisher Quantity Index,"Percent change, annual rate",0,12.6,T10101
T10101,A020RL,16,Exports,1999Q4,Fisher Quantity Index,"Percent change, annual rate",0,8.8,T10101
T10101,A020RL,16,Exports,2000Q1,Fisher Quantity Index,"Percent change, annual rate",0,5.9,T10101
T10101,A020RL,16,Exports,2000Q2,Fisher Quantity Index,"Percent change, annual rate",0,12.8,T10101
T10101,A020RL,16,Exports,2000Q3,Fisher Quantity Index,"Percent change, annual rate",0,9.9,T10101
T10101,A020RL,16,Exports,2000Q4,Fisher Quantity Index,"Percent change, annual rate",0,-3.9,T10101
T10101,A020RL,16,Exports,2001Q1,Fisher Quantity Index,"Percent change, annual rate",0,-4.9,T10101
T10101,A020RL,16,Exports,2001Q2,Fisher Quantity Index,"Percent change, annual rate",0,-11.2,T10101
T10101,A020RL,16,Exports,2001Q3,Fisher Quantity Index,"Percent change, annual rate",0,-19.0,T10101
T10101,A020RL,16,Exports,2001Q4,Fisher Quantity Index,"Percent change, annual rate",0,-13.2,T10101
T10101,A020RL,16,Exports,2002Q1,Fisher Quantity Index,"Percent change, annual rate",0,9.0,T10101
T10101,A020RL,16,Exports,2002Q2,Fisher Quantity Index,"Percent change, annual rate",0,12.4,T10101
T10101,A020RL,16,Exports,2002Q3,Fisher Quantity Index,"Percent change, annual rate",0,1.3,T10101
T10101,A020RL,16,Exports,2002Q4,Fisher Quantity Index,"Percent change, annual rate",0,-5.8,T10101
T10101,A020RL,16,Exports,2003Q1,Fisher Quantity Index,"Percent change, annual rate",0,-1.2,T10101
T10101,A020RL,16,Exports,2003Q2,Fisher Quantity Index,"Percent change, annual rate",0,0.7,T10101
T10101,A020RL,16,Exports,2003Q3,Fisher Quantity Index,"Percent change, annual rate",0,11.4,T10101
T10101,A020RL,16,Exports,2003Q4,Fisher Quantity Index,"Percent change, annual rate",0,19.2,T10101
T10101,A020RL,16,Exports,2004Q1,Fisher Quantity Index,"Percent change, annual rate",0,9.4,T10101
T10101,A020RL,16,Exports,2004Q2,Fisher Quantity Index,"Percent change, annual rate",0,8.6,T10101
T10101,A020RL,16,Exports,2004Q3,Fisher Quantity Index,"Percent change, annual rate",0,1.3,T10101
T10101,A020RL,16,Exports,2004Q4,Fisher Quantity Index,"Percent change, annual rate",0,9.8,T10101
T10101,A020RL,16,Exports,2005Q1,Fisher Quantity Index,"Percent change, annual rate",0,7.7,T10101
T10101,A020RL,16,Exports,2005Q2,Fisher Quantity Index,"Percent change, annual rate",0,9.2,T10101
T10101,A020RL,16,Exports,2005Q3,Fisher Quantity Index,"Percent change, annual rate",0,-0.1,T10101
T10101,A020RL,16,Exports,2005Q4,Fisher Quantity Index,"Percent change, annual rate",0,13.0,T10101
T10101,A020RL,16,Exports,2006Q1,Fisher Quantity Index,"Percent change, annual rate",0,17.2,T10101
T10101,A020RL,16,Exports,2006Q2,Fisher Quantity Index,"Percent change, annual rate",0,7.6,T10101
T10101,A020RL,16,Exports,2006Q3,Fisher Quantity Index,"Percent change, annual rate",0,-0.5,T10101
T10101,A020RL,16,Exports,2006Q4,Fisher Quantity Index,"Percent change, annual rate",0,16.1,T10101
T10101,A020RL,16,Exports,2007Q1,Fisher Quantity Index,"Percent change, annual rate",0,8.2,T10101
T10101,A020RL,16,Exports,2007Q2,Fisher Quantity Index,"Percent change, annual rate",0,6.2,T10101
T10101,A020RL,16,Exports,2007Q3,Fisher Quantity Index,"Percent change, annual rate",0,13.1,T10101
T10101,A020RL,16,Exports,2007Q4,Fisher Quantity Index,"Percent change, annual rate",0,9.5,T10101
T10101,A020RL,16,Exports,2008Q1,Fisher Quantity Index,"Percent change, annual rate",0,6.5,T10101
T10101,A020RL,16,Exports,2008Q2,Fisher Quantity Index,"Percent change, annual rate",0,12.3,T10101
T10101,A020RL,16,Exports,2008Q3,Fisher Quantity Index,"Percent change, annual rate",0,-1.8,T10101
T10101,A020RL,16,Exports,2008Q4,Fisher Quantity Index,"Percent change, annual rate",0,-21.5,T10101
T10101,A020RL,16,Exports,2009Q1,Fisher Quantity Index,"Percent change, annual rate",0,-28.3,T10101
T10101,A020RL,16,Exports,2009Q2,Fisher Quantity Index,"Percent change, annual rate",0,2.7,T10101
T10101,A020RL,16,Exports,2009Q3,Fisher Quantity Index,"Percent change, annual rate",0,15.6,T10101
T10101,A020RL,16,Exports,2009Q4,Fisher Quantity Index,"Percent change, annual rate",0,23.9,T10101
T10101,A020RL,16,Exports,2010Q1,Fisher Quantity Index,"Percent change, annual rate",0,9.3,T10101
T10101,A020RL,16,Exports,2010Q2,Fisher Quantity Index,"Percent change, annual rate",0,9.1,T10101
T10101,A020RL,16,Exports,2010Q3,Fisher Quantity Index,"Percent change, annual rate",0,11.9,T10101
T10101,A020RL,16,Exports,2010Q4,Fisher Quantity Index,"Percent change, annual rate",0,11.4,T10101
T10101,A020RL,16,Exports,2011Q1,Fisher Quantity Index,"Percent change, annual rate",0,3.5,T10101
T10101,A020RL,16,Exports,2011Q2,Fisher Quantity Index,"Percent change, annual rate",0,6.9,T10101
T10101,A020RL,16,Exports,2011Q3,Fisher Quantity Index,"Percent change, annual rate",0,5.6,T10101
T10101,A020RL,16,Exports,2011Q4,Fisher Quantity Index,"Percent change, annual rate",0,3.1,T10101
T10101,A020RL,16,Exports,2012Q1,Fisher Quantity Index,"Percent change, annual rate",0,5.0,T10101
T10101,A020RL,16,Exports,2012Q2,Fisher Quantity Index,"Percent change, annual rate",0,4.0,T10101
T10101,A020RL,16,Exports,2012Q3,Fisher Quantity Index,"Percent change, annual rate",0,2.5,T10101
T10101,A020RL,16,Exports,2012Q4,Fisher Quantity Index,"Percent change, annual rate",0,0.4,T10101
T10101,A020RL,16,Exports,2013Q1,Fisher Quantity Index,"Percent change, annual rate",0,2.1,T10101
T10101,A020RL,16,Exports,2013Q2,Fisher Quantity Index,"Percent change, annual rate",0,3.7,T10101
T10101,A020RL,16,Exports,2013Q3,Fisher Quantity Index,"Percent change, annual rate",0,3.5,T10101
T10101,A020RL,16,Exports,2013Q4,Fisher Quantity Index,"Percent change, annual rate",0,12.0,T10101
T10101,A020RL,16,Exports,2014Q1,Fisher Quantity Index,"Percent change, annual rate",0,-3.8,T10101
T10101,A020RL,16,Exports,2014Q2,Fisher Quantity Index,"Percent change, annual rate",0,8.9,T10101
T10101,A020RL,16,Exports,2014Q3,Fisher Quantity Index,"Percent change, annual rate",0,1.7,T10101
T10101,A020RL,16,Exports,2014Q4,Fisher Quantity Index,"Percent change, annual rate",0,3.4,T10101
T10101,A020RL,16,Exports,2015Q1,Fisher Quantity Index,"Percent change, annual rate",0,-3.1,T10101
T10101,A020RL,16,Exports,2015Q2,Fisher Quantity Index,"Percent change, annual rate",0,1.1,T10101
T10101,A020RL,16,Exports,2015Q3,Fisher Quantity Index,"Percent change, annual rate",0,-3.2,T10101
T10101,A020RL,16,Exports,2015Q4,Fisher Quantity Index,"Percent change, annual rate",0,-0.5,T10101
T10101,A020RL,16,Exports,2016Q1,Fisher Quantity Index,"Percent change, annual rate",0,-1.1,T10101
T10101,A020RL,16,Exports,2016Q2,Fisher Quantity Index,"Percent change, annual rate",0,3.1,T10101
T10101,A020RL,16,Exports,2016Q3,Fisher Quantity Index,"Percent change, annual rate",0,6.7,T10101
T10101,A020RL,16,Exports,2016Q4,Fisher Quantity Index,"Percent change, annual rate",0,-3.0,T10101
T10101,A020RL,16,Exports,2017Q1,Fisher Quantity Index,"Percent change, annual rate",0,10.1,T10101
T10101,A020RL,16,Exports,2017Q2,Fisher Quantity Index,"Percent change, annual rate",0,1.4,T10101
T10101,A020RL,16,Exports,2017Q3,Fisher Quantity Index,"Percent change, annual rate",0,2.4,T10101
T10101,A020RL,16,Exports,2017Q4,Fisher Quantity Index,"Percent change, annual rate",0,10.8,T10101
T10101,A020RL,16,Exports,2018Q1,Fisher Quantity Index,"Percent change, annual rate",0,2.6,T10101
T10101,A020RL,16,Exports,2018Q2,Fisher Quantity Index,"Percent change, annual rate",0,2.2,T10101
T10101,A020RL,16,Exports,2018Q3,Fisher Quantity Index,"Percent change, annual rate",0,-4.9,T10101
T10101,A020RL,16,Exports,2018Q4,Fisher Quantity Index,"Percent change, annual rate",0,1.7,T10101
T10101,A020RL,16,Exports,2019Q1,Fisher Quantity Index,"Percent change, annual rate",0,3.8,T10101
T10101,A020RL,16,Exports,2019Q2,Fisher Quantity Index,"Percent change, annual rate",0,-2.0,T10101
T10101,A020RL,16,Exports,2019Q3,Fisher Quantity Index,"Percent change, annual rate",0,0.1,T10101
T10101,A020RL,16,Exports,2019Q4,Fisher Quantity Index,"Percent change, annual rate",0,2.5,T10101
T10101,A020RL,16,Exports,2020Q1,Fisher Quantity Index,"Percent change, annual rate",0,-13.9,T10101
T10101,A020RL,16,Exports,2020Q2,Fisher Quantity Index,"Percent change, annual rate",0,-61.0,T10101
T10101,A020RL,16,Exports,2020Q3,Fisher Quantity Index,"Percent change, annual rate",0,58.3,T10101
T10101,A020RL,16,Exports,2020Q4,Fisher Quantity Index,"Percent change, annual rate",0,26.1,T10101
T10101,A020RL,16,Exports,2021Q1,Fisher Quantity Index,"Percent change, annual rate",0,0.9,T10101
T10101,A020RL,16,Exports,2021Q2,Fisher Quantity Index,"Percent change, annual rate",0,4.1,T10101
T10101,A020RL,16,Exports,2021Q3,Fisher Quantity Index,"Percent change, annual rate",0,-0.3,T10101
T10101,A020RL,16,Exports,2021Q4,Fisher Quantity Index,"Percent change, annual rate",0,25.8,T10101
T10101,A020RL,16,Exports,2022Q1,Fisher Quantity Index,"Percent change, annual rate",0,-4.1,T10101
T10101,A020RL,16,Exports,2022Q2,Fisher Quantity Index,"Percent change, annual rate",0,13.1,T10101
T10101,A020RL,16,Exports,2022Q3,Fisher Quantity Index,"Percent change, annual rate",0,15.0,T10101
T10101,A020RL,16,Exports,2022Q4,Fisher Quantity Index,"Percent change, annual rate",0,-2.9,T10101
T10101,A020RL,16,Exports,2023Q1,Fisher Quantity Index,"Percent change, annual rate",0,3.8,T10101
T10101,A020RL,16,Exports,2023Q2,Fisher Quantity Index,"Percent change, annual rate",0,-5.3,T10101
T10101,A020RL,16,Exports,2023Q3,Fisher Quantity Index,"Percent change, annual rate",0,4.4,T10101
T10101,A020RL,16,Exports,2023Q4,Fisher Quantity Index,"Percent change, annual rate",0,6.1,T10101
T10101,A020RL,16,Exports,2024Q1,Fisher Quantity Index,"Percent change, annual rate",0,4.6,T10101
T10101,A020RL,16,Exports,2024Q2,Fisher Quantity Index,"Percent change, annual rate",0,0.7,T10101
T10101,A020RL,16,Exports,2024Q3,Fisher Quantity Index,"Percent change, annual rate",0,8.9,T10101
T10101,A020RL,16,Exports,2024Q4,Fisher Quantity Index,"Percent change, annual rate",0,-0.9,T10101
T10101,A020RL,16,Exports,2025Q1,Fisher Quantity Index,"Percent change, annual rate",0,0.2,T10101
T10101,A020RL,16,Exports,2025Q2,Fisher Quantity Index,"Percent change, annual rate",0,-1.8,T10101
T10101,A020RL,16,Exports,2025Q3,Fisher Quantity Index,"Percent change, annual rate",0,9.6,T10101
T10101,A253RL,17,Goods,1947Q2,Fisher Quantity Index,"Percent change, annual rate",0,-10.7,T10101
T10101,A253RL,17,Goods,1947Q3,Fisher Quantity Index,"Percent change, annual rate",0,-20.4,T10101
T10101,A253RL,17,Goods,1947Q4,Fisher Quantity Index,"Percent change, annual rate",0,-41.0,T10101
T10101,A253RL,17,Goods,1948Q1,Fisher Quantity Index,"Percent change, annual rate",0,-15.6,T10101
T10101,A253RL,17,Goods,1948Q2,Fisher Quantity Index,"Percent change, annual rate",0,-34.5,T10101
T10101,A253RL,17,Goods,1948Q3,Fisher Quantity Index,"Percent change, annual rate",0,10.6,T10101
T10101,A253RL,17,Goods,1948Q4,Fisher Quantity Index,"Percent change, annual rate",0,-15.0,T10101
T10101,A253RL,17,Goods,1949Q1,Fisher Quantity Index,"Percent change, annual rate",0,64.1,T10101
T10101,A253RL,17,Goods,1949Q2,Fisher Quantity Index,"Percent change, annual rate",0,-5.7,T10101
T10101,A253RL,17,Goods,1949Q3,Fisher Quantity Index,"Percent change, annual rate",0,-28.3,T10101
T10101,A253RL,17,Goods,1949Q4,Fisher Quantity Index,"Percent change, annual rate",0,-44.5,T10101
T10101,A253RL,17,Goods,1950Q1,Fisher Quantity Index,"Percent change, annual rate",0,-12.1,T10101
T10101,A253RL,17,Goods,1950Q2,Fisher Quantity Index,"Percent change, annual rate",0,4.7,T10101
T10101,A253RL,17,Goods,1950Q3,Fisher Quantity Index,"Percent change, annual rate",0,14.1,T10101
T10101,A253RL,17,Goods,1950Q4,Fisher Quantity Index,"Percent change, annual rate",0,37.5,T10101
T10101,A253RL,17,Goods,1951Q1,Fisher Quantity Index,"Percent change, annual rate",0,17.4,T10101
T10101,A253RL,17,Goods,1951Q2,Fisher Quantity Index,"Percent change, annual rate",0,46.2,T10101
T10101,A253RL,17,Goods,1951Q3,Fisher Quantity Index,"Percent change, annual rate",0,9.7,T10101
T10101,A253RL,17,Goods,1951Q4,Fisher Quantity Index,"Percent change, annual rate",0,-7.0,T10101
T10101,A253RL,17,Goods,1952Q1,Fisher Quantity Index,"Percent change, annual rate",0,24.2,T10101
T10101,A253RL,17,Goods,1952Q2,Fisher Quantity Index,"Percent change, annual rate",0,-40.5,T10101
T10101,A253RL,17,Goods,1952Q3,Fisher Quantity Index,"Percent change, annual rate",0,-26.0,T10101
T10101,A253RL,17,Goods,1952Q4,Fisher Quantity Index,"Percent change, annual rate",0,6.3,T10101
T10101,A253RL,17,Goods,1953Q1,Fisher Quantity Index,"Percent change, annual rate",0,-13.6,T10101
T10101,A253RL,17,Goods,1953Q2,Fisher Quantity Index,"Percent change, annual rate",0,7.3,T10101
T10101,A253RL,17,Goods,1953Q3,Fisher Quantity Index,"Percent change, annual rate",0,21.2,T10101
T10101,A253RL,17,Goods,1953Q4,Fisher Quantity Index,"Percent change, annual rate",0,-13.7,T10101
T10101,A253RL,17,Goods,1954Q1,Fisher Quantity Index,"Percent change, annual rate",0,-20.9,T10101
T10101,A253RL,17,Goods,1954Q2,Fisher Quantity Index,"Percent change, annual rate",0,93.3,T10101
T10101,A253RL,17,Goods,1954Q3,Fisher Quantity Index,"Percent change, annual rate",0,-19.0,T10101
T10101,A253RL,17,Goods,1954Q4,Fisher Quantity Index,"Percent change, annual rate",0,24.0,T10101
T10101,A253RL,17,Goods,1955Q1,Fisher Quantity Index,"Percent change, annual rate",0,16.6,T10101
T10101,A253RL,17,Goods,1955Q2,Fisher Quantity Index,"Percent change, annual rate",0,-11.9,T10101
T10101,A253RL,17,Goods,1955Q3,Fisher Quantity Index,"Percent change, annual rate",0,28.6,T10101
T10101,A253RL,17,Goods,1955Q4,Fisher Quantity Index,"Percent change, annual rate",0,1.2,T10101
T10101,A253RL,17,Goods,1956Q1,Fisher Quantity Index,"Percent change, annual rate",0,23.3,T10101
T10101,A253RL,17,Goods,1956Q2,Fisher Quantity Index,"Percent change, annual rate",0,30.8,T10101
T10101,A253RL,17,Goods,1956Q3,Fisher Quantity Index,"Percent change, annual rate",0,16.0,T10101
T10101,A253RL,17,Goods,1956Q4,Fisher Quantity Index,"Percent change, annual rate",0,19.3,T10101
T10101,A253RL,17,Goods,1957Q1,Fisher Quantity Index,"Percent change, annual rate",0,30.7,T10101
T10101,A253RL,17,Goods,1957Q2,Fisher Quantity Index,"Percent change, annual rate",0,-12.4,T10101
T10101,A253RL,17,Goods,1957Q3,Fisher Quantity Index,"Percent change, annual rate",0,-13.0,T10101
T10101,A253RL,17,Goods,1957Q4,Fisher Quantity Index,"Percent change, annual rate",0,-23.7,T10101
T10101,A253RL,17,Goods,1958Q1,Fisher Quantity Index,"Percent change, annual rate",0,-27.2,T10101
T10101,A253RL,17,Goods,1958Q2,Fisher Quantity Index,"Percent change, annual rate",0,-4.1,T10101
T10101,A253RL,17,Goods,1958Q3,Fisher Quantity Index,"Percent change, annual rate",0,2.6,T10101
T10101,A253RL,17,Goods,1958Q4,Fisher Quantity Index,"Percent change, annual rate",0,-4.5,T10101
T10101,A253RL,17,Goods,1959Q1,Fisher Quantity Index,"Percent change, annual rate",0,-20.1,T10101
T10101,A253RL,17,Goods,1959Q2,Fisher Quantity Index,"Percent change, annual rate",0,11.8,T10101
T10101,A253RL,17,Goods,1959Q3,Fisher Quantity Index,"Percent change, annual rate",0,45.8,T10101
T10101,A253RL,17,Goods,1959Q4,Fisher Quantity Index,"Percent change, annual rate",0,-17.3,T10101
T10101,A253RL,17,Goods,1960Q1,Fisher Quantity Index,"Percent change, annual rate",0,80.7,T10101
T10101,A253RL,17,Goods,1960Q2,Fisher Quantity Index,"Percent change, annual rate",0,21.0,T10101
T10101,A253RL,17,Goods,1960Q3,Fisher Quantity Index,"Percent change, annual rate",0,7.2,T10101
T10101,A253RL,17,Goods,1960Q4,Fisher Quantity Index,"Percent change, annual rate",0,0.6,T10101
T10101,A253RL,17,Goods,1961Q1,Fisher Quantity Index,"Percent change, annual rate",0,2.7,T10101
T10101,A253RL,17,Goods,1961Q2,Fisher Quantity Index,"Percent change, annual rate",0,-24.7,T10101
T10101,A253RL,17,Goods,1961Q3,Fisher Quantity Index,"Percent change, annual rate",0,22.4,T10101
T10101,A253RL,17,Goods,1961Q4,Fisher Quantity Index,"Percent change, annual rate",0,7.3,T10101
T10101,A253RL,17,Goods,1962Q1,Fisher Quantity Index,"Percent change, annual rate",0,-4.8,T10101
T10101,A253RL,17,Goods,1962Q2,Fisher Quantity Index,"Percent change, annual rate",0,28.7,T10101
T10101,A253RL,17,Goods,1962Q3,Fisher Quantity Index,"Percent change, annual rate",0,0.8,T10101
T10101,A253RL,17,Goods,1962Q4,Fisher Quantity Index,"Percent change, annual rate",0,-19.3,T10101
T10101,A253RL,17,Goods,1963Q1,Fisher Quantity Index,"Percent change, annual rate",0,1.4,T10101
T10101,A253RL,17,Goods,1963Q2,Fisher Quantity Index,"Percent change, annual rate",0,48.4,T10101
T10101,A253RL,17,Goods,1963Q3,Fisher Quantity Index,"Percent change, annual rate",0,7.2,T10101
T10101,A253RL,17,Goods,1963Q4,Fisher Quantity Index,"Percent change, annual rate",0,20.4,T10101
T10101,A253RL,17,Goods,1964Q1,Fisher Quantity Index,"Percent change, annual rate",0,19.5,T10101
T10101,A253RL,17,Goods,1964Q2,Fisher Quantity Index,"Percent change, annual rate",0,-0.2,T10101
T10101,A253RL,17,Goods,1964Q3,Fisher Quantity Index,"Percent change, annual rate",0,11.8,T10101
T10101,A253RL,17,Goods,1964Q4,Fisher Quantity Index,"Percent change, annual rate",0,8.8,T10101
T10101,A253RL,17,Goods,1965Q1,Fisher Quantity Index,"Percent change, annual rate",0,-46.7,T10101
T10101,A253RL,17,Goods,1965Q2,Fisher Quantity Index,"Percent change, annual rate",0,99.3,T10101
T10101,A253RL,17,Goods,1965Q3,Fisher Quantity Index,"Percent change, annual rate",0,-11.4,T10101
T10101,A253RL,17,Goods,1965Q4,Fisher Quantity Index,"Percent change, annual rate",0,38.6,T10101
T10101,A253RL,17,Goods,1966Q1,Fisher Quantity Index,"Percent change, annual rate",0,-3.8,T10101
T10101,A253RL,17,Goods,1966Q2,Fisher Quantity Index,"Percent change, annual rate",0,-6.1,T10101
T10101,A253RL,17,Goods,1966Q3,Fisher Quantity Index,"Percent change, annual rate",0,1.7,T10101
T10101,A253RL,17,Goods,1966Q4,Fisher Quantity Index,"Percent change, annual rate",0,9.0,T10101
T10101,A253RL,17,Goods,1967Q1,Fisher Quantity Index,"Percent change, annual rate",0,-1.5,T10101
T10101,A253RL,17,Goods,1967Q2,Fisher Quantity Index,"Percent change, annual rate",0,-1.1,T10101
T10101,A253RL,17,Goods,1967Q3,Fisher Quantity Index,"Percent change, annual rate",0,-6.7,T10101
T10101,A253RL,17,Goods,1967Q4,Fisher Quantity Index,"Percent change, annual rate",0,7.9,T10101
T10101,A253RL,17,Goods,1968Q1,Fisher Quantity Index,"Percent change, annual rate",0,14.2,T10101
T10101,A253RL,17,Goods,1968Q2,Fisher Quantity Index,"Percent change, annual rate",0,6.3,T10101
T10101,A253RL,17,Goods,1968Q3,Fisher Quantity Index,"Percent change, annual rate",0,30.7,T10101
T10101,A253RL,17,Goods,1968Q4,Fisher Quantity Index,"Percent change, annual rate",0,-9.0,T10101
T10101,A253RL,17,Goods,1969Q1,Fisher Quantity Index,"Percent change, annual rate",0,-44.0,T10101
T10101,A253RL,17,Goods,1969Q2,Fisher Quantity Index,"Percent change, annual rate",0,156.0,T10101
T10101,A253RL,17,Goods,1969Q3,Fisher Quantity Index,"Percent change, annual rate",0,-9.8,T10101
T10101,A253RL,17,Goods,1969Q4,Fisher Quantity Index,"Percent change, annual rate",0,14.7,T10101
T10101,A253RL,17,Goods,1970Q1,Fisher Quantity Index,"Percent change, annual rate",0,6.2,T10101
T10101,A253RL,17,Goods,1970Q2,Fisher Quantity Index,"Percent change, annual rate",0,11.6,T10101
T10101,A253RL,17,Goods,1970Q3,Fisher Quantity Index,"Percent change, annual rate",0,0.7,T10101
T10101,A253RL,17,Goods,1970Q4,Fisher Quantity Index,"Percent change, annual rate",0,5.1,T10101
T10101,A253RL,17,Goods,1971Q1,Fisher Quantity Index,"Percent change, annual rate",0,-6.2,T10101
T10101,A253RL,17,Goods,1971Q2,Fisher Quantity Index,"Percent change, annual rate",0,-0.7,T10101
T10101,A253RL,17,Goods,1971Q3,Fisher Quantity Index,"Percent change, annual rate",0,30.3,T10101
T10101,A253RL,17,Goods,1971Q4,Fisher Quantity Index,"Percent change, annual rate",0,-42.9,T10101
T10101,A253RL,17,Goods,1972Q1,Fisher Quantity Index,"Percent change, annual rate",0,81.2,T10101
T10101,A253RL,17,Goods,1972Q2,Fisher Quantity Index,"Percent change, annual rate",0,-8.4,T10101
T10101,A253RL,17,Goods,1972Q3,Fisher Quantity Index,"Percent change, annual rate",0,24.1,T10101
T10101,A253RL,17,Goods,1972Q4,Fisher Quantity Index,"Percent change, annual rate",0,30.9,T10101
T10101,A253RL,17,Goods,1973Q1,Fisher Quantity Index,"Percent change, annual rate",0,40.6,T10101
T10101,A253RL,17,Goods,1973Q2,Fisher Quantity Index,"Percent change, annual rate",0,26.0,T10101
T10101,A253RL,17,Goods,1973Q3,Fisher Quantity Index,"Percent change, annual rate",0,-0.4,T10101
T10101,A253RL,17,Goods,1973Q4,Fisher Quantity Index,"Percent change, annual rate",0,34.9,T10101
T10101,A253RL,17,Goods,1974Q1,Fisher Quantity Index,"Percent change, annual rate",0,1.4,T10101
T10101,A253RL,17,Goods,1974Q2,Fisher Quantity Index,"Percent change, annual rate",0,20.8,T10101
T10101,A253RL,17,Goods,1974Q3,Fisher Quantity Index,"Percent change, annual rate",0,-21.6,T10101
T10101,A253RL,17,Goods,1974Q4,Fisher Quantity Index,"Percent change, annual rate",0,7.2,T10101
T10101,A253RL,17,Goods,1975Q1,Fisher Quantity Index,"Percent change, annual rate",0,-0.7,T10101
T10101,A253RL,17,Goods,1975Q2,Fisher Quantity Index,"Percent change, annual rate",0,-18.2,T10101
T10101,A253RL,17,Goods,1975Q3,Fisher Quantity Index,"Percent change, annual rate",0,7.7,T10101
T10101,A253RL,17,Goods,1975Q4,Fisher Quantity Index,"Percent change, annual rate",0,25.7,T10101
T10101,A253RL,17,Goods,1976Q1,Fisher Quantity Index,"Percent change, annual rate",0,-4.4,T10101
T10101,A253RL,17,Goods,1976Q2,Fisher Quantity Index,"Percent change, annual rate",0,2.6,T10101
T10101,A253RL,17,Goods,1976Q3,Fisher Quantity Index,"Percent change, annual rate",0,10.9,T10101
T10101,A253RL,17,Goods,1976Q4,Fisher Quantity Index,"Percent change, annual rate",0,7.1,T10101
T10101,A253RL,17,Goods,1977Q1,Fisher Quantity Index,"Percent change, annual rate",0,-7.4,T10101
T10101,A253RL,17,Goods,1977Q2,Fisher Quantity Index,"Percent change, annual rate",0,10.7,T10101
T10101,A253RL,17,Goods,1977Q3,Fisher Quantity Index,"Percent change, annual rate",0,1.8,T10101
T10101,A253RL,17,Goods,1977Q4,Fisher Quantity Index,"Percent change, annual rate",0,-15.6,T10101
T10101,A253RL,17,Goods,1978Q1,Fisher Quantity Index,"Percent change, annual rate",0,6.5,T10101
T10101,A253RL,17,Goods,1978Q2,Fisher Quantity Index,"Percent change, annual rate",0,63.7,T10101
T10101,A253RL,17,Goods,1978Q3,Fisher Quantity Index,"Percent change, annual rate",0,2.0,T10101
T10101,A253RL,17,Goods,1978Q4,Fisher Quantity Index,"Percent change, annual rate",0,16.6,T10101
T10101,A253RL,17,Goods,1979Q1,Fisher Quantity Index,"Percent change, annual rate",0,-0.9,T10101
T10101,A253RL,17,Goods,1979Q2,Fisher Quantity Index,"Percent change, annual rate",0,1.1,T10101
T10101,A253RL,17,Goods,1979Q3,Fisher Quantity Index,"Percent change, annual rate",0,19.4,T10101
T10101,A253RL,17,Goods,1979Q4,Fisher Quantity Index,"Percent change, annual rate",0,31.8,T10101
T10101,A253RL,17,Goods,1980Q1,Fisher Quantity Index,"Percent change, annual rate",0,16.1,T10101
T10101,A253RL,17,Goods,1980Q2,Fisher Quantity Index,"Percent change, annual rate",0,5.7,T10101
T10101,A253RL,17,Goods,1980Q3,Fisher Quantity Index,"Percent change, annual rate",0,-3.1,T10101
T10101,A253RL,17,Goods,1980Q4,Fisher Quantity Index,"Percent change, annual rate",0,-2.4,T10101
T10101,A253RL,17,Goods,1981Q1,Fisher Quantity Index,"Percent change, annual rate",0,3.0,T10101
T10101,A253RL,17,Goods,1981Q2,Fisher Quantity Index,"Percent change, annual rate",0,1.8,T10101
T10101,A253RL,17,Goods,1981Q3,Fisher Quantity Index,"Percent change, annual rate",0,-10.3,T10101
T10101,A253RL,17,Goods,1981Q4,Fisher Quantity Index,"Percent change, annual rate",0,2.3,T10101
T10101,A253RL,17,Goods,1982Q1,Fisher Quantity Index,"Percent change, annual rate",0,-18.1,T10101
T10101,A253RL,17,Goods,1982Q2,Fisher Quantity Index,"Percent change, annual rate",0,4.7,T10101
T10101,A253RL,17,Goods,1982Q3,Fisher Quantity Index,"Percent change, annual rate",0,-19.6,T10101
T10101,A253RL,17,Goods,1982Q4,Fisher Quantity Index,"Percent change, annual rate",0,-18.4,T10101
T10101,A253RL,17,Goods,1983Q1,Fisher Quantity Index,"Percent change, annual rate",0,8.0,T10101
T10101,A253RL,17,Goods,1983Q2,Fisher Quantity Index,"Percent change, annual rate",0,-2.7,T10101
T10101,A253RL,17,Goods,1983Q3,Fisher Quantity Index,"Percent change, annual rate",0,7.6,T10101
T10101,A253RL,17,Goods,1983Q4,Fisher Quantity Index,"Percent change, annual rate",0,11.6,T10101
T10101,A253RL,17,Goods,1984Q1,Fisher Quantity Index,"Percent change, annual rate",0,0.6,T10101
T10101,A253RL,17,Goods,1984Q2,Fisher Quantity Index,"Percent change, annual rate",0,8.1,T10101
T10101,A253RL,17,Goods,1984Q3,Fisher Quantity Index,"Percent change, annual rate",0,15.1,T10101
T10101,A253RL,17,Goods,1984Q4,Fisher Quantity Index,"Percent change, annual rate",0,10.9,T10101
T10101,A253RL,17,Goods,1985Q1,Fisher Quantity Index,"Percent change, annual rate",0,-0.7,T10101
T10101,A253RL,17,Goods,1985Q2,Fisher Quantity Index,"Percent change, annual rate",0,-2.7,T10101
T10101,A253RL,17,Goods,1985Q3,Fisher Quantity Index,"Percent change, annual rate",0,-5.5,T10101
T10101,A253RL,17,Goods,1985Q4,Fisher Quantity Index,"Percent change, annual rate",0,11.9,T10101
T10101,A253RL,17,Goods,1986Q1,Fisher Quantity Index,"Percent change, annual rate",0,0.3,T10101
T10101,A253RL,17,Goods,1986Q2,Fisher Quantity Index,"Percent change, annual rate",0,9.5,T10101
T10101,A253RL,17,Goods,1986Q3,Fisher Quantity Index,"Percent change, annual rate",0,7.5,T10101
T10101,A253RL,17,Goods,1986Q4,Fisher Quantity Index,"Percent change, annual rate",0,22.2,T10101
T10101,A253RL,17,Goods,1987Q1,Fisher Quantity Index,"Percent change, annual rate",0,-2.6,T10101
T10101,A253RL,17,Goods,1987Q2,Fisher Quantity Index,"Percent change, annual rate",0,20.6,T10101
T10101,A253RL,17,Goods,1987Q3,Fisher Quantity Index,"Percent change, annual rate",0,21.7,T10101
T10101,A253RL,17,Goods,1987Q4,Fisher Quantity Index,"Percent change, annual rate",0,15.9,T10101
T10101,A253RL,17,Goods,1988Q1,Fisher Quantity Index,"Percent change, annual rate",0,28.4,T10101
T10101,A253RL,17,Goods,1988Q2,Fisher Quantity Index,"Percent change, annual rate",0,11.9,T10101
T10101,A253RL,17,Goods,1988Q3,Fisher Quantity Index,"Percent change, annual rate",0,6.3,T10101
T10101,A253RL,17,Goods,1988Q4,Fisher Quantity Index,"Percent change, annual rate",0,15.8,T10101
T10101,A253RL,17,Goods,1989Q1,Fisher Quantity Index,"Percent change, annual rate",0,8.5,T10101
T10101,A253RL,17,Goods,1989Q2,Fisher Quantity Index,"Percent change, annual rate",0,23.3,T10101
T10101,A253RL,17,Goods,1989Q3,Fisher Quantity Index,"Percent change, annual rate",0,3.3,T10101
T10101,A253RL,17,Goods,1989Q4,Fisher Quantity Index,"Percent change, annual rate",0,3.8,T10101
T10101,A253RL,17,Goods,1990Q1,Fisher Quantity Index,"Percent change, annual rate",0,20.3,T10101
T10101,A253RL,17,Goods,1990Q2,Fisher Quantity Index,"Percent change, annual rate",0,4.0,T10101
T10101,A253RL,17,Goods,1990Q3,Fisher Quantity Index,"Percent change, annual rate",0,3.9,T10101
T10101,A253RL,17,Goods,1990Q4,Fisher Quantity Index,"Percent change, annual rate",0,-0.1,T10101
T10101,A253RL,17,Goods,1991Q1,Fisher Quantity Index,"Percent change, annual rate",0,10.5,T10101
T10101,A253RL,17,Goods,1991Q2,Fisher Quantity Index,"Percent change, annual rate",0,8.9,T10101
T10101,A253RL,17,Goods,1991Q3,Fisher Quantity Index,"Percent change, annual rate",0,9.5,T10101
T10101,A253RL,17,Goods,1991Q4,Fisher Quantity Index,"Percent change, annual rate",0,9.1,T10101
T10101,A253RL,17,Goods,1992Q1,Fisher Quantity Index,"Percent change, annual rate",0,9.8,T10101
T10101,A253RL,17,Goods,1992Q2,Fisher Quantity Index,"Percent change, annual rate",0,-0.2,T10101
T10101,A253RL,17,Goods,1992Q3,Fisher Quantity Index,"Percent change, annual rate",0,12.7,T10101
T10101,A253RL,17,Goods,1992Q4,Fisher Quantity Index,"Percent change, annual rate",0,3.0,T10101
T10101,A253RL,17,Goods,1993Q1,Fisher Quantity Index,"Percent change, annual rate",0,-1.7,T10101
T10101,A253RL,17,Goods,1993Q2,Fisher Quantity Index,"Percent change, annual rate",0,5.2,T10101
T10101,A253RL,17,Goods,1993Q3,Fisher Quantity Index,"Percent change, annual rate",0,-3.1,T10101
T10101,A253RL,17,Goods,1993Q4,Fisher Quantity Index,"Percent change, annual rate",0,17.9,T10101
T10101,A253RL,17,Goods,1994Q1,Fisher Quantity Index,"Percent change, annual rate",0,0.2,T10101
T10101,A253RL,17,Goods,1994Q2,Fisher Quantity Index,"Percent change, annual rate",0,16.6,T10101
T10101,A253RL,17,Goods,1994Q3,Fisher Quantity Index,"Percent change, annual rate",0,22.6,T10101
T10101,A253RL,17,Goods,1994Q4,Fisher Quantity Index,"Percent change, annual rate",0,9.5,T10101
T10101,A253RL,17,Goods,1995Q1,Fisher Quantity Index,"Percent change, annual rate",0,10.5,T10101
T10101,A253RL,17,Goods,1995Q2,Fisher Quantity Index,"Percent change, annual rate",0,5.4,T10101
T10101,A253RL,17,Goods,1995Q3,Fisher Quantity Index,"Percent change, annual rate",0,18.1,T10101
T10101,A253RL,17,Goods,1995Q4,Fisher Quantity Index,"Percent change, annual rate",0,5.0,T10101
T10101,A253RL,17,Goods,1996Q1,Fisher Quantity Index,"Percent change, annual rate",0,7.8,T10101
T10101,A253RL,17,Goods,1996Q2,Fisher Quantity Index,"Percent change, annual rate",0,5.0,T10101
T10101,A253RL,17,Goods,1996Q3,Fisher Quantity Index,"Percent change, annual rate",0,8.8,T10101
T10101,A253RL,17,Goods,1996Q4,Fisher Quantity Index,"Percent change, annual rate",0,24.2,T10101
T10101,A253RL,17,Goods,1997Q1,Fisher Quantity Index,"Percent change, annual rate",0,13.0,T10101
T10101,A253RL,17,Goods,1997Q2,Fisher Quantity Index,"Percent change, annual rate",0,22.0,T10101
T10101,A253RL,17,Goods,1997Q3,Fisher Quantity Index,"Percent change, annual rate",0,11.5,T10101
T10101,A253RL,17,Goods,1997Q4,Fisher Quantity Index,"Percent change, annual rate",0,-0.3,T10101
T10101,A253RL,17,Goods,1998Q1,Fisher Quantity Index,"Percent change, annual rate",0,2.4,T10101
T10101,A253RL,17,Goods,1998Q2,Fisher Quantity Index,"Percent change, annual rate",0,-10.4,T10101
T10101,A253RL,17,Goods,1998Q3,Fisher Quantity Index,"Percent change, annual rate",0,0.2,T10101
T10101,A253RL,17,Goods,1998Q4,Fisher Quantity Index,"Percent change, annual rate",0,18.8,T10101
T10101,A253RL,17,Goods,1999Q1,Fisher Quantity Index,"Percent change, annual rate",0,-6.3,T10101
T10101,A253RL,17,Goods,1999Q2,Fisher Quantity Index,"Percent change, annual rate",0,5.9,T10101
T10101,A253RL,17,Goods,1999Q3,Fisher Quantity Index,"Percent change, annual rate",0,11.3,T10101
T10101,A253RL,17,Goods,1999Q4,Fisher Quantity Index,"Percent change, annual rate",0,12.6,T10101
T10101,A253RL,17,Goods,2000Q1,Fisher Quantity Index,"Percent change, annual rate",0,7.9,T10101
T10101,A253RL,17,Goods,2000Q2,Fisher Quantity Index,"Percent change, annual rate",0,11.9,T10101
T10101,A253RL,17,Goods,2000Q3,Fisher Quantity Index,"Percent change, annual rate",0,15.7,T10101
T10101,A253RL,17,Goods,2000Q4,Fisher Quantity Index,"Percent change, annual rate",0,-6.1,T10101
T10101,A253RL,17,Goods,2001Q1,Fisher Quantity Index,"Percent change, annual rate",0,-5.6,T10101
T10101,A253RL,17,Goods,2001Q2,Fisher Quantity Index,"Percent change, annual rate",0,-15.6,T10101
T10101,A253RL,17,Goods,2001Q3,Fisher Quantity Index,"Percent change, annual rate",0,-20.6,T10101
T10101,A253RL,17,Goods,2001Q4,Fisher Quantity Index,"Percent change, annual rate",0,-8.8,T10101
T10101,A253RL,17,Goods,2002Q1,Fisher Quantity Index,"Percent change, annual rate",0,0.4,T10101
T10101,A253RL,17,Goods,2002Q2,Fisher Quantity Index,"Percent change, annual rate",0,14.0,T10101
T10101,A253RL,17,Goods,2002Q3,Fisher Quantity Index,"Percent change, annual rate",0,2.5,T10101
T10101,A253RL,17,Goods,2002Q4,Fisher Quantity Index,"Percent change, annual rate",0,-9.4,T10101
T10101,A253RL,17,Goods,2003Q1,Fisher Quantity Index,"Percent change, annual rate",0,4.9,T10101
T10101,A253RL,17,Goods,2003Q2,Fisher Quantity Index,"Percent change, annual rate",0,0.4,T10101
T10101,A253RL,17,Goods,2003Q3,Fisher Quantity Index,"Percent change, annual rate",0,9.6,T10101
T10101,A253RL,17,Goods,2003Q4,Fisher Quantity Index,"Percent change, annual rate",0,19.3,T10101
T10101,A253RL,17,Goods,2004Q1,Fisher Quantity Index,"Percent change, annual rate",0,7.2,T10101
T10101,A253RL,17,Goods,2004Q2,Fisher Quantity Index,"Percent change, annual rate",0,7.7,T10101
T10101,A253RL,17,Goods,2004Q3,Fisher Quantity Index,"Percent change, annual rate",0,4.8,T10101
T10101,A253RL,17,Goods,2004Q4,Fisher Quantity Index,"Percent change, annual rate",0,7.2,T10101
T10101,A253RL,17,Goods,2005Q1,Fisher Quantity Index,"Percent change, annual rate",0,7.7,T10101
T10101,A253RL,17,Goods,2005Q2,Fisher Quantity Index,"Percent change, annual rate",0,13.2,T10101
T10101,A253RL,17,Goods,2005Q3,Fisher Quantity Index,"Percent change, annual rate",0,0.5,T10101
T10101,A253RL,17,Goods,2005Q4,Fisher Quantity Index,"Percent change, annual rate",0,12.5,T10101
T10101,A253RL,17,Goods,2006Q1,Fisher Quantity Index,"Percent change, annual rate",0,19.0,T10101
T10101,A253RL,17,Goods,2006Q2,Fisher Quantity Index,"Percent change, annual rate",0,7.1,T10101
T10101,A253RL,17,Goods,2006Q3,Fisher Quantity Index,"Percent change, annual rate",0,1.5,T10101
T10101,A253RL,17,Goods,2006Q4,Fisher Quantity Index,"Percent change, annual rate",0,12.5,T10101
T10101,A253RL,17,Goods,2007Q1,Fisher Quantity Index,"Percent change, annual rate",0,4.1,T10101
T10101,A253RL,17,Goods,2007Q2,Fisher Quantity Index,"Percent change, annual rate",0,5.7,T10101
T10101,A253RL,17,Goods,2007Q3,Fisher Quantity Index,"Percent change, annual rate",0,11.4,T10101
T10101,A253RL,17,Goods,2007Q4,Fisher Quantity Index,"Percent change, annual rate",0,8.9,T10101
T10101,A253RL,17,Goods,2008Q1,Fisher Quantity Index,"Percent change, annual rate",0,7.8,T10101
T10101,A253RL,17,Goods,2008Q2,Fisher Quantity Index,"Percent change, annual rate",0,14.4,T10101
T10101,A253RL,17,Goods,2008Q3,Fisher Quantity Index,"Percent change, annual rate",0,0.3,T10101
T10101,A253RL,17,Goods,2008Q4,Fisher Quantity Index,"Percent change, annual rate",0,-28.1,T10101
T10101,A253RL,17,Goods,2009Q1,Fisher Quantity Index,"Percent change, annual rate",0,-35.6,T10101
T10101,A253RL,17,Goods,2009Q2,Fisher Quantity Index,"Percent change, annual rate",0,-2.2,T10101
T10101,A253RL,17,Goods,2009Q3,Fisher Quantity Index,"Percent change, annual rate",0,21.1,T10101
T10101,A253RL,17,Goods,2009Q4,Fisher Quantity Index,"Percent change, annual rate",0,30.7,T10101
T10101,A253RL,17,Goods,2010Q1,Fisher Quantity Index,"Percent change, annual rate",0,12.3,T10101
T10101,A253RL,17,Goods,2010Q2,Fisher Quantity Index,"Percent change, annual rate",0,12.1,T10101
T10101,A253RL,17,Goods,2010Q3,Fisher Quantity Index,"Percent change, annual rate",0,9.8,T10101
T10101,A253RL,17,Goods,2010Q4,Fisher Quantity Index,"Percent change, annual rate",0,12.2,T10101
T10101,A253RL,17,Goods,2011Q1,Fisher Quantity Index,"Percent change, annual rate",0,4.4,T10101
T10101,A253RL,17,Goods,2011Q2,Fisher Quantity Index,"Percent change, annual rate",0,6.2,T10101
T10101,A253RL,17,Goods,2011Q3,Fisher Quantity Index,"Percent change, annual rate",0,3.8,T10101
T10101,A253RL,17,Goods,2011Q4,Fisher Quantity Index,"Percent change, annual rate",0,8.9,T10101
T10101,A253RL,17,Goods,2012Q1,Fisher Quantity Index,"Percent change, annual rate",0,2.0,T10101
T10101,A253RL,17,Goods,2012Q2,Fisher Quantity Index,"Percent change, annual rate",0,5.0,T10101
T10101,A253RL,17,Goods,2012Q3,Fisher Quantity Index,"Percent change, annual rate",0,2.4,T10101
T10101,A253RL,17,Goods,2012Q4,Fisher Quantity Index,"Percent change, annual rate",0,-4.0,T10101
T10101,A253RL,17,Goods,2013Q1,Fisher Quantity Index,"Percent change, annual rate",0,2.7,T10101
T10101,A253RL,17,Goods,2013Q2,Fisher Quantity Index,"Percent change, annual rate",0,6.4,T10101
T10101,A253RL,17,Goods,2013Q3,Fisher Quantity Index,"Percent change, annual rate",0,2.2,T10101
T10101,A253RL,17,Goods,2013Q4,Fisher Quantity Index,"Percent change, annual rate",0,16.3,T10101
T10101,A253RL,17,Goods,2014Q1,Fisher Quantity Index,"Percent change, annual rate",0,-6.8,T10101
T10101,A253RL,17,Goods,2014Q2,Fisher Quantity Index,"Percent change, annual rate",0,10.9,T10101
T10101,A253RL,17,Goods,2014Q3,Fisher Quantity Index,"Percent change, annual rate",0,4.0,T10101
T10101,A253RL,17,Goods,2014Q4,Fisher Quantity Index,"Percent change, annual rate",0,3.4,T10101
T10101,A253RL,17,Goods,2015Q1,Fisher Quantity Index,"Percent change, annual rate",0,-7.4,T10101
T10101,A253RL,17,Goods,2015Q2,Fisher Quantity Index,"Percent change, annual rate",0,2.6,T10101
T10101,A253RL,17,Goods,2015Q3,Fisher Quantity Index,"Percent change, annual rate",0,-3.9,T10101
T10101,A253RL,17,Goods,2015Q4,Fisher Quantity Index,"Percent change, annual rate",0,-2.3,T10101
T10101,A253RL,17,Goods,2016Q1,Fisher Quantity Index,"Percent change, annual rate",0,2.0,T10101
T10101,A253RL,17,Goods,2016Q2,Fisher Quantity Index,"Percent change, annual rate",0,0.0,T10101
T10101,A253RL,17,Goods,2016Q3,Fisher Quantity Index,"Percent change, annual rate",0,7.4,T10101
T10101,A253RL,17,Goods,2016Q4,Fisher Quantity Index,"Percent change, annual rate",0,0.4,T10101
T10101,A253RL,17,Goods,2017Q1,Fisher Quantity Index,"Percent change, annual rate",0,9.1,T10101
T10101,A253RL,17,Goods,2017Q2,Fisher Quantity Index,"Percent change, annual rate",0,-1.1,T10101
T10101,A253RL,17,Goods,2017Q3,Fisher Quantity Index,"Percent change, annual rate",0,1.7,T10101
T10101,A253RL,17,Goods,2017Q4,Fisher Quantity Index,"Percent change, annual rate",0,15.5,T10101
T10101,A253RL,17,Goods,2018Q1,Fisher Quantity Index,"Percent change, annual rate",0,1.9,T10101
T10101,A253RL,17,Goods,2018Q2,Fisher Quantity Index,"Percent change, annual rate",0,9.1,T10101
T10101,A253RL,17,Goods,2018Q3,Fisher Quantity Index,"Percent change, annual rate",0,-7.8,T10101
T10101,A253RL,17,Goods,2018Q4,Fisher Quantity Index,"Percent change, annual rate",0,3.8,T10101
T10101,A253RL,17,Goods,2019Q1,Fisher Quantity Index,"Percent change, annual rate",0,3.6,T10101
T10101,A253RL,17,Goods,2019Q2,Fisher Quantity Index,"Percent change, annual rate",0,-7.4,T10101
T10101,A253RL,17,Goods,2019Q3,Fisher Quantity Index,"Percent change, annual rate",0,3.2,T10101
T10101,A253RL,17,Goods,2019Q4,Fisher Quantity Index,"Percent change, annual rate",0,1.8,T10101
T10101,A253RL,17,Goods,2020Q1,Fisher Quantity Index,"Percent change, annual rate",0,-5.5,T10101
T10101,A253RL,17,Goods,2020Q2,Fisher Quantity Index,"Percent change, annual rate",0,-66.5,T10101
T10101,A253RL,17,Goods,2020Q3,Fisher Quantity Index,"Percent change, annual rate",0,105.3,T10101
T10101,A253RL,17,Goods,2020Q4,Fisher Quantity Index,"Percent change, annual rate",0,28.0,T10101
T10101,A253RL,17,Goods,2021Q1,Fisher Quantity Index,"Percent change, annual rate",0,-1.0,T10101
T10101,A253RL,17,Goods,2021Q2,Fisher Quantity Index,"Percent change, annual rate",0,1.8,T10101
T10101,A253RL,17,Goods,2021Q3,Fisher Quantity Index,"Percent change, annual rate",0,-4.0,T10101
T10101,A253RL,17,Goods,2021Q4,Fisher Quantity Index,"Percent change, annual rate",0,28.4,T10101
T10101,A253RL,17,Goods,2022Q1,Fisher Quantity Index,"Percent change, annual rate",0,-8.4,T10101
T10101,A253RL,17,Goods,2022Q2,Fisher Quantity Index,"Percent change, annual rate",0,12.8,T10101
T10101,A253RL,17,Goods,2022Q3,Fisher Quantity Index,"Percent change, annual rate",0,16.9,T10101
T10101,A253RL,17,Goods,2022Q4,Fisher Quantity Index,"Percent change, annual rate",0,-5.6,T10101
T10101,A253RL,17,Goods,2023Q1,Fisher Quantity Index,"Percent change, annual rate",0,6.1,T10101
T10101,A253RL,17,Goods,2023Q2,Fisher Quantity Index,"Percent change, annual rate",0,-10.4,T10101
T10101,A253RL,17,Goods,2023Q3,Fisher Quantity Index,"Percent change, annual rate",0,6.0,T10101
T10101,A253RL,17,Goods,2023Q4,Fisher Quantity Index,"Percent change, annual rate",0,6.4,T10101
T10101,A253RL,17,Goods,2024Q1,Fisher Quantity Index,"Percent change, annual rate",0,-0.1,T10101
T10101,A253RL,17,Goods,2024Q2,Fisher Quantity Index,"Percent change, annual rate",0,0.4,T10101
T10101,A253RL,17,Goods,2024Q3,Fisher Quantity Index,"Percent change, annual rate",0,8.4,T10101
T10101,A253RL,17,Goods,2024Q4,Fisher Quantity Index,"Percent change, annual rate",0,-3.9,T10101
T10101,A253RL,17,Goods,2025Q1,Fisher Quantity Index,"Percent change, annual rate",0,6.3,T10101
T10101,A253RL,17,Goods,2025Q2,Fisher Quantity Index,"Percent change, annual rate",0,-4.7,T10101
T10101,A253RL,17,Goods,2025Q3,Fisher Quantity Index,"Percent change, annual rate",0,8.5,T10101
T10101,A646RL,18,Services,1947Q2,Fisher Quantity Index,"Percent change, annual rate",0,38.4,T10101
T10101,A646RL,18,Services,1947Q3,Fisher Quantity Index,"Percent change, annual rate",0,-8.5,T10101
T10101,A646RL,18,Services,1947Q4,Fisher Quantity Index,"Percent change, annual rate",0,-17.0,T10101
T10101,A646RL,18,Services,1948Q1,Fisher Quantity Index,"Percent change, annual rate",0,-25.6,T10101
T10101,A646RL,18,Services,1948Q2,Fisher Quantity Index,"Percent change, annual rate",0,-18.5,T10101
T10101,A646RL,18,Services,1948Q3,Fisher Quantity Index,"Percent change, annual rate",0,3.9,T10101
T10101,A646RL,18,Services,1948Q4,Fisher Quantity Index,"Percent change, annual rate",0,-3.5,T10101
T10101,A646RL,18,Services,1949Q1,Fisher Quantity Index,"Percent change, annual rate",0,23.6,T10101
T10101,A646RL,18,Services,1949Q2,Fisher Quantity Index,"Percent change, annual rate",0,10.2,T10101
T10101,A646RL,18,Services,1949Q3,Fisher Quantity Index,"Percent change, annual rate",0,-35.3,T10101
T10101,A646RL,18,Services,1949Q4,Fisher Quantity Index,"Percent change, annual rate",0,-40.4,T10101
T10101,A646RL,18,Services,1950Q1,Fisher Quantity Index,"Percent change, annual rate",0,26.6,T10101
T10101,A646RL,18,Services,1950Q2,Fisher Quantity Index,"Percent change, annual rate",0,6.0,T10101
T10101,A646RL,18,Services,1950Q3,Fisher Quantity Index,"Percent change, annual rate",0,-2.9,T10101
T10101,A646RL,18,Services,1950Q4,Fisher Quantity Index,"Percent change, annual rate",0,31.5,T10101
T10101,A646RL,18,Services,1951Q1,Fisher Quantity Index,"Percent change, annual rate",0,45.0,T10101
T10101,A646RL,18,Services,1951Q2,Fisher Quantity Index,"Percent change, annual rate",0,42.0,T10101
T10101,A646RL,18,Services,1951Q3,Fisher Quantity Index,"Percent change, annual rate",0,12.4,T10101
T10101,A646RL,18,Services,1951Q4,Fisher Quantity Index,"Percent change, annual rate",0,14.6,T10101
T10101,A646RL,18,Services,1952Q1,Fisher Quantity Index,"Percent change, annual rate",0,16.9,T10101
T10101,A646RL,18,Services,1952Q2,Fisher Quantity Index,"Percent change, annual rate",0,-19.9,T10101
T10101,A646RL,18,Services,1952Q3,Fisher Quantity Index,"Percent change, annual rate",0,-36.4,T10101
T10101,A646RL,18,Services,1952Q4,Fisher Quantity Index,"Percent change, annual rate",0,-11.7,T10101
T10101,A646RL,18,Services,1953Q1,Fisher Quantity Index,"Percent change, annual rate",0,30.2,T10101
T10101,A646RL,18,Services,1953Q2,Fisher Quantity Index,"Percent change, annual rate",0,-15.3,T10101
T10101,A646RL,18,Services,1953Q3,Fisher Quantity Index,"Percent change, annual rate",0,0.5,T10101
T10101,A646RL,18,Services,1953Q4,Fisher Quantity Index,"Percent change, annual rate",0,-7.3,T10101
T10101,A646RL,18,Services,1954Q1,Fisher Quantity Index,"Percent change, annual rate",0,2.8,T10101
T10101,A646RL,18,Services,1954Q2,Fisher Quantity Index,"Percent change, annual rate",0,-0.5,T10101
T10101,A646RL,18,Services,1954Q3,Fisher Quantity Index,"Percent change, annual rate",0,26.1,T10101
T10101,A646RL,18,Services,1954Q4,Fisher Quantity Index,"Percent change, annual rate",0,2.9,T10101
T10101,A646RL,18,Services,1955Q1,Fisher Quantity Index,"Percent change, annual rate",0,11.8,T10101
T10101,A646RL,18,Services,1955Q2,Fisher Quantity Index,"Percent change, annual rate",0,5.4,T10101
T10101,A646RL,18,Services,1955Q3,Fisher Quantity Index,"Percent change, annual rate",0,30.4,T10101
T10101,A646RL,18,Services,1955Q4,Fisher Quantity Index,"Percent change, annual rate",0,4.6,T10101
T10101,A646RL,18,Services,1956Q1,Fisher Quantity Index,"Percent change, annual rate",0,7.8,T10101
T10101,A646RL,18,Services,1956Q2,Fisher Quantity Index,"Percent change, annual rate",0,25.0,T10101
T10101,A646RL,18,Services,1956Q3,Fisher Quantity Index,"Percent change, annual rate",0,5.6,T10101
T10101,A646RL,18,Services,1956Q4,Fisher Quantity Index,"Percent change, annual rate",0,18.7,T10101
T10101,A646RL,18,Services,1957Q1,Fisher Quantity Index,"Percent change, annual rate",0,19.4,T10101
T10101,A646RL,18,Services,1957Q2,Fisher Quantity Index,"Percent change, annual rate",0,-6.1,T10101
T10101,A646RL,18,Services,1957Q3,Fisher Quantity Index,"Percent change, annual rate",0,0.8,T10101
T10101,A646RL,18,Services,1957Q4,Fisher Quantity Index,"Percent change, annual rate",0,61.9,T10101
T10101,A646RL,18,Services,1958Q1,Fisher Quantity Index,"Percent change, annual rate",0,-55.5,T10101
T10101,A646RL,18,Services,1958Q2,Fisher Quantity Index,"Percent change, annual rate",0,29.8,T10101
T10101,A646RL,18,Services,1958Q3,Fisher Quantity Index,"Percent change, annual rate",0,-4.2,T10101
T10101,A646RL,18,Services,1958Q4,Fisher Quantity Index,"Percent change, annual rate",0,12.5,T10101
T10101,A646RL,18,Services,1959Q1,Fisher Quantity Index,"Percent change, annual rate",0,510.6,T10101
T10101,A646RL,18,Services,1959Q2,Fisher Quantity Index,"Percent change, annual rate",0,-33.7,T10101
T10101,A646RL,18,Services,1959Q3,Fisher Quantity Index,"Percent change, annual rate",0,40.4,T10101
T10101,A646RL,18,Services,1959Q4,Fisher Quantity Index,"Percent change, annual rate",0,-21.1,T10101
T10101,A646RL,18,Services,1960Q1,Fisher Quantity Index,"Percent change, annual rate",0,20.3,T10101
T10101,A646RL,18,Services,1960Q2,Fisher Quantity Index,"Percent change, annual rate",0,-11.6,T10101
T10101,A646RL,18,Services,1960Q3,Fisher Quantity Index,"Percent change, annual rate",0,14.9,T10101
T10101,A646RL,18,Services,1960Q4,Fisher Quantity Index,"Percent change, annual rate",0,7.0,T10101
T10101,A646RL,18,Services,1961Q1,Fisher Quantity Index,"Percent change, annual rate",0,-18.3,T10101
T10101,A646RL,18,Services,1961Q2,Fisher Quantity Index,"Percent change, annual rate",0,11.1,T10101
T10101,A646RL,18,Services,1961Q3,Fisher Quantity Index,"Percent change, annual rate",0,10.0,T10101
T10101,A646RL,18,Services,1961Q4,Fisher Quantity Index,"Percent change, annual rate",0,4.7,T10101
T10101,A646RL,18,Services,1962Q1,Fisher Quantity Index,"Percent change, annual rate",0,5.5,T10101
T10101,A646RL,18,Services,1962Q2,Fisher Quantity Index,"Percent change, annual rate",0,14.6,T10101
T10101,A646RL,18,Services,1962Q3,Fisher Quantity Index,"Percent change, annual rate",0,-4.8,T10101
T10101,A646RL,18,Services,1962Q4,Fisher Quantity Index,"Percent change, annual rate",0,11.6,T10101
T10101,A646RL,18,Services,1963Q1,Fisher Quantity Index,"Percent change, annual rate",0,20.5,T10101
T10101,A646RL,18,Services,1963Q2,Fisher Quantity Index,"Percent change, annual rate",0,6.4,T10101
T10101,A646RL,18,Services,1963Q3,Fisher Quantity Index,"Percent change, annual rate",0,-25.6,T10101
T10101,A646RL,18,Services,1963Q4,Fisher Quantity Index,"Percent change, annual rate",0,5.1,T10101
T10101,A646RL,18,Services,1964Q1,Fisher Quantity Index,"Percent change, annual rate",0,29.7,T10101
T10101,A646RL,18,Services,1964Q2,Fisher Quantity Index,"Percent change, annual rate",0,-6.0,T10101
T10101,A646RL,18,Services,1964Q3,Fisher Quantity Index,"Percent change, annual rate",0,17.6,T10101
T10101,A646RL,18,Services,1964Q4,Fisher Quantity Index,"Percent change, annual rate",0,7.0,T10101
T10101,A646RL,18,Services,1965Q1,Fisher Quantity Index,"Percent change, annual rate",0,-8.0,T10101
T10101,A646RL,18,Services,1965Q2,Fisher Quantity Index,"Percent change, annual rate",0,50.3,T10101
T10101,A646RL,18,Services,1965Q3,Fisher Quantity Index,"Percent change, annual rate",0,0.5,T10101
T10101,A646RL,18,Services,1965Q4,Fisher Quantity Index,"Percent change, annual rate",0,-3.8,T10101
T10101,A646RL,18,Services,1966Q1,Fisher Quantity Index,"Percent change, annual rate",0,-26.6,T10101
T10101,A646RL,18,Services,1966Q2,Fisher Quantity Index,"Percent change, annual rate",0,100.9,T10101
T10101,A646RL,18,Services,1966Q3,Fisher Quantity Index,"Percent change, annual rate",0,-21.9,T10101
T10101,A646RL,18,Services,1966Q4,Fisher Quantity Index,"Percent change, annual rate",0,14.4,T10101
T10101,A646RL,18,Services,1967Q1,Fisher Quantity Index,"Percent change, annual rate",0,27.7,T10101
T10101,A646RL,18,Services,1967Q2,Fisher Quantity Index,"Percent change, annual rate",0,-16.7,T10101
T10101,A646RL,18,Services,1967Q3,Fisher Quantity Index,"Percent change, annual rate",0,8.1,T10101
T10101,A646RL,18,Services,1967Q4,Fisher Quantity Index,"Percent change, annual rate",0,7.3,T10101
T10101,A646RL,18,Services,1968Q1,Fisher Quantity Index,"Percent change, annual rate",0,4.6,T10101
T10101,A646RL,18,Services,1968Q2,Fisher Quantity Index,"Percent change, annual rate",0,8.6,T10101
T10101,A646RL,18,Services,1968Q3,Fisher Quantity Index,"Percent change, annual rate",0,34.4,T10101
T10101,A646RL,18,Services,1968Q4,Fisher Quantity Index,"Percent change, annual rate",0,-7.4,T10101
T10101,A646RL,18,Services,1969Q1,Fisher Quantity Index,"Percent change, annual rate",0,-22.5,T10101
T10101,A646RL,18,Services,1969Q2,Fisher Quantity Index,"Percent change, annual rate",0,44.9,T10101
T10101,A646RL,18,Services,1969Q3,Fisher Quantity Index,"Percent change, annual rate",0,4.0,T10101
T10101,A646RL,18,Services,1969Q4,Fisher Quantity Index,"Percent change, annual rate",0,0.1,T10101
T10101,A646RL,18,Services,1970Q1,Fisher Quantity Index,"Percent change, annual rate",0,2.8,T10101
T10101,A646RL,18,Services,1970Q2,Fisher Quantity Index,"Percent change, annual rate",0,32.9,T10101
T10101,A646RL,18,Services,1970Q3,Fisher Quantity Index,"Percent change, annual rate",0,4.3,T10101
T10101,A646RL,18,Services,1970Q4,Fisher Quantity Index,"Percent change, annual rate",0,-11.0,T10101
T10101,A646RL,18,Services,1971Q1,Fisher Quantity Index,"Percent change, annual rate",0,39.0,T10101
T10101,A646RL,18,Services,1971Q2,Fisher Quantity Index,"Percent change, annual rate",0,-8.8,T10101
T10101,A646RL,18,Services,1971Q3,Fisher Quantity Index,"Percent change, annual rate",0,-0.7,T10101
T10101,A646RL,18,Services,1971Q4,Fisher Quantity Index,"Percent change, annual rate",0,8.4,T10101
T10101,A646RL,18,Services,1972Q1,Fisher Quantity Index,"Percent change, annual rate",0,-0.2,T10101
T10101,A646RL,18,Services,1972Q2,Fisher Quantity Index,"Percent change, annual rate",0,-18.7,T10101
T10101,A646RL,18,Services,1972Q3,Fisher Quantity Index,"Percent change, annual rate",0,32.7,T10101
T10101,A646RL,18,Services,1972Q4,Fisher Quantity Index,"Percent change, annual rate",0,-13.3,T10101
T10101,A646RL,18,Services,1973Q1,Fisher Quantity Index,"Percent change, annual rate",0,9.3,T10101
T10101,A646RL,18,Services,1973Q2,Fisher Quantity Index,"Percent change, annual rate",0,3.1,T10101
T10101,A646RL,18,Services,1973Q3,Fisher Quantity Index,"Percent change, annual rate",0,8.1,T10101
T10101,A646RL,18,Services,1973Q4,Fisher Quantity Index,"Percent change, annual rate",0,-22.6,T10101
T10101,A646RL,18,Services,1974Q1,Fisher Quantity Index,"Percent change, annual rate",0,24.1,T10101
T10101,A646RL,18,Services,1974Q2,Fisher Quantity Index,"Percent change, annual rate",0,20.9,T10101
T10101,A646RL,18,Services,1974Q3,Fisher Quantity Index,"Percent change, annual rate",0,-12.1,T10101
T10101,A646RL,18,Services,1974Q4,Fisher Quantity Index,"Percent change, annual rate",0,28.6,T10101
T10101,A646RL,18,Services,1975Q1,Fisher Quantity Index,"Percent change, annual rate",0,19.2,T10101
T10101,A646RL,18,Services,1975Q2,Fisher Quantity Index,"Percent change, annual rate",0,24.0,T10101
T10101,A646RL,18,Services,1975Q3,Fisher Quantity Index,"Percent change, annual rate",0,-48.4,T10101
T10101,A646RL,18,Services,1975Q4,Fisher Quantity Index,"Percent change, annual rate",0,19.8,T10101
T10101,A646RL,18,Services,1976Q1,Fisher Quantity Index,"Percent change, annual rate",0,5.4,T10101
T10101,A646RL,18,Services,1976Q2,Fisher Quantity Index,"Percent change, annual rate",0,10.8,T10101
T10101,A646RL,18,Services,1976Q3,Fisher Quantity Index,"Percent change, annual rate",0,17.7,T10101
T10101,A646RL,18,Services,1976Q4,Fisher Quantity Index,"Percent change, annual rate",0,-7.5,T10101
T10101,A646RL,18,Services,1977Q1,Fisher Quantity Index,"Percent change, annual rate",0,-1.4,T10101
T10101,A646RL,18,Services,1977Q2,Fisher Quantity Index,"Percent change, annual rate",0,13.3,T10101
T10101,A646RL,18,Services,1977Q3,Fisher Quantity Index,"Percent change, annual rate",0,8.9,T10101
T10101,A646RL,18,Services,1977Q4,Fisher Quantity Index,"Percent change, annual rate",0,2.6,T10101
T10101,A646RL,18,Services,1978Q1,Fisher Quantity Index,"Percent change, annual rate",0,22.9,T10101
T10101,A646RL,18,Services,1978Q2,Fisher Quantity Index,"Percent change, annual rate",0,1.6,T10101
T10101,A646RL,18,Services,1978Q3,Fisher Quantity Index,"Percent change, annual rate",0,15.4,T10101
T10101,A646RL,18,Services,1978Q4,Fisher Quantity Index,"Percent change, annual rate",0,17.8,T10101
T10101,A646RL,18,Services,1979Q1,Fisher Quantity Index,"Percent change, annual rate",0,5.6,T10101
T10101,A646RL,18,Services,1979Q2,Fisher Quantity Index,"Percent change, annual rate",0,0.7,T10101
T10101,A646RL,18,Services,1979Q3,Fisher Quantity Index,"Percent change, annual rate",0,-1.5,T10101
T10101,A646RL,18,Services,1979Q4,Fisher Quantity Index,"Percent change, annual rate",0,10.7,T10101
T10101,A646RL,18,Services,1980Q1,Fisher Quantity Index,"Percent change, annual rate",0,-6.9,T10101
T10101,A646RL,18,Services,1980Q2,Fisher Quantity Index,"Percent change, annual rate",0,17.6,T10101
T10101,A646RL,18,Services,1980Q3,Fisher Quantity Index,"Percent change, annual rate",0,10.1,T10101
T10101,A646RL,18,Services,1980Q4,Fisher Quantity Index,"Percent change, annual rate",0,-2.5,T10101
T10101,A646RL,18,Services,1981Q1,Fisher Quantity Index,"Percent change, annual rate",0,31.1,T10101
T10101,A646RL,18,Services,1981Q2,Fisher Quantity Index,"Percent change, annual rate",0,3.8,T10101
T10101,A646RL,18,Services,1981Q3,Fisher Quantity Index,"Percent change, annual rate",0,0.6,T10101
T10101,A646RL,18,Services,1981Q4,Fisher Quantity Index,"Percent change, annual rate",0,0.0,T10101
T10101,A646RL,18,Services,1982Q1,Fisher Quantity Index,"Percent change, annual rate",0,-8.7,T10101
T10101,A646RL,18,Services,1982Q2,Fisher Quantity Index,"Percent change, annual rate",0,-5.9,T10101
T10101,A646RL,18,Services,1982Q3,Fisher Quantity Index,"Percent change, annual rate",0,-4.4,T10101
T10101,A646RL,18,Services,1982Q4,Fisher Quantity Index,"Percent change, annual rate",0,-12.2,T10101
T10101,A646RL,18,Services,1983Q1,Fisher Quantity Index,"Percent change, annual rate",0,2.1,T10101
T10101,A646RL,18,Services,1983Q2,Fisher Quantity Index,"Percent change, annual rate",0,15.3,T10101
T10101,A646RL,18,Services,1983Q3,Fisher Quantity Index,"Percent change, annual rate",0,1.3,T10101
T10101,A646RL,18,Services,1983Q4,Fisher Quantity Index,"Percent change, annual rate",0,-2.4,T10101
T10101,A646RL,18,Services,1984Q1,Fisher Quantity Index,"Percent change, annual rate",0,40.7,T10101
T10101,A646RL,18,Services,1984Q2,Fisher Quantity Index,"Percent change, annual rate",0,17.6,T10101
T10101,A646RL,18,Services,1984Q3,Fisher Quantity Index,"Percent change, annual rate",0,-8.2,T10101
T10101,A646RL,18,Services,1984Q4,Fisher Quantity Index,"Percent change, annual rate",0,0.6,T10101
T10101,A646RL,18,Services,1985Q1,Fisher Quantity Index,"Percent change, annual rate",0,7.2,T10101
T10101,A646RL,18,Services,1985Q2,Fisher Quantity Index,"Percent change, annual rate",0,5.3,T10101
T10101,A646RL,18,Services,1985Q3,Fisher Quantity Index,"Percent change, annual rate",0,-6.2,T10101
T10101,A646RL,18,Services,1985Q4,Fisher Quantity Index,"Percent change, annual rate",0,14.0,T10101
T10101,A646RL,18,Services,1986Q1,Fisher Quantity Index,"Percent change, annual rate",0,56.4,T10101
T10101,A646RL,18,Services,1986Q2,Fisher Quantity Index,"Percent change, annual rate",0,-7.7,T10101
T10101,A646RL,18,Services,1986Q3,Fisher Quantity Index,"Percent change, annual rate",0,14.9,T10101
T10101,A646RL,18,Services,1986Q4,Fisher Quantity Index,"Percent change, annual rate",0,0.6,T10101
T10101,A646RL,18,Services,1987Q1,Fisher Quantity Index,"Percent change, annual rate",0,8.6,T10101
T10101,A646RL,18,Services,1987Q2,Fisher Quantity Index,"Percent change, annual rate",0,9.7,T10101
T10101,A646RL,18,Services,1987Q3,Fisher Quantity Index,"Percent change, annual rate",0,10.3,T10101
T10101,A646RL,18,Services,1987Q4,Fisher Quantity Index,"Percent change, annual rate",0,15.3,T10101
T10101,A646RL,18,Services,1988Q1,Fisher Quantity Index,"Percent change, annual rate",0,12.6,T10101
T10101,A646RL,18,Services,1988Q2,Fisher Quantity Index,"Percent change, annual rate",0,10.9,T10101
T10101,A646RL,18,Services,1988Q3,Fisher Quantity Index,"Percent change, annual rate",0,13.6,T10101
T10101,A646RL,18,Services,1988Q4,Fisher Quantity Index,"Percent change, annual rate",0,4.3,T10101
T10101,A646RL,18,Services,1989Q1,Fisher Quantity Index,"Percent change, annual rate",0,25.2,T10101
T10101,A646RL,18,Services,1989Q2,Fisher Quantity Index,"Percent change, annual rate",0,6.2,T10101
T10101,A646RL,18,Services,1989Q3,Fisher Quantity Index,"Percent change, annual rate",0,6.7,T10101
T10101,A646RL,18,Services,1989Q4,Fisher Quantity Index,"Percent change, annual rate",0,13.3,T10101
T10101,A646RL,18,Services,1990Q1,Fisher Quantity Index,"Percent change, annual rate",0,13.7,T10101
T10101,A646RL,18,Services,1990Q2,Fisher Quantity Index,"Percent change, annual rate",0,8.1,T10101
T10101,A646RL,18,Services,1990Q3,Fisher Quantity Index,"Percent change, annual rate",0,0.9,T10101
T10101,A646RL,18,Services,1990Q4,Fisher Quantity Index,"Percent change, annual rate",0,13.9,T10101
T10101,A646RL,18,Services,1991Q1,Fisher Quantity Index,"Percent change, annual rate",0,-16.1,T10101
T10101,A646RL,18,Services,1991Q2,Fisher Quantity Index,"Percent change, annual rate",0,34.9,T10101
T10101,A646RL,18,Services,1991Q3,Fisher Quantity Index,"Percent change, annual rate",0,10.5,T10101
T10101,A646RL,18,Services,1991Q4,Fisher Quantity Index,"Percent change, annual rate",0,9.7,T10101
T10101,A646RL,18,Services,1992Q1,Fisher Quantity Index,"Percent change, annual rate",0,1.6,T10101
T10101,A646RL,18,Services,1992Q2,Fisher Quantity Index,"Percent change, annual rate",0,1.2,T10101
T10101,A646RL,18,Services,1992Q3,Fisher Quantity Index,"Percent change, annual rate",0,-0.7,T10101
T10101,A646RL,18,Services,1992Q4,Fisher Quantity Index,"Percent change, annual rate",0,-0.4,T10101
T10101,A646RL,18,Services,1993Q1,Fisher Quantity Index,"Percent change, annual rate",0,8.0,T10101
T10101,A646RL,18,Services,1993Q2,Fisher Quantity Index,"Percent change, annual rate",0,3.9,T10101
T10101,A646RL,18,Services,1993Q3,Fisher Quantity Index,"Percent change, annual rate",0,4.1,T10101
T10101,A646RL,18,Services,1993Q4,Fisher Quantity Index,"Percent change, annual rate",0,3.2,T10101
T10101,A646RL,18,Services,1994Q1,Fisher Quantity Index,"Percent change, annual rate",0,14.0,T10101
T10101,A646RL,18,Services,1994Q2,Fisher Quantity Index,"Percent change, annual rate",0,8.5,T10101
T10101,A646RL,18,Services,1994Q3,Fisher Quantity Index,"Percent change, annual rate",0,0.2,T10101
T10101,A646RL,18,Services,1994Q4,Fisher Quantity Index,"Percent change, annual rate",0,9.6,T10101
T10101,A646RL,18,Services,1995Q1,Fisher Quantity Index,"Percent change, annual rate",0,1.3,T10101
T10101,A646RL,18,Services,1995Q2,Fisher Quantity Index,"Percent change, annual rate",0,6.7,T10101
T10101,A646RL,18,Services,1995Q3,Fisher Quantity Index,"Percent change, annual rate",0,19.6,T10101
T10101,A646RL,18,Services,1995Q4,Fisher Quantity Index,"Percent change, annual rate",0,8.1,T10101
T10101,A646RL,18,Services,1996Q1,Fisher Quantity Index,"Percent change, annual rate",0,-2.3,T10101
T10101,A646RL,18,Services,1996Q2,Fisher Quantity Index,"Percent change, annual rate",0,11.1,T10101
T10101,A646RL,18,Services,1996Q3,Fisher Quantity Index,"Percent change, annual rate",0,-10.0,T10101
T10101,A646RL,18,Services,1996Q4,Fisher Quantity Index,"Percent change, annual rate",0,36.0,T10101
T10101,A646RL,18,Services,1997Q1,Fisher Quantity Index,"Percent change, annual rate",0,-4.6,T10101
T10101,A646RL,18,Services,1997Q2,Fisher Quantity Index,"Percent change, annual rate",0,4.3,T10101
T10101,A646RL,18,Services,1997Q3,Fisher Quantity Index,"Percent change, annual rate",0,4.4,T10101
T10101,A646RL,18,Services,1997Q4,Fisher Quantity Index,"Percent change, annual rate",0,-1.3,T10101
T10101,A646RL,18,Services,1998Q1,Fisher Quantity Index,"Percent change, annual rate",0,0.3,T10101
T10101,A646RL,18,Services,1998Q2,Fisher Quantity Index,"Percent change, annual rate",0,14.2,T10101
T10101,A646RL,18,Services,1998Q3,Fisher Quantity Index,"Percent change, annual rate",0,-6.9,T10101
T10101,A646RL,18,Services,1998Q4,Fisher Quantity Index,"Percent change, annual rate",0,8.1,T10101
T10101,A646RL,18,Services,1999Q1,Fisher Quantity Index,"Percent change, annual rate",0,12.9,T10101
T10101,A646RL,18,Services,1999Q2,Fisher Quantity Index,"Percent change, annual rate",0,2.9,T10101
T10101,A646RL,18,Services,1999Q3,Fisher Quantity Index,"Percent change, annual rate",0,15.9,T10101
T10101,A646RL,18,Services,1999Q4,Fisher Quantity Index,"Percent change, annual rate",0,-0.1,T10101
T10101,A646RL,18,Services,2000Q1,Fisher Quantity Index,"Percent change, annual rate",0,0.8,T10101
T10101,A646RL,18,Services,2000Q2,Fisher Quantity Index,"Percent change, annual rate",0,15.0,T10101
T10101,A646RL,18,Services,2000Q3,Fisher Quantity Index,"Percent change, annual rate",0,-3.9,T10101
T10101,A646RL,18,Services,2000Q4,Fisher Quantity Index,"Percent change, annual rate",0,2.1,T10101
T10101,A646RL,18,Services,2001Q1,Fisher Quantity Index,"Percent change, annual rate",0,-3.2,T10101
T10101,A646RL,18,Services,2001Q2,Fisher Quantity Index,"Percent change, annual rate",0,1.3,T10101
T10101,A646RL,18,Services,2001Q3,Fisher Quantity Index,"Percent change, annual rate",0,-14.7,T10101
T10101,A646RL,18,Services,2001Q4,Fisher Quantity Index,"Percent change, annual rate",0,-23.6,T10101
T10101,A646RL,18,Services,2002Q1,Fisher Quantity Index,"Percent change, annual rate",0,34.1,T10101
T10101,A646RL,18,Services,2002Q2,Fisher Quantity Index,"Percent change, annual rate",0,8.8,T10101
T10101,A646RL,18,Services,2002Q3,Fisher Quantity Index,"Percent change, annual rate",0,-1.7,T10101
T10101,A646RL,18,Services,2002Q4,Fisher Quantity Index,"Percent change, annual rate",0,3.5,T10101
T10101,A646RL,18,Services,2003Q1,Fisher Quantity Index,"Percent change, annual rate",0,-14.7,T10101
T10101,A646RL,18,Services,2003Q2,Fisher Quantity Index,"Percent change, annual rate",0,1.4,T10101
T10101,A646RL,18,Services,2003Q3,Fisher Quantity Index,"Percent change, annual rate",0,15.8,T10101
T10101,A646RL,18,Services,2003Q4,Fisher Quantity Index,"Percent change, annual rate",0,19.0,T10101
T10101,A646RL,18,Services,2004Q1,Fisher Quantity Index,"Percent change, annual rate",0,14.7,T10101
T10101,A646RL,18,Services,2004Q2,Fisher Quantity Index,"Percent change, annual rate",0,10.9,T10101
T10101,A646RL,18,Services,2004Q3,Fisher Quantity Index,"Percent change, annual rate",0,-6.4,T10101
T10101,A646RL,18,Services,2004Q4,Fisher Quantity Index,"Percent change, annual rate",0,16.4,T10101
T10101,A646RL,18,Services,2005Q1,Fisher Quantity Index,"Percent change, annual rate",0,7.7,T10101
T10101,A646RL,18,Services,2005Q2,Fisher Quantity Index,"Percent change, annual rate",0,0.3,T10101
T10101,A646RL,18,Services,2005Q3,Fisher Quantity Index,"Percent change, annual rate",0,-1.4,T10101
T10101,A646RL,18,Services,2005Q4,Fisher Quantity Index,"Percent change, annual rate",0,14.3,T10101
T10101,A646RL,18,Services,2006Q1,Fisher Quantity Index,"Percent change, annual rate",0,13.1,T10101
T10101,A646RL,18,Services,2006Q2,Fisher Quantity Index,"Percent change, annual rate",0,8.8,T10101
T10101,A646RL,18,Services,2006Q3,Fisher Quantity Index,"Percent change, annual rate",0,-5.2,T10101
T10101,A646RL,18,Services,2006Q4,Fisher Quantity Index,"Percent change, annual rate",0,25.4,T10101
T10101,A646RL,18,Services,2007Q1,Fisher Quantity Index,"Percent change, annual rate",0,18.5,T10101
T10101,A646RL,18,Services,2007Q2,Fisher Quantity Index,"Percent change, annual rate",0,7.3,T10101
T10101,A646RL,18,Services,2007Q3,Fisher Quantity Index,"Percent change, annual rate",0,17.1,T10101
T10101,A646RL,18,Services,2007Q4,Fisher Quantity Index,"Percent change, annual rate",0,10.9,T10101
T10101,A646RL,18,Services,2008Q1,Fisher Quantity Index,"Percent change, annual rate",0,3.6,T10101
T10101,A646RL,18,Services,2008Q2,Fisher Quantity Index,"Percent change, annual rate",0,7.4,T10101
T10101,A646RL,18,Services,2008Q3,Fisher Quantity Index,"Percent change, annual rate",0,-6.6,T10101
T10101,A646RL,18,Services,2008Q4,Fisher Quantity Index,"Percent change, annual rate",0,-3.4,T10101
T10101,A646RL,18,Services,2009Q1,Fisher Quantity Index,"Percent change, annual rate",0,-10.0,T10101
T10101,A646RL,18,Services,2009Q2,Fisher Quantity Index,"Percent change, annual rate",0,13.0,T10101
T10101,A646RL,18,Services,2009Q3,Fisher Quantity Index,"Percent change, annual rate",0,5.6,T10101
T10101,A646RL,18,Services,2009Q4,Fisher Quantity Index,"Percent change, annual rate",0,11.0,T10101
T10101,A646RL,18,Services,2010Q1,Fisher Quantity Index,"Percent change, annual rate",0,3.3,T10101
T10101,A646RL,18,Services,2010Q2,Fisher Quantity Index,"Percent change, annual rate",0,2.9,T10101
T10101,A646RL,18,Services,2010Q3,Fisher Quantity Index,"Percent change, annual rate",0,16.6,T10101
T10101,A646RL,18,Services,2010Q4,Fisher Quantity Index,"Percent change, annual rate",0,9.7,T10101
T10101,A646RL,18,Services,2011Q1,Fisher Quantity Index,"Percent change, annual rate",0,1.5,T10101
T10101,A646RL,18,Services,2011Q2,Fisher Quantity Index,"Percent change, annual rate",0,8.7,T10101
T10101,A646RL,18,Services,2011Q3,Fisher Quantity Index,"Percent change, annual rate",0,9.8,T10101
T10101,A646RL,18,Services,2011Q4,Fisher Quantity Index,"Percent change, annual rate",0,-9.1,T10101
T10101,A646RL,18,Services,2012Q1,Fisher Quantity Index,"Percent change, annual rate",0,12.2,T10101
T10101,A646RL,18,Services,2012Q2,Fisher Quantity Index,"Percent change, annual rate",0,1.8,T10101
T10101,A646RL,18,Services,2012Q3,Fisher Quantity Index,"Percent change, annual rate",0,2.6,T10101
T10101,A646RL,18,Services,2012Q4,Fisher Quantity Index,"Percent change, annual rate",0,10.8,T10101
T10101,A646RL,18,Services,2013Q1,Fisher Quantity Index,"Percent change, annual rate",0,0.7,T10101
T10101,A646RL,18,Services,2013Q2,Fisher Quantity Index,"Percent change, annual rate",0,-2.0,T10101
T10101,A646RL,18,Services,2013Q3,Fisher Quantity Index,"Percent change, annual rate",0,6.3,T10101
T10101,A646RL,18,Services,2013Q4,Fisher Quantity Index,"Percent change, annual rate",0,3.3,T10101
T10101,A646RL,18,Services,2014Q1,Fisher Quantity Index,"Percent change, annual rate",0,3.0,T10101
T10101,A646RL,18,Services,2014Q2,Fisher Quantity Index,"Percent change, annual rate",0,4.8,T10101
T10101,A646RL,18,Services,2014Q3,Fisher Quantity Index,"Percent change, annual rate",0,-3.2,T10101
T10101,A646RL,18,Services,2014Q4,Fisher Quantity Index,"Percent change, annual rate",0,3.4,T10101
T10101,A646RL,18,Services,2015Q1,Fisher Quantity Index,"Percent change, annual rate",0,6.2,T10101
T10101,A646RL,18,Services,2015Q2,Fisher Quantity Index,"Percent change, annual rate",0,-1.7,T10101
T10101,A646RL,18,Services,2015Q3,Fisher Quantity Index,"Percent change, annual rate",0,-1.7,T10101
T10101,A646RL,18,Services,2015Q4,Fisher Quantity Index,"Percent change, annual rate",0,2.9,T10101
T10101,A646RL,18,Services,2016Q1,Fisher Quantity Index,"Percent change, annual rate",0,-6.8,T10101
T10101,A646RL,18,Services,2016Q2,Fisher Quantity Index,"Percent change, annual rate",0,9.1,T10101
T10101,A646RL,18,Services,2016Q3,Fisher Quantity Index,"Percent change, annual rate",0,5.2,T10101
T10101,A646RL,18,Services,2016Q4,Fisher Quantity Index,"Percent change, annual rate",0,-8.8,T10101
T10101,A646RL,18,Services,2017Q1,Fisher Quantity Index,"Percent change, annual rate",0,12.1,T10101
T10101,A646RL,18,Services,2017Q2,Fisher Quantity Index,"Percent change, annual rate",0,6.0,T10101
T10101,A646RL,18,Services,2017Q3,Fisher Quantity Index,"Percent change, annual rate",0,3.6,T10101
T10101,A646RL,18,Services,2017Q4,Fisher Quantity Index,"Percent change, annual rate",0,2.6,T10101
T10101,A646RL,18,Services,2018Q1,Fisher Quantity Index,"Percent change, annual rate",0,4.0,T10101
T10101,A646RL,18,Services,2018Q2,Fisher Quantity Index,"Percent change, annual rate",0,-9.8,T10101
T10101,A646RL,18,Services,2018Q3,Fisher Quantity Index,"Percent change, annual rate",0,1.0,T10101
T10101,A646RL,18,Services,2018Q4,Fisher Quantity Index,"Percent change, annual rate",0,-2.3,T10101
T10101,A646RL,18,Services,2019Q1,Fisher Quantity Index,"Percent change, annual rate",0,4.3,T10101
T10101,A646RL,18,Services,2019Q2,Fisher Quantity Index,"Percent change, annual rate",0,8.9,T10101
T10101,A646RL,18,Services,2019Q3,Fisher Quantity Index,"Percent change, annual rate",0,-5.4,T10101
T10101,A646RL,18,Services,2019Q4,Fisher Quantity Index,"Percent change, annual rate",0,3.7,T10101
T10101,A646RL,18,Services,2020Q1,Fisher Quantity Index,"Percent change, annual rate",0,-27.7,T10101
T10101,A646RL,18,Services,2020Q2,Fisher Quantity Index,"Percent change, annual rate",0,-48.9,T10101
T10101,A646RL,18,Services,2020Q3,Fisher Quantity Index,"Percent change, annual rate",0,-2.0,T10101
T10101,A646RL,18,Services,2020Q4,Fisher Quantity Index,"Percent change, annual rate",0,22.1,T10101
T10101,A646RL,18,Services,2021Q1,Fisher Quantity Index,"Percent change, annual rate",0,4.7,T10101
T10101,A646RL,18,Services,2021Q2,Fisher Quantity Index,"Percent change, annual rate",0,8.9,T10101
T10101,A646RL,18,Services,2021Q3,Fisher Quantity Index,"Percent change, annual rate",0,8.0,T10101
T10101,A646RL,18,Services,2021Q4,Fisher Quantity Index,"Percent change, annual rate",0,20.4,T10101
T10101,A646RL,18,Services,2022Q1,Fisher Quantity Index,"Percent change, annual rate",0,5.9,T10101
T10101,A646RL,18,Services,2022Q2,Fisher Quantity Index,"Percent change, annual rate",0,13.8,T10101
T10101,A646RL,18,Services,2022Q3,Fisher Quantity Index,"Percent change, annual rate",0,11.1,T10101
T10101,A646RL,18,Services,2022Q4,Fisher Quantity Index,"Percent change, annual rate",0,2.9,T10101
T10101,A646RL,18,Services,2023Q1,Fisher Quantity Index,"Percent change, annual rate",0,-0.8,T10101
T10101,A646RL,18,Services,2023Q2,Fisher Quantity Index,"Percent change, annual rate",0,5.6,T10101
T10101,A646RL,18,Services,2023Q3,Fisher Quantity Index,"Percent change, annual rate",0,1.6,T10101
T10101,A646RL,18,Services,2023Q4,Fisher Quantity Index,"Percent change, annual rate",0,5.5,T10101
T10101,A646RL,18,Services,2024Q1,Fisher Quantity Index,"Percent change, annual rate",0,13.8,T10101
T10101,A646RL,18,Services,2024Q2,Fisher Quantity Index,"Percent change, annual rate",0,1.2,T10101
T10101,A646RL,18,Services,2024Q3,Fisher Quantity Index,"Percent change, annual rate",0,9.8,T10101
T10101,A646RL,18,Services,2024Q4,Fisher Quantity Index,"Percent change, annual rate",0,4.6,T10101
T10101,A646RL,18,Services,2025Q1,Fisher Quantity Index,"Percent change, annual rate",0,-9.7,T10101
T10101,A646RL,18,Services,2025Q2,Fisher Quantity Index,"Percent change, annual rate",0,3.5,T10101
T10101,A646RL,18,Services,2025Q3,Fisher Quantity Index,"Percent change, annual rate",0,11.5,T10101
T10101,A021RL,19,Imports,1947Q2,Fisher Quantity Index,"Percent change, annual rate",0,8.1,T10101
T10101,A021RL,19,Imports,1947Q3,Fisher Quantity Index,"Percent change, annual rate",0,-38.2,T10101
T10101,A021RL,19,Imports,1947Q4,Fisher Quantity Index,"Percent change, annual rate",0,23.2,T10101
T10101,A021RL,19,Imports,1948Q1,Fisher Quantity Index,"Percent change, annual rate",0,61.9,T10101
T10101,A021RL,19,Imports,1948Q2,Fisher Quantity Index,"Percent change, annual rate",0,16.8,T10101
T10101,A021RL,19,Imports,1948Q3,Fisher Quantity Index,"Percent change, annual rate",0,22.5,T10101
T10101,A021RL,19,Imports,1948Q4,Fisher Quantity Index,"Percent change, annual rate",0,-6.3,T10101
T10101,A021RL,19,Imports,1949Q1,Fisher Quantity Index,"Percent change, annual rate",0,-11.5,T10101
T10101,A021RL,19,Imports,1949Q2,Fisher Quantity Index,"Percent change, annual rate",0,-5.7,T10101
T10101,A021RL,19,Imports,1949Q3,Fisher Quantity Index,"Percent change, annual rate",0,-15.2,T10101
T10101,A021RL,19,Imports,1949Q4,Fisher Quantity Index,"Percent change, annual rate",0,6.1,T10101
T10101,A021RL,19,Imports,1950Q1,Fisher Quantity Index,"Percent change, annual rate",0,11.6,T10101
T10101,A021RL,19,Imports,1950Q2,Fisher Quantity Index,"Percent change, annual rate",0,23.9,T10101
T10101,A021RL,19,Imports,1950Q3,Fisher Quantity Index,"Percent change, annual rate",0,132.0,T10101
T10101,A021RL,19,Imports,1950Q4,Fisher Quantity Index,"Percent change, annual rate",0,0.8,T10101
T10101,A021RL,19,Imports,1951Q1,Fisher Quantity Index,"Percent change, annual rate",0,0.0,T10101
T10101,A021RL,19,Imports,1951Q2,Fisher Quantity Index,"Percent change, annual rate",0,-12.6,T10101
T10101,A021RL,19,Imports,1951Q3,Fisher Quantity Index,"Percent change, annual rate",0,-29.8,T10101
T10101,A021RL,19,Imports,1951Q4,Fisher Quantity Index,"Percent change, annual rate",0,-10.0,T10101
T10101,A021RL,19,Imports,1952Q1,Fisher Quantity Index,"Percent change, annual rate",0,55.1,T10101
T10101,A021RL,19,Imports,1952Q2,Fisher Quantity Index,"Percent change, annual rate",0,-2.0,T10101
T10101,A021RL,19,Imports,1952Q3,Fisher Quantity Index,"Percent change, annual rate",0,26.8,T10101
T10101,A021RL,19,Imports,1952Q4,Fisher Quantity Index,"Percent change, annual rate",0,40.9,T10101
T10101,A021RL,19,Imports,1953Q1,Fisher Quantity Index,"Percent change, annual rate",0,-9.5,T10101
T10101,A021RL,19,Imports,1953Q2,Fisher Quantity Index,"Percent change, annual rate",0,22.5,T10101
T10101,A021RL,19,Imports,1953Q3,Fisher Quantity Index,"Percent change, annual rate",0,-1.6,T10101
T10101,A021RL,19,Imports,1953Q4,Fisher Quantity Index,"Percent change, annual rate",0,-18.2,T10101
T10101,A021RL,19,Imports,1954Q1,Fisher Quantity Index,"Percent change, annual rate",0,-21.2,T10101
T10101,A021RL,19,Imports,1954Q2,Fisher Quantity Index,"Percent change, annual rate",0,41.2,T10101
T10101,A021RL,19,Imports,1954Q3,Fisher Quantity Index,"Percent change, annual rate",0,-22.1,T10101
T10101,A021RL,19,Imports,1954Q4,Fisher Quantity Index,"Percent change, annual rate",0,3.8,T10101
T10101,A021RL,19,Imports,1955Q1,Fisher Quantity Index,"Percent change, annual rate",0,25.8,T10101
T10101,A021RL,19,Imports,1955Q2,Fisher Quantity Index,"Percent change, annual rate",0,24.7,T10101
T10101,A021RL,19,Imports,1955Q3,Fisher Quantity Index,"Percent change, annual rate",0,6.9,T10101
T10101,A021RL,19,Imports,1955Q4,Fisher Quantity Index,"Percent change, annual rate",0,15.4,T10101
T10101,A021RL,19,Imports,1956Q1,Fisher Quantity Index,"Percent change, annual rate",0,17.8,T10101
T10101,A021RL,19,Imports,1956Q2,Fisher Quantity Index,"Percent change, annual rate",0,-2.1,T10101
T10101,A021RL,19,Imports,1956Q3,Fisher Quantity Index,"Percent change, annual rate",0,3.6,T10101
T10101,A021RL,19,Imports,1956Q4,Fisher Quantity Index,"Percent change, annual rate",0,-17.1,T10101
T10101,A021RL,19,Imports,1957Q1,Fisher Quantity Index,"Percent change, annual rate",0,35.8,T10101
T10101,A021RL,19,Imports,1957Q2,Fisher Quantity Index,"Percent change, annual rate",0,3.1,T10101
T10101,A021RL,19,Imports,1957Q3,Fisher Quantity Index,"Percent change, annual rate",0,-7.4,T10101
T10101,A021RL,19,Imports,1957Q4,Fisher Quantity Index,"Percent change, annual rate",0,1.3,T10101
T10101,A021RL,19,Imports,1958Q1,Fisher Quantity Index,"Percent change, annual rate",0,6.1,T10101
T10101,A021RL,19,Imports,1958Q2,Fisher Quantity Index,"Percent change, annual rate",0,18.3,T10101
T10101,A021RL,19,Imports,1958Q3,Fisher Quantity Index,"Percent change, annual rate",0,-5.9,T10101
T10101,A021RL,19,Imports,1958Q4,Fisher Quantity Index,"Percent change, annual rate",0,22.8,T10101
T10101,A021RL,19,Imports,1959Q1,Fisher Quantity Index,"Percent change, annual rate",0,11.0,T10101
T10101,A021RL,19,Imports,1959Q2,Fisher Quantity Index,"Percent change, annual rate",0,20.9,T10101
T10101,A021RL,19,Imports,1959Q3,Fisher Quantity Index,"Percent change, annual rate",0,3.9,T10101
T10101,A021RL,19,Imports,1959Q4,Fisher Quantity Index,"Percent change, annual rate",0,-9.8,T10101
T10101,A021RL,19,Imports,1960Q1,Fisher Quantity Index,"Percent change, annual rate",0,15.9,T10101
T10101,A021RL,19,Imports,1960Q2,Fisher Quantity Index,"Percent change, annual rate",0,3.1,T10101
T10101,A021RL,19,Imports,1960Q3,Fisher Quantity Index,"Percent change, annual rate",0,-11.3,T10101
T10101,A021RL,19,Imports,1960Q4,Fisher Quantity Index,"Percent change, annual rate",0,-17.6,T10101
T10101,A021RL,19,Imports,1961Q1,Fisher Quantity Index,"Percent change, annual rate",0,-1.9,T10101
T10101,A021RL,19,Imports,1961Q2,Fisher Quantity Index,"Percent change, annual rate",0,5.0,T10101
T10101,A021RL,19,Imports,1961Q3,Fisher Quantity Index,"Percent change, annual rate",0,29.2,T10101
T10101,A021RL,19,Imports,1961Q4,Fisher Quantity Index,"Percent change, annual rate",0,9.8,T10101
T10101,A021RL,19,Imports,1962Q1,Fisher Quantity Index,"Percent change, annual rate",0,12.8,T10101
T10101,A021RL,19,Imports,1962Q2,Fisher Quantity Index,"Percent change, annual rate",0,9.0,T10101
T10101,A021RL,19,Imports,1962Q3,Fisher Quantity Index,"Percent change, annual rate",0,5.1,T10101
T10101,A021RL,19,Imports,1962Q4,Fisher Quantity Index,"Percent change, annual rate",0,5.0,T10101
T10101,A021RL,19,Imports,1963Q1,Fisher Quantity Index,"Percent change, annual rate",0,-8.9,T10101
T10101,A021RL,19,Imports,1963Q2,Fisher Quantity Index,"Percent change, annual rate",0,9.7,T10101
T10101,A021RL,19,Imports,1963Q3,Fisher Quantity Index,"Percent change, annual rate",0,10.5,T10101
T10101,A021RL,19,Imports,1963Q4,Fisher Quantity Index,"Percent change, annual rate",0,-1.2,T10101
T10101,A021RL,19,Imports,1964Q1,Fisher Quantity Index,"Percent change, annual rate",0,-0.4,T10101
T10101,A021RL,19,Imports,1964Q2,Fisher Quantity Index,"Percent change, annual rate",0,9.3,T10101
T10101,A021RL,19,Imports,1964Q3,Fisher Quantity Index,"Percent change, annual rate",0,11.2,T10101
T10101,A021RL,19,Imports,1964Q4,Fisher Quantity Index,"Percent change, annual rate",0,11.3,T10101
T10101,A021RL,19,Imports,1965Q1,Fisher Quantity Index,"Percent change, annual rate",0,-13.7,T10101
T10101,A021RL,19,Imports,1965Q2,Fisher Quantity Index,"Percent change, annual rate",0,56.3,T10101
T10101,A021RL,19,Imports,1965Q3,Fisher Quantity Index,"Percent change, annual rate",0,1.7,T10101
T10101,A021RL,19,Imports,1965Q4,Fisher Quantity Index,"Percent change, annual rate",0,21.0,T10101
T10101,A021RL,19,Imports,1966Q1,Fisher Quantity Index,"Percent change, annual rate",0,10.7,T10101
T10101,A021RL,19,Imports,1966Q2,Fisher Quantity Index,"Percent change, annual rate",0,10.4,T10101
T10101,A021RL,19,Imports,1966Q3,Fisher Quantity Index,"Percent change, annual rate",0,24.4,T10101
T10101,A021RL,19,Imports,1966Q4,Fisher Quantity Index,"Percent change, annual rate",0,4.6,T10101
T10101,A021RL,19,Imports,1967Q1,Fisher Quantity Index,"Percent change, annual rate",0,6.4,T10101
T10101,A021RL,19,Imports,1967Q2,Fisher Quantity Index,"Percent change, annual rate",0,-3.2,T10101
T10101,A021RL,19,Imports,1967Q3,Fisher Quantity Index,"Percent change, annual rate",0,5.4,T10101
T10101,A021RL,19,Imports,1967Q4,Fisher Quantity Index,"Percent change, annual rate",0,22.8,T10101
T10101,A021RL,19,Imports,1968Q1,Fisher Quantity Index,"Percent change, annual rate",0,25.7,T10101
T10101,A021RL,19,Imports,1968Q2,Fisher Quantity Index,"Percent change, annual rate",0,6.2,T10101
T10101,A021RL,19,Imports,1968Q3,Fisher Quantity Index,"Percent change, annual rate",0,26.4,T10101
T10101,A021RL,19,Imports,1968Q4,Fisher Quantity Index,"Percent change, annual rate",0,-3.4,T10101
T10101,A021RL,19,Imports,1969Q1,Fisher Quantity Index,"Percent change, annual rate",0,-32.7,T10101
T10101,A021RL,19,Imports,1969Q2,Fisher Quantity Index,"Percent change, annual rate",0,105.5,T10101
T10101,A021RL,19,Imports,1969Q3,Fisher Quantity Index,"Percent change, annual rate",0,-5.1,T10101
T10101,A021RL,19,Imports,1969Q4,Fisher Quantity Index,"Percent change, annual rate",0,-4.3,T10101
T10101,A021RL,19,Imports,1970Q1,Fisher Quantity Index,"Percent change, annual rate",0,-1.3,T10101
T10101,A021RL,19,Imports,1970Q2,Fisher Quantity Index,"Percent change, annual rate",0,8.1,T10101
T10101,A021RL,19,Imports,1970Q3,Fisher Quantity Index,"Percent change, annual rate",0,-0.9,T10101
T10101,A021RL,19,Imports,1970Q4,Fisher Quantity Index,"Percent change, annual rate",0,6.3,T10101
T10101,A021RL,19,Imports,1971Q1,Fisher Quantity Index,"Percent change, annual rate",0,-4.6,T10101
T10101,A021RL,19,Imports,1971Q2,Fisher Quantity Index,"Percent change, annual rate",0,33.7,T10101
T10101,A021RL,19,Imports,1971Q3,Fisher Quantity Index,"Percent change, annual rate",0,9.1,T10101
T10101,A021RL,19,Imports,1971Q4,Fisher Quantity Index,"Percent change, annual rate",0,-24.5,T10101
T10101,A021RL,19,Imports,1972Q1,Fisher Quantity Index,"Percent change, annual rate",0,72.5,T10101
T10101,A021RL,19,Imports,1972Q2,Fisher Quantity Index,"Percent change, annual rate",0,-13.5,T10101
T10101,A021RL,19,Imports,1972Q3,Fisher Quantity Index,"Percent change, annual rate",0,8.6,T10101
T10101,A021RL,19,Imports,1972Q4,Fisher Quantity Index,"Percent change, annual rate",0,19.3,T10101
T10101,A021RL,19,Imports,1973Q1,Fisher Quantity Index,"Percent change, annual rate",0,19.8,T10101
T10101,A021RL,19,Imports,1973Q2,Fisher Quantity Index,"Percent change, annual rate",0,-11.0,T10101
T10101,A021RL,19,Imports,1973Q3,Fisher Quantity Index,"Percent change, annual rate",0,-10.6,T10101
T10101,A021RL,19,Imports,1973Q4,Fisher Quantity Index,"Percent change, annual rate",0,3.0,T10101
T10101,A021RL,19,Imports,1974Q1,Fisher Quantity Index,"Percent change, annual rate",0,-12.9,T10101
T10101,A021RL,19,Imports,1974Q2,Fisher Quantity Index,"Percent change, annual rate",0,22.9,T10101
T10101,A021RL,19,Imports,1974Q3,Fisher Quantity Index,"Percent change, annual rate",0,-6.8,T10101
T10101,A021RL,19,Imports,1974Q4,Fisher Quantity Index,"Percent change, annual rate",0,-3.9,T10101
T10101,A021RL,19,Imports,1975Q1,Fisher Quantity Index,"Percent change, annual rate",0,-34.5,T10101
T10101,A021RL,19,Imports,1975Q2,Fisher Quantity Index,"Percent change, annual rate",0,-28.4,T10101
T10101,A021RL,19,Imports,1975Q3,Fisher Quantity Index,"Percent change, annual rate",0,37.6,T10101
T10101,A021RL,19,Imports,1975Q4,Fisher Quantity Index,"Percent change, annual rate",0,23.1,T10101
T10101,A021RL,19,Imports,1976Q1,Fisher Quantity Index,"Percent change, annual rate",0,27.4,T10101
T10101,A021RL,19,Imports,1976Q2,Fisher Quantity Index,"Percent change, annual rate",0,18.5,T10101
T10101,A021RL,19,Imports,1976Q3,Fisher Quantity Index,"Percent change, annual rate",0,17.4,T10101
T10101,A021RL,19,Imports,1976Q4,Fisher Quantity Index,"Percent change, annual rate",0,14.0,T10101
T10101,A021RL,19,Imports,1977Q1,Fisher Quantity Index,"Percent change, annual rate",0,20.1,T10101
T10101,A021RL,19,Imports,1977Q2,Fisher Quantity Index,"Percent change, annual rate",0,3.9,T10101
T10101,A021RL,19,Imports,1977Q3,Fisher Quantity Index,"Percent change, annual rate",0,-5.4,T10101
T10101,A021RL,19,Imports,1977Q4,Fisher Quantity Index,"Percent change, annual rate",0,5.8,T10101
T10101,A021RL,19,Imports,1978Q1,Fisher Quantity Index,"Percent change, annual rate",0,29.6,T10101
T10101,A021RL,19,Imports,1978Q2,Fisher Quantity Index,"Percent change, annual rate",0,1.2,T10101
T10101,A021RL,19,Imports,1978Q3,Fisher Quantity Index,"Percent change, annual rate",0,5.3,T10101
T10101,A021RL,19,Imports,1978Q4,Fisher Quantity Index,"Percent change, annual rate",0,5.6,T10101
T10101,A021RL,19,Imports,1979Q1,Fisher Quantity Index,"Percent change, annual rate",0,-1.1,T10101
T10101,A021RL,19,Imports,1979Q2,Fisher Quantity Index,"Percent change, annual rate",0,2.2,T10101
T10101,A021RL,19,Imports,1979Q3,Fisher Quantity Index,"Percent change, annual rate",0,-6.0,T10101
T10101,A021RL,19,Imports,1979Q4,Fisher Quantity Index,"Percent change, annual rate",0,9.0,T10101
T10101,A021RL,19,Imports,1980Q1,Fisher Quantity Index,"Percent change, annual rate",0,0.3,T10101
T10101,A021RL,19,Imports,1980Q2,Fisher Quantity Index,"Percent change, annual rate",0,-26.0,T10101
T10101,A021RL,19,Imports,1980Q3,Fisher Quantity Index,"Percent change, annual rate",0,-25.8,T10101
T10101,A021RL,19,Imports,1980Q4,Fisher Quantity Index,"Percent change, annual rate",0,23.2,T10101
T10101,A021RL,19,Imports,1981Q1,Fisher Quantity Index,"Percent change, annual rate",0,18.2,T10101
T10101,A021RL,19,Imports,1981Q2,Fisher Quantity Index,"Percent change, annual rate",0,0.6,T10101
T10101,A021RL,19,Imports,1981Q3,Fisher Quantity Index,"Percent change, annual rate",0,-4.5,T10101
T10101,A021RL,19,Imports,1981Q4,Fisher Quantity Index,"Percent change, annual rate",0,12.0,T10101
T10101,A021RL,19,Imports,1982Q1,Fisher Quantity Index,"Percent change, annual rate",0,-10.9,T10101
T10101,A021RL,19,Imports,1982Q2,Fisher Quantity Index,"Percent change, annual rate",0,-6.4,T10101
T10101,A021RL,19,Imports,1982Q3,Fisher Quantity Index,"Percent change, annual rate",0,19.9,T10101
T10101,A021RL,19,Imports,1982Q4,Fisher Quantity Index,"Percent change, annual rate",0,-14.8,T10101
T10101,A021RL,19,Imports,1983Q1,Fisher Quantity Index,"Percent change, annual rate",0,9.5,T10101
T10101,A021RL,19,Imports,1983Q2,Fisher Quantity Index,"Percent change, annual rate",0,34.5,T10101
T10101,A021RL,19,Imports,1983Q3,Fisher Quantity Index,"Percent change, annual rate",0,35.0,T10101
T10101,A021RL,19,Imports,1983Q4,Fisher Quantity Index,"Percent change, annual rate",0,21.1,T10101
T10101,A021RL,19,Imports,1984Q1,Fisher Quantity Index,"Percent change, annual rate",0,36.3,T10101
T10101,A021RL,19,Imports,1984Q2,Fisher Quantity Index,"Percent change, annual rate",0,17.8,T10101
T10101,A021RL,19,Imports,1984Q3,Fisher Quantity Index,"Percent change, annual rate",0,10.8,T10101
T10101,A021RL,19,Imports,1984Q4,Fisher Quantity Index,"Percent change, annual rate",0,12.2,T10101
T10101,A021RL,19,Imports,1985Q1,Fisher Quantity Index,"Percent change, annual rate",0,-8.5,T10101
T10101,A021RL,19,Imports,1985Q2,Fisher Quantity Index,"Percent change, annual rate",0,21.2,T10101
T10101,A021RL,19,Imports,1985Q3,Fisher Quantity Index,"Percent change, annual rate",0,-3.8,T10101
T10101,A021RL,19,Imports,1985Q4,Fisher Quantity Index,"Percent change, annual rate",0,16.6,T10101
T10101,A021RL,19,Imports,1986Q1,Fisher Quantity Index,"Percent change, annual rate",0,-0.4,T10101
T10101,A021RL,19,Imports,1986Q2,Fisher Quantity Index,"Percent change, annual rate",0,18.1,T10101
T10101,A021RL,19,Imports,1986Q3,Fisher Quantity Index,"Percent change, annual rate",0,11.5,T10101
T10101,A021RL,19,Imports,1986Q4,Fisher Quantity Index,"Percent change, annual rate",0,3.1,T10101
T10101,A021RL,19,Imports,1987Q1,Fisher Quantity Index,"Percent change, annual rate",0,-2.3,T10101
T10101,A021RL,19,Imports,1987Q2,Fisher Quantity Index,"Percent change, annual rate",0,10.4,T10101
T10101,A021RL,19,Imports,1987Q3,Fisher Quantity Index,"Percent change, annual rate",0,8.0,T10101
T10101,A021RL,19,Imports,1987Q4,Fisher Quantity Index,"Percent change, annual rate",0,9.5,T10101
T10101,A021RL,19,Imports,1988Q1,Fisher Quantity Index,"Percent change, annual rate",0,-1.9,T10101
T10101,A021RL,19,Imports,1988Q2,Fisher Quantity Index,"Percent change, annual rate",0,-4.5,T10101
T10101,A021RL,19,Imports,1988Q3,Fisher Quantity Index,"Percent change, annual rate",0,9.8,T10101
T10101,A021RL,19,Imports,1988Q4,Fisher Quantity Index,"Percent change, annual rate",0,12.8,T10101
T10101,A021RL,19,Imports,1989Q1,Fisher Quantity Index,"Percent change, annual rate",0,1.9,T10101
T10101,A021RL,19,Imports,1989Q2,Fisher Quantity Index,"Percent change, annual rate",0,1.9,T10101
T10101,A021RL,19,Imports,1989Q3,Fisher Quantity Index,"Percent change, annual rate",0,-0.5,T10101
T10101,A021RL,19,Imports,1989Q4,Fisher Quantity Index,"Percent change, annual rate",0,7.4,T10101
T10101,A021RL,19,Imports,1990Q1,Fisher Quantity Index,"Percent change, annual rate",0,13.3,T10101
T10101,A021RL,19,Imports,1990Q2,Fisher Quantity Index,"Percent change, annual rate",0,-0.7,T10101
T10101,A021RL,19,Imports,1990Q3,Fisher Quantity Index,"Percent change, annual rate",0,-1.6,T10101
T10101,A021RL,19,Imports,1990Q4,Fisher Quantity Index,"Percent change, annual rate",0,-10.3,T10101
T10101,A021RL,19,Imports,1991Q1,Fisher Quantity Index,"Percent change, annual rate",0,-4.5,T10101
T10101,A021RL,19,Imports,1991Q2,Fisher Quantity Index,"Percent change, annual rate",0,7.3,T10101
T10101,A021RL,19,Imports,1991Q3,Fisher Quantity Index,"Percent change, annual rate",0,11.7,T10101
T10101,A021RL,19,Imports,1991Q4,Fisher Quantity Index,"Percent change, annual rate",0,9.1,T10101
T10101,A021RL,19,Imports,1992Q1,Fisher Quantity Index,"Percent change, annual rate",0,2.9,T10101
T10101,A021RL,19,Imports,1992Q2,Fisher Quantity Index,"Percent change, annual rate",0,6.7,T10101
T10101,A021RL,19,Imports,1992Q3,Fisher Quantity Index,"Percent change, annual rate",0,6.5,T10101
T10101,A021RL,19,Imports,1992Q4,Fisher Quantity Index,"Percent change, annual rate",0,9.9,T10101
T10101,A021RL,19,Imports,1993Q1,Fisher Quantity Index,"Percent change, annual rate",0,8.9,T10101
T10101,A021RL,19,Imports,1993Q2,Fisher Quantity Index,"Percent change, annual rate",0,8.5,T10101
T10101,A021RL,19,Imports,1993Q3,Fisher Quantity Index,"Percent change, annual rate",0,5.4,T10101
T10101,A021RL,19,Imports,1993Q4,Fisher Quantity Index,"Percent change, annual rate",0,17.1,T10101
T10101,A021RL,19,Imports,1994Q1,Fisher Quantity Index,"Percent change, annual rate",0,9.6,T10101
T10101,A021RL,19,Imports,1994Q2,Fisher Quantity Index,"Percent change, annual rate",0,15.8,T10101
T10101,A021RL,19,Imports,1994Q3,Fisher Quantity Index,"Percent change, annual rate",0,11.7,T10101
T10101,A021RL,19,Imports,1994Q4,Fisher Quantity Index,"Percent change, annual rate",0,11.7,T10101
T10101,A021RL,19,Imports,1995Q1,Fisher Quantity Index,"Percent change, annual rate",0,9.1,T10101
T10101,A021RL,19,Imports,1995Q2,Fisher Quantity Index,"Percent change, annual rate",0,3.8,T10101
T10101,A021RL,19,Imports,1995Q3,Fisher Quantity Index,"Percent change, annual rate",0,1.4,T10101
T10101,A021RL,19,Imports,1995Q4,Fisher Quantity Index,"Percent change, annual rate",0,5.2,T10101
T10101,A021RL,19,Imports,1996Q1,Fisher Quantity Index,"Percent change, annual rate",0,13.7,T10101
T10101,A021RL,19,Imports,1996Q2,Fisher Quantity Index,"Percent change, annual rate",0,9.3,T10101
T10101,A021RL,19,Imports,1996Q3,Fisher Quantity Index,"Percent change, annual rate",0,13.6,T10101
T10101,A021RL,19,Imports,1996Q4,Fisher Quantity Index,"Percent change, annual rate",0,8.1,T10101
T10101,A021RL,19,Imports,1997Q1,Fisher Quantity Index,"Percent change, annual rate",0,18.2,T10101
T10101,A021RL,19,Imports,1997Q2,Fisher Quantity Index,"Percent change, annual rate",0,14.1,T10101
T10101,A021RL,19,Imports,1997Q3,Fisher Quantity Index,"Percent change, annual rate",0,15.6,T10101
T10101,A021RL,19,Imports,1997Q4,Fisher Quantity Index,"Percent change, annual rate",0,8.9,T10101
T10101,A021RL,19,Imports,1998Q1,Fisher Quantity Index,"Percent change, annual rate",0,15.9,T10101
T10101,A021RL,19,Imports,1998Q2,Fisher Quantity Index,"Percent change, annual rate",0,9.5,T10101
T10101,A021RL,19,Imports,1998Q3,Fisher Quantity Index,"Percent change, annual rate",0,5.5,T10101
T10101,A021RL,19,Imports,1998Q4,Fisher Quantity Index,"Percent change, annual rate",0,13.6,T10101
T10101,A021RL,19,Imports,1999Q1,Fisher Quantity Index,"Percent change, annual rate",0,11.8,T10101
T10101,A021RL,19,Imports,1999Q2,Fisher Quantity Index,"Percent change, annual rate",0,12.0,T10101
T10101,A021RL,19,Imports,1999Q3,Fisher Quantity Index,"Percent change, annual rate",0,15.3,T10101
T10101,A021RL,19,Imports,1999Q4,Fisher Quantity Index,"Percent change, annual rate",0,10.6,T10101
T10101,A021RL,19,Imports,2000Q1,Fisher Quantity Index,"Percent change, annual rate",0,16.0,T10101
T10101,A021RL,19,Imports,2000Q2,Fisher Quantity Index,"Percent change, annual rate",0,13.4,T10101
T10101,A021RL,19,Imports,2000Q3,Fisher Quantity Index,"Percent change, annual rate",0,15.2,T10101
T10101,A021RL,19,Imports,2000Q4,Fisher Quantity Index,"Percent change, annual rate",0,0.6,T10101
T10101,A021RL,19,Imports,2001Q1,Fisher Quantity Index,"Percent change, annual rate",0,-5.1,T10101
T10101,A021RL,19,Imports,2001Q2,Fisher Quantity Index,"Percent change, annual rate",0,-12.2,T10101
T10101,A021RL,19,Imports,2001Q3,Fisher Quantity Index,"Percent change, annual rate",0,-8.8,T10101
T10101,A021RL,19,Imports,2001Q4,Fisher Quantity Index,"Percent change, annual rate",0,-4.1,T10101
T10101,A021RL,19,Imports,2002Q1,Fisher Quantity Index,"Percent change, annual rate",0,11.9,T10101
T10101,A021RL,19,Imports,2002Q2,Fisher Quantity Index,"Percent change, annual rate",0,14.1,T10101
T10101,A021RL,19,Imports,2002Q3,Fisher Quantity Index,"Percent change, annual rate",0,5.2,T10101
T10101,A021RL,19,Imports,2002Q4,Fisher Quantity Index,"Percent change, annual rate",0,7.4,T10101
T10101,A021RL,19,Imports,2003Q1,Fisher Quantity Index,"Percent change, annual rate",0,-1.7,T10101
T10101,A021RL,19,Imports,2003Q2,Fisher Quantity Index,"Percent change, annual rate",0,6.0,T10101
T10101,A021RL,19,Imports,2003Q3,Fisher Quantity Index,"Percent change, annual rate",0,6.4,T10101
T10101,A021RL,19,Imports,2003Q4,Fisher Quantity Index,"Percent change, annual rate",0,13.3,T10101
T10101,A021RL,19,Imports,2004Q1,Fisher Quantity Index,"Percent change, annual rate",0,11.7,T10101
T10101,A021RL,19,Imports,2004Q2,Fisher Quantity Index,"Percent change, annual rate",0,16.7,T10101
T10101,A021RL,19,Imports,2004Q3,Fisher Quantity Index,"Percent change, annual rate",0,5.7,T10101
T10101,A021RL,19,Imports,2004Q4,Fisher Quantity Index,"Percent change, annual rate",0,9.7,T10101
T10101,A021RL,19,Imports,2005Q1,Fisher Quantity Index,"Percent change, annual rate",0,3.5,T10101
T10101,A021RL,19,Imports,2005Q2,Fisher Quantity Index,"Percent change, annual rate",0,5.5,T10101
T10101,A021RL,19,Imports,2005Q3,Fisher Quantity Index,"Percent change, annual rate",0,2.3,T10101
T10101,A021RL,19,Imports,2005Q4,Fisher Quantity Index,"Percent change, annual rate",0,13.5,T10101
T10101,A021RL,19,Imports,2006Q1,Fisher Quantity Index,"Percent change, annual rate",0,8.5,T10101
T10101,A021RL,19,Imports,2006Q2,Fisher Quantity Index,"Percent change, annual rate",0,4.0,T10101
T10101,A021RL,19,Imports,2006Q3,Fisher Quantity Index,"Percent change, annual rate",0,4.1,T10101
T10101,A021RL,19,Imports,2006Q4,Fisher Quantity Index,"Percent change, annual rate",0,-0.5,T10101
T10101,A021RL,19,Imports,2007Q1,Fisher Quantity Index,"Percent change, annual rate",0,6.0,T10101
T10101,A021RL,19,Imports,2007Q2,Fisher Quantity Index,"Percent change, annual rate",0,2.1,T10101
T10101,A021RL,19,Imports,2007Q3,Fisher Quantity Index,"Percent change, annual rate",0,2.3,T10101
T10101,A021RL,19,Imports,2007Q4,Fisher Quantity Index,"Percent change, annual rate",0,-3.7,T10101
T10101,A021RL,19,Imports,2008Q1,Fisher Quantity Index,"Percent change, annual rate",0,1.5,T10101
T10101,A021RL,19,Imports,2008Q2,Fisher Quantity Index,"Percent change, annual rate",0,-3.7,T10101
T10101,A021RL,19,Imports,2008Q3,Fisher Quantity Index,"Percent change, annual rate",0,-5.0,T10101
T10101,A021RL,19,Imports,2008Q4,Fisher Quantity Index,"Percent change, annual rate",0,-13.7,T10101
T10101,A021RL,19,Imports,2009Q1,Fisher Quantity Index,"Percent change, annual rate",0,-32.9,T10101
T10101,A021RL,19,Imports,2009Q2,Fisher Quantity Index,"Percent change, annual rate",0,-15.3,T10101
T10101,A021RL,19,Imports,2009Q3,Fisher Quantity Index,"Percent change, annual rate",0,17.6,T10101
T10101,A021RL,19,Imports,2009Q4,Fisher Quantity Index,"Percent change, annual rate",0,20.9,T10101
T10101,A021RL,19,Imports,2010Q1,Fisher Quantity Index,"Percent change, annual rate",0,10.5,T10101
T10101,A021RL,19,Imports,2010Q2,Fisher Quantity Index,"Percent change, annual rate",0,19.5,T10101
T10101,A021RL,19,Imports,2010Q3,Fisher Quantity Index,"Percent change, annual rate",0,14.7,T10101
T10101,A021RL,19,Imports,2010Q4,Fisher Quantity Index,"Percent change, annual rate",0,1.5,T10101
T10101,A021RL,19,Imports,2011Q1,Fisher Quantity Index,"Percent change, annual rate",0,2.0,T10101
T10101,A021RL,19,Imports,2011Q2,Fisher Quantity Index,"Percent change, annual rate",0,1.5,T10101
T10101,A021RL,19,Imports,2011Q3,Fisher Quantity Index,"Percent change, annual rate",0,4.5,T10101
T10101,A021RL,19,Imports,2011Q4,Fisher Quantity Index,"Percent change, annual rate",0,5.4,T10101
T10101,A021RL,19,Imports,2012Q1,Fisher Quantity Index,"Percent change, annual rate",0,2.0,T10101
T10101,A021RL,19,Imports,2012Q2,Fisher Quantity Index,"Percent change, annual rate",0,1.5,T10101
T10101,A021RL,19,Imports,2012Q3,Fisher Quantity Index,"Percent change, annual rate",0,2.2,T10101
T10101,A021RL,19,Imports,2012Q4,Fisher Quantity Index,"Percent change, annual rate",0,-3.7,T10101
T10101,A021RL,19,Imports,2013Q1,Fisher Quantity Index,"Percent change, annual rate",0,-0.3,T10101
T10101,A021RL,19,Imports,2013Q2,Fisher Quantity Index,"Percent change, annual rate",0,5.9,T10101
T10101,A021RL,19,Imports,2013Q3,Fisher Quantity Index,"Percent change, annual rate",0,2.9,T10101
T10101,A021RL,19,Imports,2013Q4,Fisher Quantity Index,"Percent change, annual rate",0,3.2,T10101
T10101,A021RL,19,Imports,2014Q1,Fisher Quantity Index,"Percent change, annual rate",0,5.3,T10101
T10101,A021RL,19,Imports,2014Q2,Fisher Quantity Index,"Percent change, annual rate",0,9.4,T10101
T10101,A021RL,19,Imports,2014Q3,Fisher Quantity Index,"Percent change, annual rate",0,0.8,T10101
T10101,A021RL,19,Imports,2014Q4,Fisher Quantity Index,"Percent change, annual rate",0,10.9,T10101
T10101,A021RL,19,Imports,2015Q1,Fisher Quantity Index,"Percent change, annual rate",0,6.1,T10101
T10101,A021RL,19,Imports,2015Q2,Fisher Quantity Index,"Percent change, annual rate",0,3.2,T10101
T10101,A021RL,19,Imports,2015Q3,Fisher Quantity Index,"Percent change, annual rate",0,2.8,T10101
T10101,A021RL,19,Imports,2015Q4,Fisher Quantity Index,"Percent change, annual rate",0,1.1,T10101
T10101,A021RL,19,Imports,2016Q1,Fisher Quantity Index,"Percent change, annual rate",0,-0.5,T10101
T10101,A021RL,19,Imports,2016Q2,Fisher Quantity Index,"Percent change, annual rate",0,0.5,T10101
T10101,A021RL,19,Imports,2016Q3,Fisher Quantity Index,"Percent change, annual rate",0,3.0,T10101
T10101,A021RL,19,Imports,2016Q4,Fisher Quantity Index,"Percent change, annual rate",0,5.9,T10101
T10101,A021RL,19,Imports,2017Q1,Fisher Quantity Index,"Percent change, annual rate",0,6.3,T10101
T10101,A021RL,19,Imports,2017Q2,Fisher Quantity Index,"Percent change, annual rate",0,3.9,T10101
T10101,A021RL,19,Imports,2017Q3,Fisher Quantity Index,"Percent change, annual rate",0,1.5,T10101
T10101,A021RL,19,Imports,2017Q4,Fisher Quantity Index,"Percent change, annual rate",0,11.7,T10101
T10101,A021RL,19,Imports,2018Q1,Fisher Quantity Index,"Percent change, annual rate",0,1.7,T10101
T10101,A021RL,19,Imports,2018Q2,Fisher Quantity Index,"Percent change, annual rate",0,0.5,T10101
T10101,A021RL,19,Imports,2018Q3,Fisher Quantity Index,"Percent change, annual rate",0,5.7,T10101
T10101,A021RL,19,Imports,2018Q4,Fisher Quantity Index,"Percent change, annual rate",0,4.2,T10101
T10101,A021RL,19,Imports,2019Q1,Fisher Quantity Index,"Percent change, annual rate",0,-0.2,T10101
T10101,A021RL,19,Imports,2019Q2,Fisher Quantity Index,"Percent change, annual rate",0,2.2,T10101
T10101,A021RL,19,Imports,2019Q3,Fisher Quantity Index,"Percent change, annual rate",0,-1.7,T10101
T10101,A021RL,19,Imports,2019Q4,Fisher Quantity Index,"Percent change, annual rate",0,-7.3,T10101
T10101,A021RL,19,Imports,2020Q1,Fisher Quantity Index,"Percent change, annual rate",0,-13.5,T10101
T10101,A021RL,19,Imports,2020Q2,Fisher Quantity Index,"Percent change, annual rate",0,-52.3,T10101
T10101,A021RL,19,Imports,2020Q3,Fisher Quantity Index,"Percent change, annual rate",0,84.2,T10101
T10101,A021RL,19,Imports,2020Q4,Fisher Quantity Index,"Percent change, annual rate",0,33.4,T10101
T10101,A021RL,19,Imports,2021Q1,Fisher Quantity Index,"Percent change, annual rate",0,7.8,T10101
T10101,A021RL,19,Imports,2021Q2,Fisher Quantity Index,"Percent change, annual rate",0,9.0,T10101
T10101,A021RL,19,Imports,2021Q3,Fisher Quantity Index,"Percent change, annual rate",0,6.6,T10101
T10101,A021RL,19,Imports,2021Q4,Fisher Quantity Index,"Percent change, annual rate",0,21.6,T10101
T10101,A021RL,19,Imports,2022Q1,Fisher Quantity Index,"Percent change, annual rate",0,12.0,T10101
T10101,A021RL,19,Imports,2022Q2,Fisher Quantity Index,"Percent change, annual rate",0,7.1,T10101
T10101,A021RL,19,Imports,2022Q3,Fisher Quantity Index,"Percent change, annual rate",0,-5.8,T10101
T10101,A021RL,19,Imports,2022Q4,Fisher Quantity Index,"Percent change, annual rate",0,-3.1,T10101
T10101,A021RL,19,Imports,2023Q1,Fisher Quantity Index,"Percent change, annual rate",0,-1.0,T10101
T10101,A021RL,19,Imports,2023Q2,Fisher Quantity Index,"Percent change, annual rate",0,-2.1,T10101
T10101,A021RL,19,Imports,2023Q3,Fisher Quantity Index,"Percent change, annual rate",0,3.0,T10101
T10101,A021RL,19,Imports,2023Q4,Fisher Quantity Index,"Percent change, annual rate",0,5.4,T10101
T10101,A021RL,19,Imports,2024Q1,Fisher Quantity Index,"Percent change, annual rate",0,6.9,T10101
T10101,A021RL,19,Imports,2024Q2,Fisher Quantity Index,"Percent change, annual rate",0,8.4,T10101
T10101,A021RL,19,Imports,2024Q3,Fisher Quantity Index,"Percent change, annual rate",0,10.1,T10101
T10101,A021RL,19,Imports,2024Q4,Fisher Quantity Index,"Percent change, annual rate",0,-0.2,T10101
T10101,A021RL,19,Imports,2025Q1,Fisher Quantity Index,"Percent change, annual rate",0,38.0,T10101
T10101,A021RL,19,Imports,2025Q2,Fisher Quantity Index,"Percent change, annual rate",0,-29.3,T10101
T10101,A021RL,19,Imports,2025Q3,Fisher Quantity Index,"Percent change, annual rate",0,-4.4,T10101
T10101,A255RL,20,Goods,1947Q2,Fisher Quantity Index,"Percent change, annual rate",0,9.3,T10101
T10101,A255RL,20,Goods,1947Q3,Fisher Quantity Index,"Percent change, annual rate",0,-43.8,T10101
T10101,A255RL,20,Goods,1947Q4,Fisher Quantity Index,"Percent change, annual rate",0,5.5,T10101
T10101,A255RL,20,Goods,1948Q1,Fisher Quantity Index,"Percent change, annual rate",0,86.0,T10101
T10101,A255RL,20,Goods,1948Q2,Fisher Quantity Index,"Percent change, annual rate",0,16.8,T10101
T10101,A255RL,20,Goods,1948Q3,Fisher Quantity Index,"Percent change, annual rate",0,8.8,T10101
T10101,A255RL,20,Goods,1948Q4,Fisher Quantity Index,"Percent change, annual rate",0,-1.3,T10101
T10101,A255RL,20,Goods,1949Q1,Fisher Quantity Index,"Percent change, annual rate",0,-10.3,T10101
T10101,A255RL,20,Goods,1949Q2,Fisher Quantity Index,"Percent change, annual rate",0,-12.2,T10101
T10101,A255RL,20,Goods,1949Q3,Fisher Quantity Index,"Percent change, annual rate",0,-10.9,T10101
T10101,A255RL,20,Goods,1949Q4,Fisher Quantity Index,"Percent change, annual rate",0,14.0,T10101
T10101,A255RL,20,Goods,1950Q1,Fisher Quantity Index,"Percent change, annual rate",0,9.1,T10101
T10101,A255RL,20,Goods,1950Q2,Fisher Quantity Index,"Percent change, annual rate",0,26.4,T10101
T10101,A255RL,20,Goods,1950Q3,Fisher Quantity Index,"Percent change, annual rate",0,176.5,T10101
T10101,A255RL,20,Goods,1950Q4,Fisher Quantity Index,"Percent change, annual rate",0,-6.9,T10101
T10101,A255RL,20,Goods,1951Q1,Fisher Quantity Index,"Percent change, annual rate",0,-7.1,T10101
T10101,A255RL,20,Goods,1951Q2,Fisher Quantity Index,"Percent change, annual rate",0,-16.5,T10101
T10101,A255RL,20,Goods,1951Q3,Fisher Quantity Index,"Percent change, annual rate",0,-44.3,T10101
T10101,A255RL,20,Goods,1951Q4,Fisher Quantity Index,"Percent change, annual rate",0,-26.5,T10101
T10101,A255RL,20,Goods,1952Q1,Fisher Quantity Index,"Percent change, annual rate",0,65.0,T10101
T10101,A255RL,20,Goods,1952Q2,Fisher Quantity Index,"Percent change, annual rate",0,4.3,T10101
T10101,A255RL,20,Goods,1952Q3,Fisher Quantity Index,"Percent change, annual rate",0,15.2,T10101
T10101,A255RL,20,Goods,1952Q4,Fisher Quantity Index,"Percent change, annual rate",0,29.6,T10101
T10101,A255RL,20,Goods,1953Q1,Fisher Quantity Index,"Percent change, annual rate",0,-6.9,T10101
T10101,A255RL,20,Goods,1953Q2,Fisher Quantity Index,"Percent change, annual rate",0,25.2,T10101
T10101,A255RL,20,Goods,1953Q3,Fisher Quantity Index,"Percent change, annual rate",0,-11.2,T10101
T10101,A255RL,20,Goods,1953Q4,Fisher Quantity Index,"Percent change, annual rate",0,-29.7,T10101
T10101,A255RL,20,Goods,1954Q1,Fisher Quantity Index,"Percent change, annual rate",0,-14.4,T10101
T10101,A255RL,20,Goods,1954Q2,Fisher Quantity Index,"Percent change, annual rate",0,46.4,T10101
T10101,A255RL,20,Goods,1954Q3,Fisher Quantity Index,"Percent change, annual rate",0,-29.4,T10101
T10101,A255RL,20,Goods,1954Q4,Fisher Quantity Index,"Percent change, annual rate",0,-2.9,T10101
T10101,A255RL,20,Goods,1955Q1,Fisher Quantity Index,"Percent change, annual rate",0,50.5,T10101
T10101,A255RL,20,Goods,1955Q2,Fisher Quantity Index,"Percent change, annual rate",0,3.9,T10101
T10101,A255RL,20,Goods,1955Q3,Fisher Quantity Index,"Percent change, annual rate",0,1.2,T10101
T10101,A255RL,20,Goods,1955Q4,Fisher Quantity Index,"Percent change, annual rate",0,46.8,T10101
T10101,A255RL,20,Goods,1956Q1,Fisher Quantity Index,"Percent change, annual rate",0,17.1,T10101
T10101,A255RL,20,Goods,1956Q2,Fisher Quantity Index,"Percent change, annual rate",0,-12.7,T10101
T10101,A255RL,20,Goods,1956Q3,Fisher Quantity Index,"Percent change, annual rate",0,-4.5,T10101
T10101,A255RL,20,Goods,1956Q4,Fisher Quantity Index,"Percent change, annual rate",0,3.7,T10101
T10101,A255RL,20,Goods,1957Q1,Fisher Quantity Index,"Percent change, annual rate",0,9.3,T10101
T10101,A255RL,20,Goods,1957Q2,Fisher Quantity Index,"Percent change, annual rate",0,5.5,T10101
T10101,A255RL,20,Goods,1957Q3,Fisher Quantity Index,"Percent change, annual rate",0,-6.5,T10101
T10101,A255RL,20,Goods,1957Q4,Fisher Quantity Index,"Percent change, annual rate",0,21.3,T10101
T10101,A255RL,20,Goods,1958Q1,Fisher Quantity Index,"Percent change, annual rate",0,-16.1,T10101
T10101,A255RL,20,Goods,1958Q2,Fisher Quantity Index,"Percent change, annual rate",0,8.7,T10101
T10101,A255RL,20,Goods,1958Q3,Fisher Quantity Index,"Percent change, annual rate",0,4.7,T10101
T10101,A255RL,20,Goods,1958Q4,Fisher Quantity Index,"Percent change, annual rate",0,34.5,T10101
T10101,A255RL,20,Goods,1959Q1,Fisher Quantity Index,"Percent change, annual rate",0,24.2,T10101
T10101,A255RL,20,Goods,1959Q2,Fisher Quantity Index,"Percent change, annual rate",0,27.6,T10101
T10101,A255RL,20,Goods,1959Q3,Fisher Quantity Index,"Percent change, annual rate",0,3.9,T10101
T10101,A255RL,20,Goods,1959Q4,Fisher Quantity Index,"Percent change, annual rate",0,-13.7,T10101
T10101,A255RL,20,Goods,1960Q1,Fisher Quantity Index,"Percent change, annual rate",0,8.5,T10101
T10101,A255RL,20,Goods,1960Q2,Fisher Quantity Index,"Percent change, annual rate",0,5.7,T10101
T10101,A255RL,20,Goods,1960Q3,Fisher Quantity Index,"Percent change, annual rate",0,-19.9,T10101
T10101,A255RL,20,Goods,1960Q4,Fisher Quantity Index,"Percent change, annual rate",0,-17.8,T10101
T10101,A255RL,20,Goods,1961Q1,Fisher Quantity Index,"Percent change, annual rate",0,-4.1,T10101
T10101,A255RL,20,Goods,1961Q2,Fisher Quantity Index,"Percent change, annual rate",0,7.0,T10101
T10101,A255RL,20,Goods,1961Q3,Fisher Quantity Index,"Percent change, annual rate",0,49.6,T10101
T10101,A255RL,20,Goods,1961Q4,Fisher Quantity Index,"Percent change, annual rate",0,10.0,T10101
T10101,A255RL,20,Goods,1962Q1,Fisher Quantity Index,"Percent change, annual rate",0,15.3,T10101
T10101,A255RL,20,Goods,1962Q2,Fisher Quantity Index,"Percent change, annual rate",0,13.1,T10101
T10101,A255RL,20,Goods,1962Q3,Fisher Quantity Index,"Percent change, annual rate",0,7.3,T10101
T10101,A255RL,20,Goods,1962Q4,Fisher Quantity Index,"Percent change, annual rate",0,-0.7,T10101
T10101,A255RL,20,Goods,1963Q1,Fisher Quantity Index,"Percent change, annual rate",0,-5.1,T10101
T10101,A255RL,20,Goods,1963Q2,Fisher Quantity Index,"Percent change, annual rate",0,14.3,T10101
T10101,A255RL,20,Goods,1963Q3,Fisher Quantity Index,"Percent change, annual rate",0,10.8,T10101
T10101,A255RL,20,Goods,1963Q4,Fisher Quantity Index,"Percent change, annual rate",0,-0.9,T10101
T10101,A255RL,20,Goods,1964Q1,Fisher Quantity Index,"Percent change, annual rate",0,-3.1,T10101
T10101,A255RL,20,Goods,1964Q2,Fisher Quantity Index,"Percent change, annual rate",0,14.5,T10101
T10101,A255RL,20,Goods,1964Q3,Fisher Quantity Index,"Percent change, annual rate",0,15.9,T10101
T10101,A255RL,20,Goods,1964Q4,Fisher Quantity Index,"Percent change, annual rate",0,14.0,T10101
T10101,A255RL,20,Goods,1965Q1,Fisher Quantity Index,"Percent change, annual rate",0,-17.2,T10101
T10101,A255RL,20,Goods,1965Q2,Fisher Quantity Index,"Percent change, annual rate",0,79.4,T10101
T10101,A255RL,20,Goods,1965Q3,Fisher Quantity Index,"Percent change, annual rate",0,3.6,T10101
T10101,A255RL,20,Goods,1965Q4,Fisher Quantity Index,"Percent change, annual rate",0,21.1,T10101
T10101,A255RL,20,Goods,1966Q1,Fisher Quantity Index,"Percent change, annual rate",0,11.0,T10101
T10101,A255RL,20,Goods,1966Q2,Fisher Quantity Index,"Percent change, annual rate",0,6.3,T10101
T10101,A255RL,20,Goods,1966Q3,Fisher Quantity Index,"Percent change, annual rate",0,28.4,T10101
T10101,A255RL,20,Goods,1966Q4,Fisher Quantity Index,"Percent change, annual rate",0,4.9,T10101
T10101,A255RL,20,Goods,1967Q1,Fisher Quantity Index,"Percent change, annual rate",0,1.3,T10101
T10101,A255RL,20,Goods,1967Q2,Fisher Quantity Index,"Percent change, annual rate",0,-11.1,T10101
T10101,A255RL,20,Goods,1967Q3,Fisher Quantity Index,"Percent change, annual rate",0,3.3,T10101
T10101,A255RL,20,Goods,1967Q4,Fisher Quantity Index,"Percent change, annual rate",0,42.8,T10101
T10101,A255RL,20,Goods,1968Q1,Fisher Quantity Index,"Percent change, annual rate",0,36.0,T10101
T10101,A255RL,20,Goods,1968Q2,Fisher Quantity Index,"Percent change, annual rate",0,10.2,T10101
T10101,A255RL,20,Goods,1968Q3,Fisher Quantity Index,"Percent change, annual rate",0,30.6,T10101
T10101,A255RL,20,Goods,1968Q4,Fisher Quantity Index,"Percent change, annual rate",0,-6.4,T10101
T10101,A255RL,20,Goods,1969Q1,Fisher Quantity Index,"Percent change, annual rate",0,-42.4,T10101
T10101,A255RL,20,Goods,1969Q2,Fisher Quantity Index,"Percent change, annual rate",0,157.2,T10101
T10101,A255RL,20,Goods,1969Q3,Fisher Quantity Index,"Percent change, annual rate",0,-7.9,T10101
T10101,A255RL,20,Goods,1969Q4,Fisher Quantity Index,"Percent change, annual rate",0,-9.8,T10101
T10101,A255RL,20,Goods,1970Q1,Fisher Quantity Index,"Percent change, annual rate",0,0.7,T10101
T10101,A255RL,20,Goods,1970Q2,Fisher Quantity Index,"Percent change, annual rate",0,3.2,T10101
T10101,A255RL,20,Goods,1970Q3,Fisher Quantity Index,"Percent change, annual rate",0,-1.2,T10101
T10101,A255RL,20,Goods,1970Q4,Fisher Quantity Index,"Percent change, annual rate",0,11.7,T10101
T10101,A255RL,20,Goods,1971Q1,Fisher Quantity Index,"Percent change, annual rate",0,-2.0,T10101
T10101,A255RL,20,Goods,1971Q2,Fisher Quantity Index,"Percent change, annual rate",0,44.6,T10101
T10101,A255RL,20,Goods,1971Q3,Fisher Quantity Index,"Percent change, annual rate",0,14.9,T10101
T10101,A255RL,20,Goods,1971Q4,Fisher Quantity Index,"Percent change, annual rate",0,-31.1,T10101
T10101,A255RL,20,Goods,1972Q1,Fisher Quantity Index,"Percent change, annual rate",0,90.8,T10101
T10101,A255RL,20,Goods,1972Q2,Fisher Quantity Index,"Percent change, annual rate",0,-17.6,T10101
T10101,A255RL,20,Goods,1972Q3,Fisher Quantity Index,"Percent change, annual rate",0,18.2,T10101
T10101,A255RL,20,Goods,1972Q4,Fisher Quantity Index,"Percent change, annual rate",0,20.1,T10101
T10101,A255RL,20,Goods,1973Q1,Fisher Quantity Index,"Percent change, annual rate",0,22.4,T10101
T10101,A255RL,20,Goods,1973Q2,Fisher Quantity Index,"Percent change, annual rate",0,-9.8,T10101
T10101,A255RL,20,Goods,1973Q3,Fisher Quantity Index,"Percent change, annual rate",0,-6.1,T10101
T10101,A255RL,20,Goods,1973Q4,Fisher Quantity Index,"Percent change, annual rate",0,3.0,T10101
T10101,A255RL,20,Goods,1974Q1,Fisher Quantity Index,"Percent change, annual rate",0,-17.6,T10101
T10101,A255RL,20,Goods,1974Q2,Fisher Quantity Index,"Percent change, annual rate",0,25.2,T10101
T10101,A255RL,20,Goods,1974Q3,Fisher Quantity Index,"Percent change, annual rate",0,-6.7,T10101
T10101,A255RL,20,Goods,1974Q4,Fisher Quantity Index,"Percent change, annual rate",0,-7.0,T10101
T10101,A255RL,20,Goods,1975Q1,Fisher Quantity Index,"Percent change, annual rate",0,-39.1,T10101
T10101,A255RL,20,Goods,1975Q2,Fisher Quantity Index,"Percent change, annual rate",0,-30.1,T10101
T10101,A255RL,20,Goods,1975Q3,Fisher Quantity Index,"Percent change, annual rate",0,48.6,T10101
T10101,A255RL,20,Goods,1975Q4,Fisher Quantity Index,"Percent change, annual rate",0,24.4,T10101
T10101,A255RL,20,Goods,1976Q1,Fisher Quantity Index,"Percent change, annual rate",0,31.8,T10101
T10101,A255RL,20,Goods,1976Q2,Fisher Quantity Index,"Percent change, annual rate",0,21.5,T10101
T10101,A255RL,20,Goods,1976Q3,Fisher Quantity Index,"Percent change, annual rate",0,19.0,T10101
T10101,A255RL,20,Goods,1976Q4,Fisher Quantity Index,"Percent change, annual rate",0,15.2,T10101
T10101,A255RL,20,Goods,1977Q1,Fisher Quantity Index,"Percent change, annual rate",0,23.3,T10101
T10101,A255RL,20,Goods,1977Q2,Fisher Quantity Index,"Percent change, annual rate",0,3.1,T10101
T10101,A255RL,20,Goods,1977Q3,Fisher Quantity Index,"Percent change, annual rate",0,-4.6,T10101
T10101,A255RL,20,Goods,1977Q4,Fisher Quantity Index,"Percent change, annual rate",0,5.9,T10101
T10101,A255RL,20,Goods,1978Q1,Fisher Quantity Index,"Percent change, annual rate",0,30.8,T10101
T10101,A255RL,20,Goods,1978Q2,Fisher Quantity Index,"Percent change, annual rate",0,1.7,T10101
T10101,A255RL,20,Goods,1978Q3,Fisher Quantity Index,"Percent change, annual rate",0,4.8,T10101
T10101,A255RL,20,Goods,1978Q4,Fisher Quantity Index,"Percent change, annual rate",0,5.2,T10101
T10101,A255RL,20,Goods,1979Q1,Fisher Quantity Index,"Percent change, annual rate",0,-0.7,T10101
T10101,A255RL,20,Goods,1979Q2,Fisher Quantity Index,"Percent change, annual rate",0,2.6,T10101
T10101,A255RL,20,Goods,1979Q3,Fisher Quantity Index,"Percent change, annual rate",0,-6.6,T10101
T10101,A255RL,20,Goods,1979Q4,Fisher Quantity Index,"Percent change, annual rate",0,10.6,T10101
T10101,A255RL,20,Goods,1980Q1,Fisher Quantity Index,"Percent change, annual rate",0,0.5,T10101
T10101,A255RL,20,Goods,1980Q2,Fisher Quantity Index,"Percent change, annual rate",0,-28.4,T10101
T10101,A255RL,20,Goods,1980Q3,Fisher Quantity Index,"Percent change, annual rate",0,-29.4,T10101
T10101,A255RL,20,Goods,1980Q4,Fisher Quantity Index,"Percent change, annual rate",0,24.6,T10101
T10101,A255RL,20,Goods,1981Q1,Fisher Quantity Index,"Percent change, annual rate",0,18.1,T10101
T10101,A255RL,20,Goods,1981Q2,Fisher Quantity Index,"Percent change, annual rate",0,0.2,T10101
T10101,A255RL,20,Goods,1981Q3,Fisher Quantity Index,"Percent change, annual rate",0,-3.7,T10101
T10101,A255RL,20,Goods,1981Q4,Fisher Quantity Index,"Percent change, annual rate",0,13.6,T10101
T10101,A255RL,20,Goods,1982Q1,Fisher Quantity Index,"Percent change, annual rate",0,-14.2,T10101
T10101,A255RL,20,Goods,1982Q2,Fisher Quantity Index,"Percent change, annual rate",0,-10.7,T10101
T10101,A255RL,20,Goods,1982Q3,Fisher Quantity Index,"Percent change, annual rate",0,25.1,T10101
T10101,A255RL,20,Goods,1982Q4,Fisher Quantity Index,"Percent change, annual rate",0,-19.5,T10101
T10101,A255RL,20,Goods,1983Q1,Fisher Quantity Index,"Percent change, annual rate",0,12.5,T10101
T10101,A255RL,20,Goods,1983Q2,Fisher Quantity Index,"Percent change, annual rate",0,37.7,T10101
T10101,A255RL,20,Goods,1983Q3,Fisher Quantity Index,"Percent change, annual rate",0,38.9,T10101
T10101,A255RL,20,Goods,1983Q4,Fisher Quantity Index,"Percent change, annual rate",0,24.3,T10101
T10101,A255RL,20,Goods,1984Q1,Fisher Quantity Index,"Percent change, annual rate",0,32.7,T10101
T10101,A255RL,20,Goods,1984Q2,Fisher Quantity Index,"Percent change, annual rate",0,17.4,T10101
T10101,A255RL,20,Goods,1984Q3,Fisher Quantity Index,"Percent change, annual rate",0,8.6,T10101
T10101,A255RL,20,Goods,1984Q4,Fisher Quantity Index,"Percent change, annual rate",0,10.8,T10101
T10101,A255RL,20,Goods,1985Q1,Fisher Quantity Index,"Percent change, annual rate",0,-11.9,T10101
T10101,A255RL,20,Goods,1985Q2,Fisher Quantity Index,"Percent change, annual rate",0,25.7,T10101
T10101,A255RL,20,Goods,1985Q3,Fisher Quantity Index,"Percent change, annual rate",0,-1.4,T10101
T10101,A255RL,20,Goods,1985Q4,Fisher Quantity Index,"Percent change, annual rate",0,20.4,T10101
T10101,A255RL,20,Goods,1986Q1,Fisher Quantity Index,"Percent change, annual rate",0,-3.1,T10101
T10101,A255RL,20,Goods,1986Q2,Fisher Quantity Index,"Percent change, annual rate",0,27.8,T10101
T10101,A255RL,20,Goods,1986Q3,Fisher Quantity Index,"Percent change, annual rate",0,8.6,T10101
T10101,A255RL,20,Goods,1986Q4,Fisher Quantity Index,"Percent change, annual rate",0,2.7,T10101
T10101,A255RL,20,Goods,1987Q1,Fisher Quantity Index,"Percent change, annual rate",0,-6.2,T10101
T10101,A255RL,20,Goods,1987Q2,Fisher Quantity Index,"Percent change, annual rate",0,8.3,T10101
T10101,A255RL,20,Goods,1987Q3,Fisher Quantity Index,"Percent change, annual rate",0,10.0,T10101
T10101,A255RL,20,Goods,1987Q4,Fisher Quantity Index,"Percent change, annual rate",0,7.2,T10101
T10101,A255RL,20,Goods,1988Q1,Fisher Quantity Index,"Percent change, annual rate",0,-1.2,T10101
T10101,A255RL,20,Goods,1988Q2,Fisher Quantity Index,"Percent change, annual rate",0,-3.9,T10101
T10101,A255RL,20,Goods,1988Q3,Fisher Quantity Index,"Percent change, annual rate",0,10.3,T10101
T10101,A255RL,20,Goods,1988Q4,Fisher Quantity Index,"Percent change, annual rate",0,13.9,T10101
T10101,A255RL,20,Goods,1989Q1,Fisher Quantity Index,"Percent change, annual rate",0,1.2,T10101
T10101,A255RL,20,Goods,1989Q2,Fisher Quantity Index,"Percent change, annual rate",0,1.7,T10101
T10101,A255RL,20,Goods,1989Q3,Fisher Quantity Index,"Percent change, annual rate",0,-2.5,T10101
T10101,A255RL,20,Goods,1989Q4,Fisher Quantity Index,"Percent change, annual rate",0,8.5,T10101
T10101,A255RL,20,Goods,1990Q1,Fisher Quantity Index,"Percent change, annual rate",0,12.4,T10101
T10101,A255RL,20,Goods,1990Q2,Fisher Quantity Index,"Percent change, annual rate",0,-1.5,T10101
T10101,A255RL,20,Goods,1990Q3,Fisher Quantity Index,"Percent change, annual rate",0,-2.9,T10101
T10101,A255RL,20,Goods,1990Q4,Fisher Quantity Index,"Percent change, annual rate",0,-11.4,T10101
T10101,A255RL,20,Goods,1991Q1,Fisher Quantity Index,"Percent change, annual rate",0,-2.4,T10101
T10101,A255RL,20,Goods,1991Q2,Fisher Quantity Index,"Percent change, annual rate",0,6.8,T10101
T10101,A255RL,20,Goods,1991Q3,Fisher Quantity Index,"Percent change, annual rate",0,16.8,T10101
T10101,A255RL,20,Goods,1991Q4,Fisher Quantity Index,"Percent change, annual rate",0,9.9,T10101
T10101,A255RL,20,Goods,1992Q1,Fisher Quantity Index,"Percent change, annual rate",0,5.8,T10101
T10101,A255RL,20,Goods,1992Q2,Fisher Quantity Index,"Percent change, annual rate",0,10.3,T10101
T10101,A255RL,20,Goods,1992Q3,Fisher Quantity Index,"Percent change, annual rate",0,8.4,T10101
T10101,A255RL,20,Goods,1992Q4,Fisher Quantity Index,"Percent change, annual rate",0,10.8,T10101
T10101,A255RL,20,Goods,1993Q1,Fisher Quantity Index,"Percent change, annual rate",0,11.3,T10101
T10101,A255RL,20,Goods,1993Q2,Fisher Quantity Index,"Percent change, annual rate",0,9.4,T10101
T10101,A255RL,20,Goods,1993Q3,Fisher Quantity Index,"Percent change, annual rate",0,5.2,T10101
T10101,A255RL,20,Goods,1993Q4,Fisher Quantity Index,"Percent change, annual rate",0,17.6,T10101
T10101,A255RL,20,Goods,1994Q1,Fisher Quantity Index,"Percent change, annual rate",0,10.2,T10101
T10101,A255RL,20,Goods,1994Q2,Fisher Quantity Index,"Percent change, annual rate",0,18.9,T10101
T10101,A255RL,20,Goods,1994Q3,Fisher Quantity Index,"Percent change, annual rate",0,14.6,T10101
T10101,A255RL,20,Goods,1994Q4,Fisher Quantity Index,"Percent change, annual rate",0,14.9,T10101
T10101,A255RL,20,Goods,1995Q1,Fisher Quantity Index,"Percent change, annual rate",0,7.9,T10101
T10101,A255RL,20,Goods,1995Q2,Fisher Quantity Index,"Percent change, annual rate",0,5.6,T10101
T10101,A255RL,20,Goods,1995Q3,Fisher Quantity Index,"Percent change, annual rate",0,0.9,T10101
T10101,A255RL,20,Goods,1995Q4,Fisher Quantity Index,"Percent change, annual rate",0,4.6,T10101
T10101,A255RL,20,Goods,1996Q1,Fisher Quantity Index,"Percent change, annual rate",0,15.0,T10101
T10101,A255RL,20,Goods,1996Q2,Fisher Quantity Index,"Percent change, annual rate",0,10.5,T10101
T10101,A255RL,20,Goods,1996Q3,Fisher Quantity Index,"Percent change, annual rate",0,14.3,T10101
T10101,A255RL,20,Goods,1996Q4,Fisher Quantity Index,"Percent change, annual rate",0,10.1,T10101
T10101,A255RL,20,Goods,1997Q1,Fisher Quantity Index,"Percent change, annual rate",0,18.4,T10101
T10101,A255RL,20,Goods,1997Q2,Fisher Quantity Index,"Percent change, annual rate",0,16.1,T10101
T10101,A255RL,20,Goods,1997Q3,Fisher Quantity Index,"Percent change, annual rate",0,15.4,T10101
T10101,A255RL,20,Goods,1997Q4,Fisher Quantity Index,"Percent change, annual rate",0,9.3,T10101
T10101,A255RL,20,Goods,1998Q1,Fisher Quantity Index,"Percent change, annual rate",0,15.6,T10101
T10101,A255RL,20,Goods,1998Q2,Fisher Quantity Index,"Percent change, annual rate",0,9.7,T10101
T10101,A255RL,20,Goods,1998Q3,Fisher Quantity Index,"Percent change, annual rate",0,4.7,T10101
T10101,A255RL,20,Goods,1998Q4,Fisher Quantity Index,"Percent change, annual rate",0,15.7,T10101
T10101,A255RL,20,Goods,1999Q1,Fisher Quantity Index,"Percent change, annual rate",0,13.3,T10101
T10101,A255RL,20,Goods,1999Q2,Fisher Quantity Index,"Percent change, annual rate",0,14.2,T10101
T10101,A255RL,20,Goods,1999Q3,Fisher Quantity Index,"Percent change, annual rate",0,16.2,T10101
T10101,A255RL,20,Goods,1999Q4,Fisher Quantity Index,"Percent change, annual rate",0,11.0,T10101
T10101,A255RL,20,Goods,2000Q1,Fisher Quantity Index,"Percent change, annual rate",0,16.1,T10101
T10101,A255RL,20,Goods,2000Q2,Fisher Quantity Index,"Percent change, annual rate",0,12.1,T10101
T10101,A255RL,20,Goods,2000Q3,Fisher Quantity Index,"Percent change, annual rate",0,14.8,T10101
T10101,A255RL,20,Goods,2000Q4,Fisher Quantity Index,"Percent change, annual rate",0,0.7,T10101
T10101,A255RL,20,Goods,2001Q1,Fisher Quantity Index,"Percent change, annual rate",0,-6.5,T10101
T10101,A255RL,20,Goods,2001Q2,Fisher Quantity Index,"Percent change, annual rate",0,-15.0,T10101
T10101,A255RL,20,Goods,2001Q3,Fisher Quantity Index,"Percent change, annual rate",0,-7.6,T10101
T10101,A255RL,20,Goods,2001Q4,Fisher Quantity Index,"Percent change, annual rate",0,-2.9,T10101
T10101,A255RL,20,Goods,2002Q1,Fisher Quantity Index,"Percent change, annual rate",0,7.2,T10101
T10101,A255RL,20,Goods,2002Q2,Fisher Quantity Index,"Percent change, annual rate",0,18.6,T10101
T10101,A255RL,20,Goods,2002Q3,Fisher Quantity Index,"Percent change, annual rate",0,7.8,T10101
T10101,A255RL,20,Goods,2002Q4,Fisher Quantity Index,"Percent change, annual rate",0,5.3,T10101
T10101,A255RL,20,Goods,2003Q1,Fisher Quantity Index,"Percent change, annual rate",0,-0.4,T10101
T10101,A255RL,20,Goods,2003Q2,Fisher Quantity Index,"Percent change, annual rate",0,10.8,T10101
T10101,A255RL,20,Goods,2003Q3,Fisher Quantity Index,"Percent change, annual rate",0,2.9,T10101
T10101,A255RL,20,Goods,2003Q4,Fisher Quantity Index,"Percent change, annual rate",0,13.7,T10101
T10101,A255RL,20,Goods,2004Q1,Fisher Quantity Index,"Percent change, annual rate",0,12.1,T10101
T10101,A255RL,20,Goods,2004Q2,Fisher Quantity Index,"Percent change, annual rate",0,17.8,T10101
T10101,A255RL,20,Goods,2004Q3,Fisher Quantity Index,"Percent change, annual rate",0,5.5,T10101
T10101,A255RL,20,Goods,2004Q4,Fisher Quantity Index,"Percent change, annual rate",0,10.4,T10101
T10101,A255RL,20,Goods,2005Q1,Fisher Quantity Index,"Percent change, annual rate",0,4.7,T10101
T10101,A255RL,20,Goods,2005Q2,Fisher Quantity Index,"Percent change, annual rate",0,5.8,T10101
T10101,A255RL,20,Goods,2005Q3,Fisher Quantity Index,"Percent change, annual rate",0,1.7,T10101
T10101,A255RL,20,Goods,2005Q4,Fisher Quantity Index,"Percent change, annual rate",0,14.4,T10101
T10101,A255RL,20,Goods,2006Q1,Fisher Quantity Index,"Percent change, annual rate",0,6.2,T10101
T10101,A255RL,20,Goods,2006Q2,Fisher Quantity Index,"Percent change, annual rate",0,4.6,T10101
T10101,A255RL,20,Goods,2006Q3,Fisher Quantity Index,"Percent change, annual rate",0,5.4,T10101
T10101,A255RL,20,Goods,2006Q4,Fisher Quantity Index,"Percent change, annual rate",0,-3.0,T10101
T10101,A255RL,20,Goods,2007Q1,Fisher Quantity Index,"Percent change, annual rate",0,5.3,T10101
T10101,A255RL,20,Goods,2007Q2,Fisher Quantity Index,"Percent change, annual rate",0,1.7,T10101
T10101,A255RL,20,Goods,2007Q3,Fisher Quantity Index,"Percent change, annual rate",0,1.5,T10101
T10101,A255RL,20,Goods,2007Q4,Fisher Quantity Index,"Percent change, annual rate",0,-3.9,T10101
T10101,A255RL,20,Goods,2008Q1,Fisher Quantity Index,"Percent change, annual rate",0,-0.3,T10101
T10101,A255RL,20,Goods,2008Q2,Fisher Quantity Index,"Percent change, annual rate",0,-3.3,T10101
T10101,A255RL,20,Goods,2008Q3,Fisher Quantity Index,"Percent change, annual rate",0,-7.3,T10101
T10101,A255RL,20,Goods,2008Q4,Fisher Quantity Index,"Percent change, annual rate",0,-18.2,T10101
T10101,A255RL,20,Goods,2009Q1,Fisher Quantity Index,"Percent change, annual rate",0,-37.6,T10101
T10101,A255RL,20,Goods,2009Q2,Fisher Quantity Index,"Percent change, annual rate",0,-18.9,T10101
T10101,A255RL,20,Goods,2009Q3,Fisher Quantity Index,"Percent change, annual rate",0,21.4,T10101
T10101,A255RL,20,Goods,2009Q4,Fisher Quantity Index,"Percent change, annual rate",0,24.8,T10101
T10101,A255RL,20,Goods,2010Q1,Fisher Quantity Index,"Percent change, annual rate",0,12.8,T10101
T10101,A255RL,20,Goods,2010Q2,Fisher Quantity Index,"Percent change, annual rate",0,23.9,T10101
T10101,A255RL,20,Goods,2010Q3,Fisher Quantity Index,"Percent change, annual rate",0,16.0,T10101
T10101,A255RL,20,Goods,2010Q4,Fisher Quantity Index,"Percent change, annual rate",0,2.1,T10101
T10101,A255RL,20,Goods,2011Q1,Fisher Quantity Index,"Percent change, annual rate",0,3.9,T10101
T10101,A255RL,20,Goods,2011Q2,Fisher Quantity Index,"Percent change, annual rate",0,-0.1,T10101
T10101,A255RL,20,Goods,2011Q3,Fisher Quantity Index,"Percent change, annual rate",0,4.1,T10101
T10101,A255RL,20,Goods,2011Q4,Fisher Quantity Index,"Percent change, annual rate",0,7.0,T10101
T10101,A255RL,20,Goods,2012Q1,Fisher Quantity Index,"Percent change, annual rate",0,2.2,T10101
T10101,A255RL,20,Goods,2012Q2,Fisher Quantity Index,"Percent change, annual rate",0,1.4,T10101
T10101,A255RL,20,Goods,2012Q3,Fisher Quantity Index,"Percent change, annual rate",0,2.5,T10101
T10101,A255RL,20,Goods,2012Q4,Fisher Quantity Index,"Percent change, annual rate",0,-3.8,T10101
T10101,A255RL,20,Goods,2013Q1,Fisher Quantity Index,"Percent change, annual rate",0,2.0,T10101
T10101,A255RL,20,Goods,2013Q2,Fisher Quantity Index,"Percent change, annual rate",0,6.7,T10101
T10101,A255RL,20,Goods,2013Q3,Fisher Quantity Index,"Percent change, annual rate",0,3.5,T10101
T10101,A255RL,20,Goods,2013Q4,Fisher Quantity Index,"Percent change, annual rate",0,2.8,T10101
T10101,A255RL,20,Goods,2014Q1,Fisher Quantity Index,"Percent change, annual rate",0,5.0,T10101
T10101,A255RL,20,Goods,2014Q2,Fisher Quantity Index,"Percent change, annual rate",0,11.7,T10101
T10101,A255RL,20,Goods,2014Q3,Fisher Quantity Index,"Percent change, annual rate",0,1.0,T10101
T10101,A255RL,20,Goods,2014Q4,Fisher Quantity Index,"Percent change, annual rate",0,10.6,T10101
T10101,A255RL,20,Goods,2015Q1,Fisher Quantity Index,"Percent change, annual rate",0,9.1,T10101
T10101,A255RL,20,Goods,2015Q2,Fisher Quantity Index,"Percent change, annual rate",0,3.1,T10101
T10101,A255RL,20,Goods,2015Q3,Fisher Quantity Index,"Percent change, annual rate",0,2.0,T10101
T10101,A255RL,20,Goods,2015Q4,Fisher Quantity Index,"Percent change, annual rate",0,-0.8,T10101
T10101,A255RL,20,Goods,2016Q1,Fisher Quantity Index,"Percent change, annual rate",0,0.0,T10101
T10101,A255RL,20,Goods,2016Q2,Fisher Quantity Index,"Percent change, annual rate",0,0.3,T10101
T10101,A255RL,20,Goods,2016Q3,Fisher Quantity Index,"Percent change, annual rate",0,2.1,T10101
T10101,A255RL,20,Goods,2016Q4,Fisher Quantity Index,"Percent change, annual rate",0,8.5,T10101
T10101,A255RL,20,Goods,2017Q1,Fisher Quantity Index,"Percent change, annual rate",0,5.0,T10101
T10101,A255RL,20,Goods,2017Q2,Fisher Quantity Index,"Percent change, annual rate",0,3.1,T10101
T10101,A255RL,20,Goods,2017Q3,Fisher Quantity Index,"Percent change, annual rate",0,-1.3,T10101
T10101,A255RL,20,Goods,2017Q4,Fisher Quantity Index,"Percent change, annual rate",0,15.8,T10101
T10101,A255RL,20,Goods,2018Q1,Fisher Quantity Index,"Percent change, annual rate",0,4.2,T10101
T10101,A255RL,20,Goods,2018Q2,Fisher Quantity Index,"Percent change, annual rate",0,0.8,T10101
T10101,A255RL,20,Goods,2018Q3,Fisher Quantity Index,"Percent change, annual rate",0,7.3,T10101
T10101,A255RL,20,Goods,2018Q4,Fisher Quantity Index,"Percent change, annual rate",0,2.8,T10101
T10101,A255RL,20,Goods,2019Q1,Fisher Quantity Index,"Percent change, annual rate",0,-2.1,T10101
T10101,A255RL,20,Goods,2019Q2,Fisher Quantity Index,"Percent change, annual rate",0,2.0,T10101
T10101,A255RL,20,Goods,2019Q3,Fisher Quantity Index,"Percent change, annual rate",0,-1.5,T10101
T10101,A255RL,20,Goods,2019Q4,Fisher Quantity Index,"Percent change, annual rate",0,-8.4,T10101
T10101,A255RL,20,Goods,2020Q1,Fisher Quantity Index,"Percent change, annual rate",0,-10.7,T10101
T10101,A255RL,20,Goods,2020Q2,Fisher Quantity Index,"Percent change, annual rate",0,-48.2,T10101
T10101,A255RL,20,Goods,2020Q3,Fisher Quantity Index,"Percent change, annual rate",0,100.5,T10101
T10101,A255RL,20,Goods,2020Q4,Fisher Quantity Index,"Percent change, annual rate",0,32.2,T10101
T10101,A255RL,20,Goods,2021Q1,Fisher Quantity Index,"Percent change, annual rate",0,7.0,T10101
T10101,A255RL,20,Goods,2021Q2,Fisher Quantity Index,"Percent change, annual rate",0,6.0,T10101
T10101,A255RL,20,Goods,2021Q3,Fisher Quantity Index,"Percent change, annual rate",0,-0.3,T10101
T10101,A255RL,20,Goods,2021Q4,Fisher Quantity Index,"Percent change, annual rate",0,23.5,T10101
T10101,A255RL,20,Goods,2022Q1,Fisher Quantity Index,"Percent change, annual rate",0,12.1,T10101
T10101,A255RL,20,Goods,2022Q2,Fisher Quantity Index,"Percent change, annual rate",0,4.1,T10101
T10101,A255RL,20,Goods,2022Q3,Fisher Quantity Index,"Percent change, annual rate",0,-8.9,T10101
T10101,A255RL,20,Goods,2022Q4,Fisher Quantity Index,"Percent change, annual rate",0,-2.9,T10101
T10101,A255RL,20,Goods,2023Q1,Fisher Quantity Index,"Percent change, annual rate",0,-1.3,T10101
T10101,A255RL,20,Goods,2023Q2,Fisher Quantity Index,"Percent change, annual rate",0,-4.3,T10101
T10101,A255RL,20,Goods,2023Q3,Fisher Quantity Index,"Percent change, annual rate",0,4.1,T10101
T10101,A255RL,20,Goods,2023Q4,Fisher Quantity Index,"Percent change, annual rate",0,2.8,T10101
T10101,A255RL,20,Goods,2024Q1,Fisher Quantity Index,"Percent change, annual rate",0,7.4,T10101
T10101,A255RL,20,Goods,2024Q2,Fisher Quantity Index,"Percent change, annual rate",0,9.0,T10101
T10101,A255RL,20,Goods,2024Q3,Fisher Quantity Index,"Percent change, annual rate",0,8.9,T10101
T10101,A255RL,20,Goods,2024Q4,Fisher Quantity Index,"Percent change, annual rate",0,-3.1,T10101
T10101,A255RL,20,Goods,2025Q1,Fisher Quantity Index,"Percent change, annual rate",0,52.0,T10101
T10101,A255RL,20,Goods,2025Q2,Fisher Quantity Index,"Percent change, annual rate",0,-35.0,T10101
T10101,A255RL,20,Goods,2025Q3,Fisher Quantity Index,"Percent change, annual rate",0,-7.1,T10101
T10101,A656RL,21,Services,1947Q2,Fisher Quantity Index,"Percent change, annual rate",0,3.5,T10101
T10101,A656RL,21,Services,1947Q3,Fisher Quantity Index,"Percent change, annual rate",0,-14.9,T10101
T10101,A656RL,21,Services,1947Q4,Fisher Quantity Index,"Percent change, annual rate",0,98.0,T10101
T10101,A656RL,21,Services,1948Q1,Fisher Quantity Index,"Percent change, annual rate",0,5.7,T10101
T10101,A656RL,21,Services,1948Q2,Fisher Quantity Index,"Percent change, annual rate",0,17.4,T10101
T10101,A656RL,21,Services,1948Q3,Fisher Quantity Index,"Percent change, annual rate",0,73.9,T10101
T10101,A656RL,21,Services,1948Q4,Fisher Quantity Index,"Percent change, annual rate",0,-19.5,T10101
T10101,A656RL,21,Services,1949Q1,Fisher Quantity Index,"Percent change, annual rate",0,-15.1,T10101
T10101,A656RL,21,Services,1949Q2,Fisher Quantity Index,"Percent change, annual rate",0,15.6,T10101
T10101,A656RL,21,Services,1949Q3,Fisher Quantity Index,"Percent change, annual rate",0,-26.7,T10101
T10101,A656RL,21,Services,1949Q4,Fisher Quantity Index,"Percent change, annual rate",0,-13.4,T10101
T10101,A656RL,21,Services,1950Q1,Fisher Quantity Index,"Percent change, annual rate",0,20.5,T10101
T10101,A656RL,21,Services,1950Q2,Fisher Quantity Index,"Percent change, annual rate",0,15.9,T10101
T10101,A656RL,21,Services,1950Q3,Fisher Quantity Index,"Percent change, annual rate",0,21.0,T10101
T10101,A656RL,21,Services,1950Q4,Fisher Quantity Index,"Percent change, annual rate",0,36.1,T10101
T10101,A656RL,21,Services,1951Q1,Fisher Quantity Index,"Percent change, annual rate",0,30.1,T10101
T10101,A656RL,21,Services,1951Q2,Fisher Quantity Index,"Percent change, annual rate",0,1.2,T10101
T10101,A656RL,21,Services,1951Q3,Fisher Quantity Index,"Percent change, annual rate",0,51.7,T10101
T10101,A656RL,21,Services,1951Q4,Fisher Quantity Index,"Percent change, annual rate",0,55.6,T10101
T10101,A656RL,21,Services,1952Q1,Fisher Quantity Index,"Percent change, annual rate",0,32.3,T10101
T10101,A656RL,21,Services,1952Q2,Fisher Quantity Index,"Percent change, annual rate",0,-16.8,T10101
T10101,A656RL,21,Services,1952Q3,Fisher Quantity Index,"Percent change, annual rate",0,61.5,T10101
T10101,A656RL,21,Services,1952Q4,Fisher Quantity Index,"Percent change, annual rate",0,71.9,T10101
T10101,A656RL,21,Services,1953Q1,Fisher Quantity Index,"Percent change, annual rate",0,-15.0,T10101
T10101,A656RL,21,Services,1953Q2,Fisher Quantity Index,"Percent change, annual rate",0,16.0,T10101
T10101,A656RL,21,Services,1953Q3,Fisher Quantity Index,"Percent change, annual rate",0,23.8,T10101
T10101,A656RL,21,Services,1953Q4,Fisher Quantity Index,"Percent change, annual rate",0,11.0,T10101
T10101,A656RL,21,Services,1954Q1,Fisher Quantity Index,"Percent change, annual rate",0,-33.0,T10101
T10101,A656RL,21,Services,1954Q2,Fisher Quantity Index,"Percent change, annual rate",0,30.9,T10101
T10101,A656RL,21,Services,1954Q3,Fisher Quantity Index,"Percent change, annual rate",0,-4.2,T10101
T10101,A656RL,21,Services,1954Q4,Fisher Quantity Index,"Percent change, annual rate",0,18.5,T10101
T10101,A656RL,21,Services,1955Q1,Fisher Quantity Index,"Percent change, annual rate",0,-12.9,T10101
T10101,A656RL,21,Services,1955Q2,Fisher Quantity Index,"Percent change, annual rate",0,80.5,T10101
T10101,A656RL,21,Services,1955Q3,Fisher Quantity Index,"Percent change, annual rate",0,18.6,T10101
T10101,A656RL,21,Services,1955Q4,Fisher Quantity Index,"Percent change, annual rate",0,-29.2,T10101
T10101,A656RL,21,Services,1956Q1,Fisher Quantity Index,"Percent change, annual rate",0,19.5,T10101
T10101,A656RL,21,Services,1956Q2,Fisher Quantity Index,"Percent change, annual rate",0,25.1,T10101
T10101,A656RL,21,Services,1956Q3,Fisher Quantity Index,"Percent change, annual rate",0,21.3,T10101
T10101,A656RL,21,Services,1956Q4,Fisher Quantity Index,"Percent change, annual rate",0,-48.0,T10101
T10101,A656RL,21,Services,1957Q1,Fisher Quantity Index,"Percent change, annual rate",0,113.6,T10101
T10101,A656RL,21,Services,1957Q2,Fisher Quantity Index,"Percent change, annual rate",0,-1.3,T10101
T10101,A656RL,21,Services,1957Q3,Fisher Quantity Index,"Percent change, annual rate",0,-9.6,T10101
T10101,A656RL,21,Services,1957Q4,Fisher Quantity Index,"Percent change, annual rate",0,-30.2,T10101
T10101,A656RL,21,Services,1958Q1,Fisher Quantity Index,"Percent change, annual rate",0,70.2,T10101
T10101,A656RL,21,Services,1958Q2,Fisher Quantity Index,"Percent change, annual rate",0,37.4,T10101
T10101,A656RL,21,Services,1958Q3,Fisher Quantity Index,"Percent change, annual rate",0,-21.8,T10101
T10101,A656RL,21,Services,1958Q4,Fisher Quantity Index,"Percent change, annual rate",0,3.5,T10101
T10101,A656RL,21,Services,1959Q1,Fisher Quantity Index,"Percent change, annual rate",0,-12.0,T10101
T10101,A656RL,21,Services,1959Q2,Fisher Quantity Index,"Percent change, annual rate",0,7.1,T10101
T10101,A656RL,21,Services,1959Q3,Fisher Quantity Index,"Percent change, annual rate",0,3.5,T10101
T10101,A656RL,21,Services,1959Q4,Fisher Quantity Index,"Percent change, annual rate",0,-0.5,T10101
T10101,A656RL,21,Services,1960Q1,Fisher Quantity Index,"Percent change, annual rate",0,33.8,T10101
T10101,A656RL,21,Services,1960Q2,Fisher Quantity Index,"Percent change, annual rate",0,-2.2,T10101
T10101,A656RL,21,Services,1960Q3,Fisher Quantity Index,"Percent change, annual rate",0,8.7,T10101
T10101,A656RL,21,Services,1960Q4,Fisher Quantity Index,"Percent change, annual rate",0,-17.3,T10101
T10101,A656RL,21,Services,1961Q1,Fisher Quantity Index,"Percent change, annual rate",0,2.2,T10101
T10101,A656RL,21,Services,1961Q2,Fisher Quantity Index,"Percent change, annual rate",0,1.2,T10101
T10101,A656RL,21,Services,1961Q3,Fisher Quantity Index,"Percent change, annual rate",0,-3.1,T10101
T10101,A656RL,21,Services,1961Q4,Fisher Quantity Index,"Percent change, annual rate",0,9.6,T10101
T10101,A656RL,21,Services,1962Q1,Fisher Quantity Index,"Percent change, annual rate",0,7.8,T10101
T10101,A656RL,21,Services,1962Q2,Fisher Quantity Index,"Percent change, annual rate",0,1.0,T10101
T10101,A656RL,21,Services,1962Q3,Fisher Quantity Index,"Percent change, annual rate",0,0.7,T10101
T10101,A656RL,21,Services,1962Q4,Fisher Quantity Index,"Percent change, annual rate",0,17.6,T10101
T10101,A656RL,21,Services,1963Q1,Fisher Quantity Index,"Percent change, annual rate",0,-16.3,T10101
T10101,A656RL,21,Services,1963Q2,Fisher Quantity Index,"Percent change, annual rate",0,0.7,T10101
T10101,A656RL,21,Services,1963Q3,Fisher Quantity Index,"Percent change, annual rate",0,9.9,T10101
T10101,A656RL,21,Services,1963Q4,Fisher Quantity Index,"Percent change, annual rate",0,-1.9,T10101
T10101,A656RL,21,Services,1964Q1,Fisher Quantity Index,"Percent change, annual rate",0,5.8,T10101
T10101,A656RL,21,Services,1964Q2,Fisher Quantity Index,"Percent change, annual rate",0,-1.1,T10101
T10101,A656RL,21,Services,1964Q3,Fisher Quantity Index,"Percent change, annual rate",0,1.3,T10101
T10101,A656RL,21,Services,1964Q4,Fisher Quantity Index,"Percent change, annual rate",0,5.2,T10101
T10101,A656RL,21,Services,1965Q1,Fisher Quantity Index,"Percent change, annual rate",0,-5.3,T10101
T10101,A656RL,21,Services,1965Q2,Fisher Quantity Index,"Percent change, annual rate",0,13.6,T10101
T10101,A656RL,21,Services,1965Q3,Fisher Quantity Index,"Percent change, annual rate",0,-3.1,T10101
T10101,A656RL,21,Services,1965Q4,Fisher Quantity Index,"Percent change, annual rate",0,20.7,T10101
T10101,A656RL,21,Services,1966Q1,Fisher Quantity Index,"Percent change, annual rate",0,10.3,T10101
T10101,A656RL,21,Services,1966Q2,Fisher Quantity Index,"Percent change, annual rate",0,20.8,T10101
T10101,A656RL,21,Services,1966Q3,Fisher Quantity Index,"Percent change, annual rate",0,15.2,T10101
T10101,A656RL,21,Services,1966Q4,Fisher Quantity Index,"Percent change, annual rate",0,3.9,T10101
T10101,A656RL,21,Services,1967Q1,Fisher Quantity Index,"Percent change, annual rate",0,19.9,T10101
T10101,A656RL,21,Services,1967Q2,Fisher Quantity Index,"Percent change, annual rate",0,17.7,T10101
T10101,A656RL,21,Services,1967Q3,Fisher Quantity Index,"Percent change, annual rate",0,10.0,T10101
T10101,A656RL,21,Services,1967Q4,Fisher Quantity Index,"Percent change, annual rate",0,-12.9,T10101
T10101,A656RL,21,Services,1968Q1,Fisher Quantity Index,"Percent change, annual rate",0,3.0,T10101
T10101,A656RL,21,Services,1968Q2,Fisher Quantity Index,"Percent change, annual rate",0,-3.5,T10101
T10101,A656RL,21,Services,1968Q3,Fisher Quantity Index,"Percent change, annual rate",0,15.3,T10101
T10101,A656RL,21,Services,1968Q4,Fisher Quantity Index,"Percent change, annual rate",0,5.7,T10101
T10101,A656RL,21,Services,1969Q1,Fisher Quantity Index,"Percent change, annual rate",0,-0.7,T10101
T10101,A656RL,21,Services,1969Q2,Fisher Quantity Index,"Percent change, annual rate",0,14.5,T10101
T10101,A656RL,21,Services,1969Q3,Fisher Quantity Index,"Percent change, annual rate",0,3.4,T10101
T10101,A656RL,21,Services,1969Q4,Fisher Quantity Index,"Percent change, annual rate",0,12.4,T10101
T10101,A656RL,21,Services,1970Q1,Fisher Quantity Index,"Percent change, annual rate",0,-6.7,T10101
T10101,A656RL,21,Services,1970Q2,Fisher Quantity Index,"Percent change, annual rate",0,22.6,T10101
T10101,A656RL,21,Services,1970Q3,Fisher Quantity Index,"Percent change, annual rate",0,-0.1,T10101
T10101,A656RL,21,Services,1970Q4,Fisher Quantity Index,"Percent change, annual rate",0,-7.0,T10101
T10101,A656RL,21,Services,1971Q1,Fisher Quantity Index,"Percent change, annual rate",0,-11.7,T10101
T10101,A656RL,21,Services,1971Q2,Fisher Quantity Index,"Percent change, annual rate",0,6.9,T10101
T10101,A656RL,21,Services,1971Q3,Fisher Quantity Index,"Percent change, annual rate",0,-6.6,T10101
T10101,A656RL,21,Services,1971Q4,Fisher Quantity Index,"Percent change, annual rate",0,-0.9,T10101
T10101,A656RL,21,Services,1972Q1,Fisher Quantity Index,"Percent change, annual rate",0,27.4,T10101
T10101,A656RL,21,Services,1972Q2,Fisher Quantity Index,"Percent change, annual rate",0,0.9,T10101
T10101,A656RL,21,Services,1972Q3,Fisher Quantity Index,"Percent change, annual rate",0,-17.7,T10101
T10101,A656RL,21,Services,1972Q4,Fisher Quantity Index,"Percent change, annual rate",0,16.4,T10101
T10101,A656RL,21,Services,1973Q1,Fisher Quantity Index,"Percent change, annual rate",0,11.2,T10101
T10101,A656RL,21,Services,1973Q2,Fisher Quantity Index,"Percent change, annual rate",0,-15.4,T10101
T10101,A656RL,21,Services,1973Q3,Fisher Quantity Index,"Percent change, annual rate",0,-25.6,T10101
T10101,A656RL,21,Services,1973Q4,Fisher Quantity Index,"Percent change, annual rate",0,3.0,T10101
T10101,A656RL,21,Services,1974Q1,Fisher Quantity Index,"Percent change, annual rate",0,9.4,T10101
T10101,A656RL,21,Services,1974Q2,Fisher Quantity Index,"Percent change, annual rate",0,13.0,T10101
T10101,A656RL,21,Services,1974Q3,Fisher Quantity Index,"Percent change, annual rate",0,-7.7,T10101
T10101,A656RL,21,Services,1974Q4,Fisher Quantity Index,"Percent change, annual rate",0,11.1,T10101
T10101,A656RL,21,Services,1975Q1,Fisher Quantity Index,"Percent change, annual rate",0,-10.2,T10101
T10101,A656RL,21,Services,1975Q2,Fisher Quantity Index,"Percent change, annual rate",0,-21.4,T10101
T10101,A656RL,21,Services,1975Q3,Fisher Quantity Index,"Percent change, annual rate",0,0.1,T10101
T10101,A656RL,21,Services,1975Q4,Fisher Quantity Index,"Percent change, annual rate",0,17.4,T10101
T10101,A656RL,21,Services,1976Q1,Fisher Quantity Index,"Percent change, annual rate",0,10.3,T10101
T10101,A656RL,21,Services,1976Q2,Fisher Quantity Index,"Percent change, annual rate",0,5.3,T10101
T10101,A656RL,21,Services,1976Q3,Fisher Quantity Index,"Percent change, annual rate",0,10.3,T10101
T10101,A656RL,21,Services,1976Q4,Fisher Quantity Index,"Percent change, annual rate",0,8.5,T10101
T10101,A656RL,21,Services,1977Q1,Fisher Quantity Index,"Percent change, annual rate",0,5.3,T10101
T10101,A656RL,21,Services,1977Q2,Fisher Quantity Index,"Percent change, annual rate",0,7.6,T10101
T10101,A656RL,21,Services,1977Q3,Fisher Quantity Index,"Percent change, annual rate",0,-9.2,T10101
T10101,A656RL,21,Services,1977Q4,Fisher Quantity Index,"Percent change, annual rate",0,5.5,T10101
T10101,A656RL,21,Services,1978Q1,Fisher Quantity Index,"Percent change, annual rate",0,23.7,T10101
T10101,A656RL,21,Services,1978Q2,Fisher Quantity Index,"Percent change, annual rate",0,-0.8,T10101
T10101,A656RL,21,Services,1978Q3,Fisher Quantity Index,"Percent change, annual rate",0,8.2,T10101
T10101,A656RL,21,Services,1978Q4,Fisher Quantity Index,"Percent change, annual rate",0,7.6,T10101
T10101,A656RL,21,Services,1979Q1,Fisher Quantity Index,"Percent change, annual rate",0,-2.7,T10101
T10101,A656RL,21,Services,1979Q2,Fisher Quantity Index,"Percent change, annual rate",0,0.3,T10101
T10101,A656RL,21,Services,1979Q3,Fisher Quantity Index,"Percent change, annual rate",0,-2.7,T10101
T10101,A656RL,21,Services,1979Q4,Fisher Quantity Index,"Percent change, annual rate",0,0.6,T10101
T10101,A656RL,21,Services,1980Q1,Fisher Quantity Index,"Percent change, annual rate",0,-1.3,T10101
T10101,A656RL,21,Services,1980Q2,Fisher Quantity Index,"Percent change, annual rate",0,-11.0,T10101
T10101,A656RL,21,Services,1980Q3,Fisher Quantity Index,"Percent change, annual rate",0,-3.6,T10101
T10101,A656RL,21,Services,1980Q4,Fisher Quantity Index,"Percent change, annual rate",0,16.2,T10101
T10101,A656RL,21,Services,1981Q1,Fisher Quantity Index,"Percent change, annual rate",0,18.9,T10101
T10101,A656RL,21,Services,1981Q2,Fisher Quantity Index,"Percent change, annual rate",0,2.8,T10101
T10101,A656RL,21,Services,1981Q3,Fisher Quantity Index,"Percent change, annual rate",0,-8.3,T10101
T10101,A656RL,21,Services,1981Q4,Fisher Quantity Index,"Percent change, annual rate",0,3.7,T10101
T10101,A656RL,21,Services,1982Q1,Fisher Quantity Index,"Percent change, annual rate",0,8.0,T10101
T10101,A656RL,21,Services,1982Q2,Fisher Quantity Index,"Percent change, annual rate",0,17.7,T10101
T10101,A656RL,21,Services,1982Q3,Fisher Quantity Index,"Percent change, annual rate",0,-2.1,T10101
T10101,A656RL,21,Services,1982Q4,Fisher Quantity Index,"Percent change, annual rate",0,11.6,T10101
T10101,A656RL,21,Services,1983Q1,Fisher Quantity Index,"Percent change, annual rate",0,-3.6,T10101
T10101,A656RL,21,Services,1983Q2,Fisher Quantity Index,"Percent change, annual rate",0,20.3,T10101
T10101,A656RL,21,Services,1983Q3,Fisher Quantity Index,"Percent change, annual rate",0,17.3,T10101
T10101,A656RL,21,Services,1983Q4,Fisher Quantity Index,"Percent change, annual rate",0,6.2,T10101
T10101,A656RL,21,Services,1984Q1,Fisher Quantity Index,"Percent change, annual rate",0,55.7,T10101
T10101,A656RL,21,Services,1984Q2,Fisher Quantity Index,"Percent change, annual rate",0,20.1,T10101
T10101,A656RL,21,Services,1984Q3,Fisher Quantity Index,"Percent change, annual rate",0,21.6,T10101
T10101,A656RL,21,Services,1984Q4,Fisher Quantity Index,"Percent change, annual rate",0,19.3,T10101
T10101,A656RL,21,Services,1985Q1,Fisher Quantity Index,"Percent change, annual rate",0,8.7,T10101
T10101,A656RL,21,Services,1985Q2,Fisher Quantity Index,"Percent change, annual rate",0,2.0,T10101
T10101,A656RL,21,Services,1985Q3,Fisher Quantity Index,"Percent change, annual rate",0,-14.3,T10101
T10101,A656RL,21,Services,1985Q4,Fisher Quantity Index,"Percent change, annual rate",0,0.4,T10101
T10101,A656RL,21,Services,1986Q1,Fisher Quantity Index,"Percent change, annual rate",0,13.2,T10101
T10101,A656RL,21,Services,1986Q2,Fisher Quantity Index,"Percent change, annual rate",0,-17.0,T10101
T10101,A656RL,21,Services,1986Q3,Fisher Quantity Index,"Percent change, annual rate",0,25.9,T10101
T10101,A656RL,21,Services,1986Q4,Fisher Quantity Index,"Percent change, annual rate",0,5.3,T10101
T10101,A656RL,21,Services,1987Q1,Fisher Quantity Index,"Percent change, annual rate",0,16.8,T10101
T10101,A656RL,21,Services,1987Q2,Fisher Quantity Index,"Percent change, annual rate",0,20.2,T10101
T10101,A656RL,21,Services,1987Q3,Fisher Quantity Index,"Percent change, annual rate",0,-0.2,T10101
T10101,A656RL,21,Services,1987Q4,Fisher Quantity Index,"Percent change, annual rate",0,20.2,T10101
T10101,A656RL,21,Services,1988Q1,Fisher Quantity Index,"Percent change, annual rate",0,-4.5,T10101
T10101,A656RL,21,Services,1988Q2,Fisher Quantity Index,"Percent change, annual rate",0,-7.1,T10101
T10101,A656RL,21,Services,1988Q3,Fisher Quantity Index,"Percent change, annual rate",0,7.4,T10101
T10101,A656RL,21,Services,1988Q4,Fisher Quantity Index,"Percent change, annual rate",0,7.6,T10101
T10101,A656RL,21,Services,1989Q1,Fisher Quantity Index,"Percent change, annual rate",0,4.8,T10101
T10101,A656RL,21,Services,1989Q2,Fisher Quantity Index,"Percent change, annual rate",0,3.0,T10101
T10101,A656RL,21,Services,1989Q3,Fisher Quantity Index,"Percent change, annual rate",0,8.7,T10101
T10101,A656RL,21,Services,1989Q4,Fisher Quantity Index,"Percent change, annual rate",0,2.6,T10101
T10101,A656RL,21,Services,1990Q1,Fisher Quantity Index,"Percent change, annual rate",0,17.3,T10101
T10101,A656RL,21,Services,1990Q2,Fisher Quantity Index,"Percent change, annual rate",0,2.9,T10101
T10101,A656RL,21,Services,1990Q3,Fisher Quantity Index,"Percent change, annual rate",0,3.7,T10101
T10101,A656RL,21,Services,1990Q4,Fisher Quantity Index,"Percent change, annual rate",0,-5.6,T10101
T10101,A656RL,21,Services,1991Q1,Fisher Quantity Index,"Percent change, annual rate",0,-12.5,T10101
T10101,A656RL,21,Services,1991Q2,Fisher Quantity Index,"Percent change, annual rate",0,9.2,T10101
T10101,A656RL,21,Services,1991Q3,Fisher Quantity Index,"Percent change, annual rate",0,-6.7,T10101
T10101,A656RL,21,Services,1991Q4,Fisher Quantity Index,"Percent change, annual rate",0,5.8,T10101
T10101,A656RL,21,Services,1992Q1,Fisher Quantity Index,"Percent change, annual rate",0,-8.5,T10101
T10101,A656RL,21,Services,1992Q2,Fisher Quantity Index,"Percent change, annual rate",0,-7.3,T10101
T10101,A656RL,21,Services,1992Q3,Fisher Quantity Index,"Percent change, annual rate",0,-1.7,T10101
T10101,A656RL,21,Services,1992Q4,Fisher Quantity Index,"Percent change, annual rate",0,6.3,T10101
T10101,A656RL,21,Services,1993Q1,Fisher Quantity Index,"Percent change, annual rate",0,-1.1,T10101
T10101,A656RL,21,Services,1993Q2,Fisher Quantity Index,"Percent change, annual rate",0,4.6,T10101
T10101,A656RL,21,Services,1993Q3,Fisher Quantity Index,"Percent change, annual rate",0,6.3,T10101
T10101,A656RL,21,Services,1993Q4,Fisher Quantity Index,"Percent change, annual rate",0,14.4,T10101
T10101,A656RL,21,Services,1994Q1,Fisher Quantity Index,"Percent change, annual rate",0,6.9,T10101
T10101,A656RL,21,Services,1994Q2,Fisher Quantity Index,"Percent change, annual rate",0,1.8,T10101
T10101,A656RL,21,Services,1994Q3,Fisher Quantity Index,"Percent change, annual rate",0,-1.4,T10101
T10101,A656RL,21,Services,1994Q4,Fisher Quantity Index,"Percent change, annual rate",0,-3.0,T10101
T10101,A656RL,21,Services,1995Q1,Fisher Quantity Index,"Percent change, annual rate",0,15.3,T10101
T10101,A656RL,21,Services,1995Q2,Fisher Quantity Index,"Percent change, annual rate",0,-5.0,T10101
T10101,A656RL,21,Services,1995Q3,Fisher Quantity Index,"Percent change, annual rate",0,4.1,T10101
T10101,A656RL,21,Services,1995Q4,Fisher Quantity Index,"Percent change, annual rate",0,8.5,T10101
T10101,A656RL,21,Services,1996Q1,Fisher Quantity Index,"Percent change, annual rate",0,6.8,T10101
T10101,A656RL,21,Services,1996Q2,Fisher Quantity Index,"Percent change, annual rate",0,3.2,T10101
T10101,A656RL,21,Services,1996Q3,Fisher Quantity Index,"Percent change, annual rate",0,10.3,T10101
T10101,A656RL,21,Services,1996Q4,Fisher Quantity Index,"Percent change, annual rate",0,-1.5,T10101
T10101,A656RL,21,Services,1997Q1,Fisher Quantity Index,"Percent change, annual rate",0,17.4,T10101
T10101,A656RL,21,Services,1997Q2,Fisher Quantity Index,"Percent change, annual rate",0,4.4,T10101
T10101,A656RL,21,Services,1997Q3,Fisher Quantity Index,"Percent change, annual rate",0,16.7,T10101
T10101,A656RL,21,Services,1997Q4,Fisher Quantity Index,"Percent change, annual rate",0,7.1,T10101
T10101,A656RL,21,Services,1998Q1,Fisher Quantity Index,"Percent change, annual rate",0,17.4,T10101
T10101,A656RL,21,Services,1998Q2,Fisher Quantity Index,"Percent change, annual rate",0,8.3,T10101
T10101,A656RL,21,Services,1998Q3,Fisher Quantity Index,"Percent change, annual rate",0,9.5,T10101
T10101,A656RL,21,Services,1998Q4,Fisher Quantity Index,"Percent change, annual rate",0,3.6,T10101
T10101,A656RL,21,Services,1999Q1,Fisher Quantity Index,"Percent change, annual rate",0,4.5,T10101
T10101,A656RL,21,Services,1999Q2,Fisher Quantity Index,"Percent change, annual rate",0,1.4,T10101
T10101,A656RL,21,Services,1999Q3,Fisher Quantity Index,"Percent change, annual rate",0,10.4,T10101
T10101,A656RL,21,Services,1999Q4,Fisher Quantity Index,"Percent change, annual rate",0,8.7,T10101
T10101,A656RL,21,Services,2000Q1,Fisher Quantity Index,"Percent change, annual rate",0,15.2,T10101
T10101,A656RL,21,Services,2000Q2,Fisher Quantity Index,"Percent change, annual rate",0,20.4,T10101
T10101,A656RL,21,Services,2000Q3,Fisher Quantity Index,"Percent change, annual rate",0,17.3,T10101
T10101,A656RL,21,Services,2000Q4,Fisher Quantity Index,"Percent change, annual rate",0,-0.2,T10101
T10101,A656RL,21,Services,2001Q1,Fisher Quantity Index,"Percent change, annual rate",0,3.0,T10101
T10101,A656RL,21,Services,2001Q2,Fisher Quantity Index,"Percent change, annual rate",0,4.1,T10101
T10101,A656RL,21,Services,2001Q3,Fisher Quantity Index,"Percent change, annual rate",0,-14.4,T10101
T10101,A656RL,21,Services,2001Q4,Fisher Quantity Index,"Percent change, annual rate",0,-9.9,T10101
T10101,A656RL,21,Services,2002Q1,Fisher Quantity Index,"Percent change, annual rate",0,37.6,T10101
T10101,A656RL,21,Services,2002Q2,Fisher Quantity Index,"Percent change, annual rate",0,-5.8,T10101
T10101,A656RL,21,Services,2002Q3,Fisher Quantity Index,"Percent change, annual rate",0,-7.1,T10101
T10101,A656RL,21,Services,2002Q4,Fisher Quantity Index,"Percent change, annual rate",0,19.0,T10101
T10101,A656RL,21,Services,2003Q1,Fisher Quantity Index,"Percent change, annual rate",0,-7.9,T10101
T10101,A656RL,21,Services,2003Q2,Fisher Quantity Index,"Percent change, annual rate",0,-15.7,T10101
T10101,A656RL,21,Services,2003Q3,Fisher Quantity Index,"Percent change, annual rate",0,26.3,T10101
T10101,A656RL,21,Services,2003Q4,Fisher Quantity Index,"Percent change, annual rate",0,11.7,T10101
T10101,A656RL,21,Services,2004Q1,Fisher Quantity Index,"Percent change, annual rate",0,9.6,T10101
T10101,A656RL,21,Services,2004Q2,Fisher Quantity Index,"Percent change, annual rate",0,11.4,T10101
T10101,A656RL,21,Services,2004Q3,Fisher Quantity Index,"Percent change, annual rate",0,6.6,T10101
T10101,A656RL,21,Services,2004Q4,Fisher Quantity Index,"Percent change, annual rate",0,5.6,T10101
T10101,A656RL,21,Services,2005Q1,Fisher Quantity Index,"Percent change, annual rate",0,-2.4,T10101
T10101,A656RL,21,Services,2005Q2,Fisher Quantity Index,"Percent change, annual rate",0,3.5,T10101
T10101,A656RL,21,Services,2005Q3,Fisher Quantity Index,"Percent change, annual rate",0,5.2,T10101
T10101,A656RL,21,Services,2005Q4,Fisher Quantity Index,"Percent change, annual rate",0,8.8,T10101
T10101,A656RL,21,Services,2006Q1,Fisher Quantity Index,"Percent change, annual rate",0,21.6,T10101
T10101,A656RL,21,Services,2006Q2,Fisher Quantity Index,"Percent change, annual rate",0,1.0,T10101
T10101,A656RL,21,Services,2006Q3,Fisher Quantity Index,"Percent change, annual rate",0,-2.8,T10101
T10101,A656RL,21,Services,2006Q4,Fisher Quantity Index,"Percent change, annual rate",0,13.9,T10101
T10101,A656RL,21,Services,2007Q1,Fisher Quantity Index,"Percent change, annual rate",0,9.3,T10101
T10101,A656RL,21,Services,2007Q2,Fisher Quantity Index,"Percent change, annual rate",0,4.4,T10101
T10101,A656RL,21,Services,2007Q3,Fisher Quantity Index,"Percent change, annual rate",0,6.4,T10101
T10101,A656RL,21,Services,2007Q4,Fisher Quantity Index,"Percent change, annual rate",0,-2.9,T10101
T10101,A656RL,21,Services,2008Q1,Fisher Quantity Index,"Percent change, annual rate",0,11.1,T10101
T10101,A656RL,21,Services,2008Q2,Fisher Quantity Index,"Percent change, annual rate",0,-5.9,T10101
T10101,A656RL,21,Services,2008Q3,Fisher Quantity Index,"Percent change, annual rate",0,8.3,T10101
T10101,A656RL,21,Services,2008Q4,Fisher Quantity Index,"Percent change, annual rate",0,11.6,T10101
T10101,A656RL,21,Services,2009Q1,Fisher Quantity Index,"Percent change, annual rate",0,-9.7,T10101
T10101,A656RL,21,Services,2009Q2,Fisher Quantity Index,"Percent change, annual rate",0,-0.2,T10101
T10101,A656RL,21,Services,2009Q3,Fisher Quantity Index,"Percent change, annual rate",0,4.4,T10101
T10101,A656RL,21,Services,2009Q4,Fisher Quantity Index,"Percent change, annual rate",0,6.9,T10101
T10101,A656RL,21,Services,2010Q1,Fisher Quantity Index,"Percent change, annual rate",0,1.1,T10101
T10101,A656RL,21,Services,2010Q2,Fisher Quantity Index,"Percent change, annual rate",0,2.4,T10101
T10101,A656RL,21,Services,2010Q3,Fisher Quantity Index,"Percent change, annual rate",0,9.5,T10101
T10101,A656RL,21,Services,2010Q4,Fisher Quantity Index,"Percent change, annual rate",0,-1.3,T10101
T10101,A656RL,21,Services,2011Q1,Fisher Quantity Index,"Percent change, annual rate",0,-6.7,T10101
T10101,A656RL,21,Services,2011Q2,Fisher Quantity Index,"Percent change, annual rate",0,9.6,T10101
T10101,A656RL,21,Services,2011Q3,Fisher Quantity Index,"Percent change, annual rate",0,6.3,T10101
T10101,A656RL,21,Services,2011Q4,Fisher Quantity Index,"Percent change, annual rate",0,-2.2,T10101
T10101,A656RL,21,Services,2012Q1,Fisher Quantity Index,"Percent change, annual rate",0,1.2,T10101
T10101,A656RL,21,Services,2012Q2,Fisher Quantity Index,"Percent change, annual rate",0,2.2,T10101
T10101,A656RL,21,Services,2012Q3,Fisher Quantity Index,"Percent change, annual rate",0,0.5,T10101
T10101,A656RL,21,Services,2012Q4,Fisher Quantity Index,"Percent change, annual rate",0,-3.3,T10101
T10101,A656RL,21,Services,2013Q1,Fisher Quantity Index,"Percent change, annual rate",0,-10.8,T10101
T10101,A656RL,21,Services,2013Q2,Fisher Quantity Index,"Percent change, annual rate",0,2.1,T10101
T10101,A656RL,21,Services,2013Q3,Fisher Quantity Index,"Percent change, annual rate",0,0.2,T10101
T10101,A656RL,21,Services,2013Q4,Fisher Quantity Index,"Percent change, annual rate",0,5.0,T10101
T10101,A656RL,21,Services,2014Q1,Fisher Quantity Index,"Percent change, annual rate",0,6.4,T10101
T10101,A656RL,21,Services,2014Q2,Fisher Quantity Index,"Percent change, annual rate",0,-0.8,T10101
T10101,A656RL,21,Services,2014Q3,Fisher Quantity Index,"Percent change, annual rate",0,-0.3,T10101
T10101,A656RL,21,Services,2014Q4,Fisher Quantity Index,"Percent change, annual rate",0,12.7,T10101
T10101,A656RL,21,Services,2015Q1,Fisher Quantity Index,"Percent change, annual rate",0,-6.8,T10101
T10101,A656RL,21,Services,2015Q2,Fisher Quantity Index,"Percent change, annual rate",0,3.7,T10101
T10101,A656RL,21,Services,2015Q3,Fisher Quantity Index,"Percent change, annual rate",0,6.2,T10101
T10101,A656RL,21,Services,2015Q4,Fisher Quantity Index,"Percent change, annual rate",0,10.3,T10101
T10101,A656RL,21,Services,2016Q1,Fisher Quantity Index,"Percent change, annual rate",0,-2.4,T10101
T10101,A656RL,21,Services,2016Q2,Fisher Quantity Index,"Percent change, annual rate",0,1.4,T10101
T10101,A656RL,21,Services,2016Q3,Fisher Quantity Index,"Percent change, annual rate",0,6.8,T10101
T10101,A656RL,21,Services,2016Q4,Fisher Quantity Index,"Percent change, annual rate",0,-4.7,T10101
T10101,A656RL,21,Services,2017Q1,Fisher Quantity Index,"Percent change, annual rate",0,12.2,T10101
T10101,A656RL,21,Services,2017Q2,Fisher Quantity Index,"Percent change, annual rate",0,7.0,T10101
T10101,A656RL,21,Services,2017Q3,Fisher Quantity Index,"Percent change, annual rate",0,14.1,T10101
T10101,A656RL,21,Services,2017Q4,Fisher Quantity Index,"Percent change, annual rate",0,-4.0,T10101
T10101,A656RL,21,Services,2018Q1,Fisher Quantity Index,"Percent change, annual rate",0,-8.6,T10101
T10101,A656RL,21,Services,2018Q2,Fisher Quantity Index,"Percent change, annual rate",0,-0.9,T10101
T10101,A656RL,21,Services,2018Q3,Fisher Quantity Index,"Percent change, annual rate",0,-0.9,T10101
T10101,A656RL,21,Services,2018Q4,Fisher Quantity Index,"Percent change, annual rate",0,11.2,T10101
T10101,A656RL,21,Services,2019Q1,Fisher Quantity Index,"Percent change, annual rate",0,8.5,T10101
T10101,A656RL,21,Services,2019Q2,Fisher Quantity Index,"Percent change, annual rate",0,3.4,T10101
T10101,A656RL,21,Services,2019Q3,Fisher Quantity Index,"Percent change, annual rate",0,-2.8,T10101
T10101,A656RL,21,Services,2019Q4,Fisher Quantity Index,"Percent change, annual rate",0,-2.6,T10101
T10101,A656RL,21,Services,2020Q1,Fisher Quantity Index,"Percent change, annual rate",0,-24.4,T10101
T10101,A656RL,21,Services,2020Q2,Fisher Quantity Index,"Percent change, annual rate",0,-67.3,T10101
T10101,A656RL,21,Services,2020Q3,Fisher Quantity Index,"Percent change, annual rate",0,20.5,T10101
T10101,A656RL,21,Services,2020Q4,Fisher Quantity Index,"Percent change, annual rate",0,39.5,T10101
T10101,A656RL,21,Services,2021Q1,Fisher Quantity Index,"Percent change, annual rate",0,12.0,T10101
T10101,A656RL,21,Services,2021Q2,Fisher Quantity Index,"Percent change, annual rate",0,25.5,T10101
T10101,A656RL,21,Services,2021Q3,Fisher Quantity Index,"Percent change, annual rate",0,47.3,T10101
T10101,A656RL,21,Services,2021Q4,Fisher Quantity Index,"Percent change, annual rate",0,13.2,T10101
T10101,A656RL,21,Services,2022Q1,Fisher Quantity Index,"Percent change, annual rate",0,11.4,T10101
T10101,A656RL,21,Services,2022Q2,Fisher Quantity Index,"Percent change, annual rate",0,22.9,T10101
T10101,A656RL,21,Services,2022Q3,Fisher Quantity Index,"Percent change, annual rate",0,9.4,T10101
T10101,A656RL,21,Services,2022Q4,Fisher Quantity Index,"Percent change, annual rate",0,-4.2,T10101
T10101,A656RL,21,Services,2023Q1,Fisher Quantity Index,"Percent change, annual rate",0,0.0,T10101
T10101,A656RL,21,Services,2023Q2,Fisher Quantity Index,"Percent change, annual rate",0,7.2,T10101
T10101,A656RL,21,Services,2023Q3,Fisher Quantity Index,"Percent change, annual rate",0,-1.3,T10101
T10101,A656RL,21,Services,2023Q4,Fisher Quantity Index,"Percent change, annual rate",0,16.6,T10101
T10101,A656RL,21,Services,2024Q1,Fisher Quantity Index,"Percent change, annual rate",0,4.9,T10101
T10101,A656RL,21,Services,2024Q2,Fisher Quantity Index,"Percent change, annual rate",0,5.9,T10101
T10101,A656RL,21,Services,2024Q3,Fisher Quantity Index,"Percent change, annual rate",0,15.3,T10101
T10101,A656RL,21,Services,2024Q4,Fisher Quantity Index,"Percent change, annual rate",0,11.5,T10101
T10101,A656RL,21,Services,2025Q1,Fisher Quantity Index,"Percent change, annual rate",0,-5.8,T10101
T10101,A656RL,21,Services,2025Q2,Fisher Quantity Index,"Percent change, annual rate",0,-1.2,T10101
T10101,A656RL,21,Services,2025Q3,Fisher Quantity Index,"Percent change, annual rate",0,6.4,T10101
T10101,A822RL,22,Government consumption expenditures and gross investment,1947Q2,Fisher Quantity Index,"Percent change, annual rate",0,-0.3,T10101
T10101,A822RL,22,Government consumption expenditures and gross investment,1947Q3,Fisher Quantity Index,"Percent change, annual rate",0,0.0,T10101
T10101,A822RL,22,Government consumption expenditures and gross investment,1947Q4,Fisher Quantity Index,"Percent change, annual rate",0,-3.1,T10101
T10101,A822RL,22,Government consumption expenditures and gross investment,1948Q1,Fisher Quantity Index,"Percent change, annual rate",0,6.1,T10101
T10101,A822RL,22,Government consumption expenditures and gross investment,1948Q2,Fisher Quantity Index,"Percent change, annual rate",0,14.9,T10101
T10101,A822RL,22,Government consumption expenditures and gross investment,1948Q3,Fisher Quantity Index,"Percent change, annual rate",0,8.7,T10101
T10101,A822RL,22,Government consumption expenditures and gross investment,1948Q4,Fisher Quantity Index,"Percent change, annual rate",0,15.6,T10101
T10101,A822RL,22,Government consumption expenditures and gross investment,1949Q1,Fisher Quantity Index,"Percent change, annual rate",0,11.1,T10101
T10101,A822RL,22,Government consumption expenditures and gross investment,1949Q2,Fisher Quantity Index,"Percent change, annual rate",0,18.6,T10101
T10101,A822RL,22,Government consumption expenditures and gross investment,1949Q3,Fisher Quantity Index,"Percent change, annual rate",0,2.2,T10101
T10101,A822RL,22,Government consumption expenditures and gross investment,1949Q4,Fisher Quantity Index,"Percent change, annual rate",0,-6.8,T10101
T10101,A822RL,22,Government consumption expenditures and gross investment,1950Q1,Fisher Quantity Index,"Percent change, annual rate",0,-7.2,T10101
T10101,A822RL,22,Government consumption expenditures and gross investment,1950Q2,Fisher Quantity Index,"Percent change, annual rate",0,7.5,T10101
T10101,A822RL,22,Government consumption expenditures and gross investment,1950Q3,Fisher Quantity Index,"Percent change, annual rate",0,-6.3,T10101
T10101,A822RL,22,Government consumption expenditures and gross investment,1950Q4,Fisher Quantity Index,"Percent change, annual rate",0,31.4,T10101
T10101,A822RL,22,Government consumption expenditures and gross investment,1951Q1,Fisher Quantity Index,"Percent change, annual rate",0,49.8,T10101
T10101,A822RL,22,Government consumption expenditures and gross investment,1951Q2,Fisher Quantity Index,"Percent change, annual rate",0,64.9,T10101
T10101,A822RL,22,Government consumption expenditures and gross investment,1951Q3,Fisher Quantity Index,"Percent change, annual rate",0,51.7,T10101
T10101,A822RL,22,Government consumption expenditures and gross investment,1951Q4,Fisher Quantity Index,"Percent change, annual rate",0,22.9,T10101
T10101,A822RL,22,Government consumption expenditures and gross investment,1952Q1,Fisher Quantity Index,"Percent change, annual rate",0,12.4,T10101
T10101,A822RL,22,Government consumption expenditures and gross investment,1952Q2,Fisher Quantity Index,"Percent change, annual rate",0,14.3,T10101
T10101,A822RL,22,Government consumption expenditures and gross investment,1952Q3,Fisher Quantity Index,"Percent change, annual rate",0,4.1,T10101
T10101,A822RL,22,Government consumption expenditures and gross investment,1952Q4,Fisher Quantity Index,"Percent change, annual rate",0,6.8,T10101
T10101,A822RL,22,Government consumption expenditures and gross investment,1953Q1,Fisher Quantity Index,"Percent change, annual rate",0,13.3,T10101
T10101,A822RL,22,Government consumption expenditures and gross investment,1953Q2,Fisher Quantity Index,"Percent change, annual rate",0,8.5,T10101
T10101,A822RL,22,Government consumption expenditures and gross investment,1953Q3,Fisher Quantity Index,"Percent change, annual rate",0,-4.2,T10101
T10101,A822RL,22,Government consumption expenditures and gross investment,1953Q4,Fisher Quantity Index,"Percent change, annual rate",0,-1.0,T10101
T10101,A822RL,22,Government consumption expenditures and gross investment,1954Q1,Fisher Quantity Index,"Percent change, annual rate",0,-10.0,T10101
T10101,A822RL,22,Government consumption expenditures and gross investment,1954Q2,Fisher Quantity Index,"Percent change, annual rate",0,-12.9,T10101
T10101,A822RL,22,Government consumption expenditures and gross investment,1954Q3,Fisher Quantity Index,"Percent change, annual rate",0,-8.4,T10101
T10101,A822RL,22,Government consumption expenditures and gross investment,1954Q4,Fisher Quantity Index,"Percent change, annual rate",0,-2.4,T10101
T10101,A822RL,22,Government consumption expenditures and gross investment,1955Q1,Fisher Quantity Index,"Percent change, annual rate",0,0.2,T10101
T10101,A822RL,22,Government consumption expenditures and gross investment,1955Q2,Fisher Quantity Index,"Percent change, annual rate",0,-3.9,T10101
T10101,A822RL,22,Government consumption expenditures and gross investment,1955Q3,Fisher Quantity Index,"Percent change, annual rate",0,2.6,T10101
T10101,A822RL,22,Government consumption expenditures and gross investment,1955Q4,Fisher Quantity Index,"Percent change, annual rate",0,-7.7,T10101
T10101,A822RL,22,Government consumption expenditures and gross investment,1956Q1,Fisher Quantity Index,"Percent change, annual rate",0,-0.1,T10101
T10101,A822RL,22,Government consumption expenditures and gross investment,1956Q2,Fisher Quantity Index,"Percent change, annual rate",0,8.3,T10101
T10101,A822RL,22,Government consumption expenditures and gross investment,1956Q3,Fisher Quantity Index,"Percent change, annual rate",0,-3.5,T10101
T10101,A822RL,22,Government consumption expenditures and gross investment,1956Q4,Fisher Quantity Index,"Percent change, annual rate",0,10.6,T10101
T10101,A822RL,22,Government consumption expenditures and gross investment,1957Q1,Fisher Quantity Index,"Percent change, annual rate",0,8.9,T10101
T10101,A822RL,22,Government consumption expenditures and gross investment,1957Q2,Fisher Quantity Index,"Percent change, annual rate",0,-2.1,T10101
T10101,A822RL,22,Government consumption expenditures and gross investment,1957Q3,Fisher Quantity Index,"Percent change, annual rate",0,3.5,T10101
T10101,A822RL,22,Government consumption expenditures and gross investment,1957Q4,Fisher Quantity Index,"Percent change, annual rate",0,6.7,T10101
T10101,A822RL,22,Government consumption expenditures and gross investment,1958Q1,Fisher Quantity Index,"Percent change, annual rate",0,-3.4,T10101
T10101,A822RL,22,Government consumption expenditures and gross investment,1958Q2,Fisher Quantity Index,"Percent change, annual rate",0,10.4,T10101
T10101,A822RL,22,Government consumption expenditures and gross investment,1958Q3,Fisher Quantity Index,"Percent change, annual rate",0,2.3,T10101
T10101,A822RL,22,Government consumption expenditures and gross investment,1958Q4,Fisher Quantity Index,"Percent change, annual rate",0,8.3,T10101
T10101,A822RL,22,Government consumption expenditures and gross investment,1959Q1,Fisher Quantity Index,"Percent change, annual rate",0,-4.0,T10101
T10101,A822RL,22,Government consumption expenditures and gross investment,1959Q2,Fisher Quantity Index,"Percent change, annual rate",0,5.0,T10101
T10101,A822RL,22,Government consumption expenditures and gross investment,1959Q3,Fisher Quantity Index,"Percent change, annual rate",0,3.5,T10101
T10101,A822RL,22,Government consumption expenditures and gross investment,1959Q4,Fisher Quantity Index,"Percent change, annual rate",0,-3.2,T10101
T10101,A822RL,22,Government consumption expenditures and gross investment,1960Q1,Fisher Quantity Index,"Percent change, annual rate",0,-6.6,T10101
T10101,A822RL,22,Government consumption expenditures and gross investment,1960Q2,Fisher Quantity Index,"Percent change, annual rate",0,4.6,T10101
T10101,A822RL,22,Government consumption expenditures and gross investment,1960Q3,Fisher Quantity Index,"Percent change, annual rate",0,10.2,T10101
T10101,A822RL,22,Government consumption expenditures and gross investment,1960Q4,Fisher Quantity Index,"Percent change, annual rate",0,2.8,T10101
T10101,A822RL,22,Government consumption expenditures and gross investment,1961Q1,Fisher Quantity Index,"Percent change, annual rate",0,6.1,T10101
T10101,A822RL,22,Government consumption expenditures and gross investment,1961Q2,Fisher Quantity Index,"Percent change, annual rate",0,1.0,T10101
T10101,A822RL,22,Government consumption expenditures and gross investment,1961Q3,Fisher Quantity Index,"Percent change, annual rate",0,8.8,T10101
T10101,A822RL,22,Government consumption expenditures and gross investment,1961Q4,Fisher Quantity Index,"Percent change, annual rate",0,9.1,T10101
T10101,A822RL,22,Government consumption expenditures and gross investment,1962Q1,Fisher Quantity Index,"Percent change, annual rate",0,7.9,T10101
T10101,A822RL,22,Government consumption expenditures and gross investment,1962Q2,Fisher Quantity Index,"Percent change, annual rate",0,2.0,T10101
T10101,A822RL,22,Government consumption expenditures and gross investment,1962Q3,Fisher Quantity Index,"Percent change, annual rate",0,9.6,T10101
T10101,A822RL,22,Government consumption expenditures and gross investment,1962Q4,Fisher Quantity Index,"Percent change, annual rate",0,2.8,T10101
T10101,A822RL,22,Government consumption expenditures and gross investment,1963Q1,Fisher Quantity Index,"Percent change, annual rate",0,-5.3,T10101
T10101,A822RL,22,Government consumption expenditures and gross investment,1963Q2,Fisher Quantity Index,"Percent change, annual rate",0,0.3,T10101
T10101,A822RL,22,Government consumption expenditures and gross investment,1963Q3,Fisher Quantity Index,"Percent change, annual rate",0,19.0,T10101
T10101,A822RL,22,Government consumption expenditures and gross investment,1963Q4,Fisher Quantity Index,"Percent change, annual rate",0,-4.1,T10101
T10101,A822RL,22,Government consumption expenditures and gross investment,1964Q1,Fisher Quantity Index,"Percent change, annual rate",0,1.3,T10101
T10101,A822RL,22,Government consumption expenditures and gross investment,1964Q2,Fisher Quantity Index,"Percent change, annual rate",0,3.6,T10101
T10101,A822RL,22,Government consumption expenditures and gross investment,1964Q3,Fisher Quantity Index,"Percent change, annual rate",0,0.5,T10101
T10101,A822RL,22,Government consumption expenditures and gross investment,1964Q4,Fisher Quantity Index,"Percent change, annual rate",0,-0.2,T10101
T10101,A822RL,22,Government consumption expenditures and gross investment,1965Q1,Fisher Quantity Index,"Percent change, annual rate",0,-0.5,T10101
T10101,A822RL,22,Government consumption expenditures and gross investment,1965Q2,Fisher Quantity Index,"Percent change, annual rate",0,4.8,T10101
T10101,A822RL,22,Government consumption expenditures and gross investment,1965Q3,Fisher Quantity Index,"Percent change, annual rate",0,13.9,T10101
T10101,A822RL,22,Government consumption expenditures and gross investment,1965Q4,Fisher Quantity Index,"Percent change, annual rate",0,7.8,T10101
T10101,A822RL,22,Government consumption expenditures and gross investment,1966Q1,Fisher Quantity Index,"Percent change, annual rate",0,7.7,T10101
T10101,A822RL,22,Government consumption expenditures and gross investment,1966Q2,Fisher Quantity Index,"Percent change, annual rate",0,7.8,T10101
T10101,A822RL,22,Government consumption expenditures and gross investment,1966Q3,Fisher Quantity Index,"Percent change, annual rate",0,11.4,T10101
T10101,A822RL,22,Government consumption expenditures and gross investment,1966Q4,Fisher Quantity Index,"Percent change, annual rate",0,7.1,T10101
T10101,A822RL,22,Government consumption expenditures and gross investment,1967Q1,Fisher Quantity Index,"Percent change, annual rate",0,18.0,T10101
T10101,A822RL,22,Government consumption expenditures and gross investment,1967Q2,Fisher Quantity Index,"Percent change, annual rate",0,-1.6,T10101
T10101,A822RL,22,Government consumption expenditures and gross investment,1967Q3,Fisher Quantity Index,"Percent change, annual rate",0,4.5,T10101
T10101,A822RL,22,Government consumption expenditures and gross investment,1967Q4,Fisher Quantity Index,"Percent change, annual rate",0,3.1,T10101
T10101,A822RL,22,Government consumption expenditures and gross investment,1968Q1,Fisher Quantity Index,"Percent change, annual rate",0,7.3,T10101
T10101,A822RL,22,Government consumption expenditures and gross investment,1968Q2,Fisher Quantity Index,"Percent change, annual rate",0,2.1,T10101
T10101,A822RL,22,Government consumption expenditures and gross investment,1968Q3,Fisher Quantity Index,"Percent change, annual rate",0,1.2,T10101
T10101,A822RL,22,Government consumption expenditures and gross investment,1968Q4,Fisher Quantity Index,"Percent change, annual rate",0,0.3,T10101
T10101,A822RL,22,Government consumption expenditures and gross investment,1969Q1,Fisher Quantity Index,"Percent change, annual rate",0,0.9,T10101
T10101,A822RL,22,Government consumption expenditures and gross investment,1969Q2,Fisher Quantity Index,"Percent change, annual rate",0,-1.3,T10101
T10101,A822RL,22,Government consumption expenditures and gross investment,1969Q3,Fisher Quantity Index,"Percent change, annual rate",0,0.8,T10101
T10101,A822RL,22,Government consumption expenditures and gross investment,1969Q4,Fisher Quantity Index,"Percent change, annual rate",0,-5.3,T10101
T10101,A822RL,22,Government consumption expenditures and gross investment,1970Q1,Fisher Quantity Index,"Percent change, annual rate",0,-1.9,T10101
T10101,A822RL,22,Government consumption expenditures and gross investment,1970Q2,Fisher Quantity Index,"Percent change, annual rate",0,-4.6,T10101
T10101,A822RL,22,Government consumption expenditures and gross investment,1970Q3,Fisher Quantity Index,"Percent change, annual rate",0,1.7,T10101
T10101,A822RL,22,Government consumption expenditures and gross investment,1970Q4,Fisher Quantity Index,"Percent change, annual rate",0,0.2,T10101
T10101,A822RL,22,Government consumption expenditures and gross investment,1971Q1,Fisher Quantity Index,"Percent change, annual rate",0,-5.7,T10101
T10101,A822RL,22,Government consumption expenditures and gross investment,1971Q2,Fisher Quantity Index,"Percent change, annual rate",0,-0.9,T10101
T10101,A822RL,22,Government consumption expenditures and gross investment,1971Q3,Fisher Quantity Index,"Percent change, annual rate",0,-0.2,T10101
T10101,A822RL,22,Government consumption expenditures and gross investment,1971Q4,Fisher Quantity Index,"Percent change, annual rate",0,-2.8,T10101
T10101,A822RL,22,Government consumption expenditures and gross investment,1972Q1,Fisher Quantity Index,"Percent change, annual rate",0,2.2,T10101
T10101,A822RL,22,Government consumption expenditures and gross investment,1972Q2,Fisher Quantity Index,"Percent change, annual rate",0,1.6,T10101
T10101,A822RL,22,Government consumption expenditures and gross investment,1972Q3,Fisher Quantity Index,"Percent change, annual rate",0,-7.4,T10101
T10101,A822RL,22,Government consumption expenditures and gross investment,1972Q4,Fisher Quantity Index,"Percent change, annual rate",0,3.4,T10101
T10101,A822RL,22,Government consumption expenditures and gross investment,1973Q1,Fisher Quantity Index,"Percent change, annual rate",0,3.5,T10101
T10101,A822RL,22,Government consumption expenditures and gross investment,1973Q2,Fisher Quantity Index,"Percent change, annual rate",0,-2.8,T10101
T10101,A822RL,22,Government consumption expenditures and gross investment,1973Q3,Fisher Quantity Index,"Percent change, annual rate",0,-4.6,T10101
T10101,A822RL,22,Government consumption expenditures and gross investment,1973Q4,Fisher Quantity Index,"Percent change, annual rate",0,3.0,T10101
T10101,A822RL,22,Government consumption expenditures and gross investment,1974Q1,Fisher Quantity Index,"Percent change, annual rate",0,7.4,T10101
T10101,A822RL,22,Government consumption expenditures and gross investment,1974Q2,Fisher Quantity Index,"Percent change, annual rate",0,2.0,T10101
T10101,A822RL,22,Government consumption expenditures and gross investment,1974Q3,Fisher Quantity Index,"Percent change, annual rate",0,0.8,T10101
T10101,A822RL,22,Government consumption expenditures and gross investment,1974Q4,Fisher Quantity Index,"Percent change, annual rate",0,1.9,T10101
T10101,A822RL,22,Government consumption expenditures and gross investment,1975Q1,Fisher Quantity Index,"Percent change, annual rate",0,4.4,T10101
T10101,A822RL,22,Government consumption expenditures and gross investment,1975Q2,Fisher Quantity Index,"Percent change, annual rate",0,-3.3,T10101
T10101,A822RL,22,Government consumption expenditures and gross investment,1975Q3,Fisher Quantity Index,"Percent change, annual rate",0,7.7,T10101
T10101,A822RL,22,Government consumption expenditures and gross investment,1975Q4,Fisher Quantity Index,"Percent change, annual rate",0,3.6,T10101
T10101,A822RL,22,Government consumption expenditures and gross investment,1976Q1,Fisher Quantity Index,"Percent change, annual rate",0,0.6,T10101
T10101,A822RL,22,Government consumption expenditures and gross investment,1976Q2,Fisher Quantity Index,"Percent change, annual rate",0,-4.4,T10101
T10101,A822RL,22,Government consumption expenditures and gross investment,1976Q3,Fisher Quantity Index,"Percent change, annual rate",0,-1.2,T10101
T10101,A822RL,22,Government consumption expenditures and gross investment,1976Q4,Fisher Quantity Index,"Percent change, annual rate",0,-0.2,T10101
T10101,A822RL,22,Government consumption expenditures and gross investment,1977Q1,Fisher Quantity Index,"Percent change, annual rate",0,3.4,T10101
T10101,A822RL,22,Government consumption expenditures and gross investment,1977Q2,Fisher Quantity Index,"Percent change, annual rate",0,3.7,T10101
T10101,A822RL,22,Government consumption expenditures and gross investment,1977Q3,Fisher Quantity Index,"Percent change, annual rate",0,1.6,T10101
T10101,A822RL,22,Government consumption expenditures and gross investment,1977Q4,Fisher Quantity Index,"Percent change, annual rate",0,-1.0,T10101
T10101,A822RL,22,Government consumption expenditures and gross investment,1978Q1,Fisher Quantity Index,"Percent change, annual rate",0,0.1,T10101
T10101,A822RL,22,Government consumption expenditures and gross investment,1978Q2,Fisher Quantity Index,"Percent change, annual rate",0,10.4,T10101
T10101,A822RL,22,Government consumption expenditures and gross investment,1978Q3,Fisher Quantity Index,"Percent change, annual rate",0,3.7,T10101
T10101,A822RL,22,Government consumption expenditures and gross investment,1978Q4,Fisher Quantity Index,"Percent change, annual rate",0,3.6,T10101
T10101,A822RL,22,Government consumption expenditures and gross investment,1979Q1,Fisher Quantity Index,"Percent change, annual rate",0,-3.9,T10101
T10101,A822RL,22,Government consumption expenditures and gross investment,1979Q2,Fisher Quantity Index,"Percent change, annual rate",0,4.0,T10101
T10101,A822RL,22,Government consumption expenditures and gross investment,1979Q3,Fisher Quantity Index,"Percent change, annual rate",0,1.2,T10101
T10101,A822RL,22,Government consumption expenditures and gross investment,1979Q4,Fisher Quantity Index,"Percent change, annual rate",0,2.7,T10101
T10101,A822RL,22,Government consumption expenditures and gross investment,1980Q1,Fisher Quantity Index,"Percent change, annual rate",0,6.0,T10101
T10101,A822RL,22,Government consumption expenditures and gross investment,1980Q2,Fisher Quantity Index,"Percent change, annual rate",0,0.8,T10101
T10101,A822RL,22,Government consumption expenditures and gross investment,1980Q3,Fisher Quantity Index,"Percent change, annual rate",0,-5.3,T10101
T10101,A822RL,22,Government consumption expenditures and gross investment,1980Q4,Fisher Quantity Index,"Percent change, annual rate",0,-0.1,T10101
T10101,A822RL,22,Government consumption expenditures and gross investment,1981Q1,Fisher Quantity Index,"Percent change, annual rate",0,5.5,T10101
T10101,A822RL,22,Government consumption expenditures and gross investment,1981Q2,Fisher Quantity Index,"Percent change, annual rate",0,0.8,T10101
T10101,A822RL,22,Government consumption expenditures and gross investment,1981Q3,Fisher Quantity Index,"Percent change, annual rate",0,-1.4,T10101
T10101,A822RL,22,Government consumption expenditures and gross investment,1981Q4,Fisher Quantity Index,"Percent change, annual rate",0,5.2,T10101
T10101,A822RL,22,Government consumption expenditures and gross investment,1982Q1,Fisher Quantity Index,"Percent change, annual rate",0,-0.5,T10101
T10101,A822RL,22,Government consumption expenditures and gross investment,1982Q2,Fisher Quantity Index,"Percent change, annual rate",0,1.5,T10101
T10101,A822RL,22,Government consumption expenditures and gross investment,1982Q3,Fisher Quantity Index,"Percent change, annual rate",0,3.2,T10101
T10101,A822RL,22,Government consumption expenditures and gross investment,1982Q4,Fisher Quantity Index,"Percent change, annual rate",0,6.3,T10101
T10101,A822RL,22,Government consumption expenditures and gross investment,1983Q1,Fisher Quantity Index,"Percent change, annual rate",0,3.9,T10101
T10101,A822RL,22,Government consumption expenditures and gross investment,1983Q2,Fisher Quantity Index,"Percent change, annual rate",0,3.3,T10101
T10101,A822RL,22,Government consumption expenditures and gross investment,1983Q3,Fisher Quantity Index,"Percent change, annual rate",0,7.1,T10101
T10101,A822RL,22,Government consumption expenditures and gross investment,1983Q4,Fisher Quantity Index,"Percent change, annual rate",0,-6.3,T10101
T10101,A822RL,22,Government consumption expenditures and gross investment,1984Q1,Fisher Quantity Index,"Percent change, annual rate",0,4.3,T10101
T10101,A822RL,22,Government consumption expenditures and gross investment,1984Q2,Fisher Quantity Index,"Percent change, annual rate",0,9.0,T10101
T10101,A822RL,22,Government consumption expenditures and gross investment,1984Q3,Fisher Quantity Index,"Percent change, annual rate",0,3.3,T10101
T10101,A822RL,22,Government consumption expenditures and gross investment,1984Q4,Fisher Quantity Index,"Percent change, annual rate",0,8.7,T10101
T10101,A822RL,22,Government consumption expenditures and gross investment,1985Q1,Fisher Quantity Index,"Percent change, annual rate",0,4.4,T10101
T10101,A822RL,22,Government consumption expenditures and gross investment,1985Q2,Fisher Quantity Index,"Percent change, annual rate",0,9.2,T10101
T10101,A822RL,22,Government consumption expenditures and gross investment,1985Q3,Fisher Quantity Index,"Percent change, annual rate",0,9.4,T10101
T10101,A822RL,22,Government consumption expenditures and gross investment,1985Q4,Fisher Quantity Index,"Percent change, annual rate",0,1.7,T10101
T10101,A822RL,22,Government consumption expenditures and gross investment,1986Q1,Fisher Quantity Index,"Percent change, annual rate",0,3.2,T10101
T10101,A822RL,22,Government consumption expenditures and gross investment,1986Q2,Fisher Quantity Index,"Percent change, annual rate",0,8.6,T10101
T10101,A822RL,22,Government consumption expenditures and gross investment,1986Q3,Fisher Quantity Index,"Percent change, annual rate",0,9.0,T10101
T10101,A822RL,22,Government consumption expenditures and gross investment,1986Q4,Fisher Quantity Index,"Percent change, annual rate",0,-1.6,T10101
T10101,A822RL,22,Government consumption expenditures and gross investment,1987Q1,Fisher Quantity Index,"Percent change, annual rate",0,2.4,T10101
T10101,A822RL,22,Government consumption expenditures and gross investment,1987Q2,Fisher Quantity Index,"Percent change, annual rate",0,3.1,T10101
T10101,A822RL,22,Government consumption expenditures and gross investment,1987Q3,Fisher Quantity Index,"Percent change, annual rate",0,0.4,T10101
T10101,A822RL,22,Government consumption expenditures and gross investment,1987Q4,Fisher Quantity Index,"Percent change, annual rate",0,6.1,T10101
T10101,A822RL,22,Government consumption expenditures and gross investment,1988Q1,Fisher Quantity Index,"Percent change, annual rate",0,-3.3,T10101
T10101,A822RL,22,Government consumption expenditures and gross investment,1988Q2,Fisher Quantity Index,"Percent change, annual rate",0,1.2,T10101
T10101,A822RL,22,Government consumption expenditures and gross investment,1988Q3,Fisher Quantity Index,"Percent change, annual rate",0,0.0,T10101
T10101,A822RL,22,Government consumption expenditures and gross investment,1988Q4,Fisher Quantity Index,"Percent change, annual rate",0,8.0,T10101
T10101,A822RL,22,Government consumption expenditures and gross investment,1989Q1,Fisher Quantity Index,"Percent change, annual rate",0,-1.8,T10101
T10101,A822RL,22,Government consumption expenditures and gross investment,1989Q2,Fisher Quantity Index,"Percent change, annual rate",0,6.3,T10101
T10101,A822RL,22,Government consumption expenditures and gross investment,1989Q3,Fisher Quantity Index,"Percent change, annual rate",0,3.6,T10101
T10101,A822RL,22,Government consumption expenditures and gross investment,1989Q4,Fisher Quantity Index,"Percent change, annual rate",0,2.0,T10101
T10101,A822RL,22,Government consumption expenditures and gross investment,1990Q1,Fisher Quantity Index,"Percent change, annual rate",0,6.6,T10101
T10101,A822RL,22,Government consumption expenditures and gross investment,1990Q2,Fisher Quantity Index,"Percent change, annual rate",0,0.6,T10101
T10101,A822RL,22,Government consumption expenditures and gross investment,1990Q3,Fisher Quantity Index,"Percent change, annual rate",0,0.6,T10101
T10101,A822RL,22,Government consumption expenditures and gross investment,1990Q4,Fisher Quantity Index,"Percent change, annual rate",0,2.7,T10101
T10101,A822RL,22,Government consumption expenditures and gross investment,1991Q1,Fisher Quantity Index,"Percent change, annual rate",0,2.4,T10101
T10101,A822RL,22,Government consumption expenditures and gross investment,1991Q2,Fisher Quantity Index,"Percent change, annual rate",0,1.6,T10101
T10101,A822RL,22,Government consumption expenditures and gross investment,1991Q3,Fisher Quantity Index,"Percent change, annual rate",0,-1.1,T10101
T10101,A822RL,22,Government consumption expenditures and gross investment,1991Q4,Fisher Quantity Index,"Percent change, annual rate",0,-2.9,T10101
T10101,A822RL,22,Government consumption expenditures and gross investment,1992Q1,Fisher Quantity Index,"Percent change, annual rate",0,3.6,T10101
T10101,A822RL,22,Government consumption expenditures and gross investment,1992Q2,Fisher Quantity Index,"Percent change, annual rate",0,-0.8,T10101
T10101,A822RL,22,Government consumption expenditures and gross investment,1992Q3,Fisher Quantity Index,"Percent change, annual rate",0,2.6,T10101
T10101,A822RL,22,Government consumption expenditures and gross investment,1992Q4,Fisher Quantity Index,"Percent change, annual rate",0,0.0,T10101
T10101,A822RL,22,Government consumption expenditures and gross investment,1993Q1,Fisher Quantity Index,"Percent change, annual rate",0,-4.9,T10101
T10101,A822RL,22,Government consumption expenditures and gross investment,1993Q2,Fisher Quantity Index,"Percent change, annual rate",0,0.0,T10101
T10101,A822RL,22,Government consumption expenditures and gross investment,1993Q3,Fisher Quantity Index,"Percent change, annual rate",0,0.6,T10101
T10101,A822RL,22,Government consumption expenditures and gross investment,1993Q4,Fisher Quantity Index,"Percent change, annual rate",0,1.4,T10101
T10101,A822RL,22,Government consumption expenditures and gross investment,1994Q1,Fisher Quantity Index,"Percent change, annual rate",0,-4.9,T10101
T10101,A822RL,22,Government consumption expenditures and gross investment,1994Q2,Fisher Quantity Index,"Percent change, annual rate",0,2.0,T10101
T10101,A822RL,22,Government consumption expenditures and gross investment,1994Q3,Fisher Quantity Index,"Percent change, annual rate",0,6.9,T10101
T10101,A822RL,22,Government consumption expenditures and gross investment,1994Q4,Fisher Quantity Index,"Percent change, annual rate",0,-3.4,T10101
T10101,A822RL,22,Government consumption expenditures and gross investment,1995Q1,Fisher Quantity Index,"Percent change, annual rate",0,1.4,T10101
T10101,A822RL,22,Government consumption expenditures and gross investment,1995Q2,Fisher Quantity Index,"Percent change, annual rate",0,1.4,T10101
T10101,A822RL,22,Government consumption expenditures and gross investment,1995Q3,Fisher Quantity Index,"Percent change, annual rate",0,-1.0,T10101
T10101,A822RL,22,Government consumption expenditures and gross investment,1995Q4,Fisher Quantity Index,"Percent change, annual rate",0,-4.1,T10101
T10101,A822RL,22,Government consumption expenditures and gross investment,1996Q1,Fisher Quantity Index,"Percent change, annual rate",0,2.7,T10101
T10101,A822RL,22,Government consumption expenditures and gross investment,1996Q2,Fisher Quantity Index,"Percent change, annual rate",0,5.1,T10101
T10101,A822RL,22,Government consumption expenditures and gross investment,1996Q3,Fisher Quantity Index,"Percent change, annual rate",0,0.0,T10101
T10101,A822RL,22,Government consumption expenditures and gross investment,1996Q4,Fisher Quantity Index,"Percent change, annual rate",0,2.8,T10101
T10101,A822RL,22,Government consumption expenditures and gross investment,1997Q1,Fisher Quantity Index,"Percent change, annual rate",0,-2.1,T10101
T10101,A822RL,22,Government consumption expenditures and gross investment,1997Q2,Fisher Quantity Index,"Percent change, annual rate",0,5.3,T10101
T10101,A822RL,22,Government consumption expenditures and gross investment,1997Q3,Fisher Quantity Index,"Percent change, annual rate",0,1.9,T10101
T10101,A822RL,22,Government consumption expenditures and gross investment,1997Q4,Fisher Quantity Index,"Percent change, annual rate",0,2.0,T10101
T10101,A822RL,22,Government consumption expenditures and gross investment,1998Q1,Fisher Quantity Index,"Percent change, annual rate",0,-1.4,T10101
T10101,A822RL,22,Government consumption expenditures and gross investment,1998Q2,Fisher Quantity Index,"Percent change, annual rate",0,7.2,T10101
T10101,A822RL,22,Government consumption expenditures and gross investment,1998Q3,Fisher Quantity Index,"Percent change, annual rate",0,3.0,T10101
T10101,A822RL,22,Government consumption expenditures and gross investment,1998Q4,Fisher Quantity Index,"Percent change, annual rate",0,2.4,T10101
T10101,A822RL,22,Government consumption expenditures and gross investment,1999Q1,Fisher Quantity Index,"Percent change, annual rate",0,2.9,T10101
T10101,A822RL,22,Government consumption expenditures and gross investment,1999Q2,Fisher Quantity Index,"Percent change, annual rate",0,1.5,T10101
T10101,A822RL,22,Government consumption expenditures and gross investment,1999Q3,Fisher Quantity Index,"Percent change, annual rate",0,4.9,T10101
T10101,A822RL,22,Government consumption expenditures and gross investment,1999Q4,Fisher Quantity Index,"Percent change, annual rate",0,6.4,T10101
T10101,A822RL,22,Government consumption expenditures and gross investment,2000Q1,Fisher Quantity Index,"Percent change, annual rate",0,-2.8,T10101
T10101,A822RL,22,Government consumption expenditures and gross investment,2000Q2,Fisher Quantity Index,"Percent change, annual rate",0,4.0,T10101
T10101,A822RL,22,Government consumption expenditures and gross investment,2000Q3,Fisher Quantity Index,"Percent change, annual rate",0,-1.7,T10101
T10101,A822RL,22,Government consumption expenditures and gross investment,2000Q4,Fisher Quantity Index,"Percent change, annual rate",0,2.5,T10101
T10101,A822RL,22,Government consumption expenditures and gross investment,2001Q1,Fisher Quantity Index,"Percent change, annual rate",0,6.4,T10101
T10101,A822RL,22,Government consumption expenditures and gross investment,2001Q2,Fisher Quantity Index,"Percent change, annual rate",0,7.1,T10101
T10101,A822RL,22,Government consumption expenditures and gross investment,2001Q3,Fisher Quantity Index,"Percent change, annual rate",0,-0.4,T10101
T10101,A822RL,22,Government consumption expenditures and gross investment,2001Q4,Fisher Quantity Index,"Percent change, annual rate",0,6.8,T10101
T10101,A822RL,22,Government consumption expenditures and gross investment,2002Q1,Fisher Quantity Index,"Percent change, annual rate",0,7.2,T10101
T10101,A822RL,22,Government consumption expenditures and gross investment,2002Q2,Fisher Quantity Index,"Percent change, annual rate",0,3.1,T10101
T10101,A822RL,22,Government consumption expenditures and gross investment,2002Q3,Fisher Quantity Index,"Percent change, annual rate",0,2.1,T10101
T10101,A822RL,22,Government consumption expenditures and gross investment,2002Q4,Fisher Quantity Index,"Percent change, annual rate",0,3.0,T10101
T10101,A822RL,22,Government consumption expenditures and gross investment,2003Q1,Fisher Quantity Index,"Percent change, annual rate",0,0.3,T10101
T10101,A822RL,22,Government consumption expenditures and gross investment,2003Q2,Fisher Quantity Index,"Percent change, annual rate",0,3.7,T10101
T10101,A822RL,22,Government consumption expenditures and gross investment,2003Q3,Fisher Quantity Index,"Percent change, annual rate",0,0.9,T10101
T10101,A822RL,22,Government consumption expenditures and gross investment,2003Q4,Fisher Quantity Index,"Percent change, annual rate",0,2.4,T10101
T10101,A822RL,22,Government consumption expenditures and gross investment,2004Q1,Fisher Quantity Index,"Percent change, annual rate",0,1.8,T10101
T10101,A822RL,22,Government consumption expenditures and gross investment,2004Q2,Fisher Quantity Index,"Percent change, annual rate",0,1.1,T10101
T10101,A822RL,22,Government consumption expenditures and gross investment,2004Q3,Fisher Quantity Index,"Percent change, annual rate",0,0.7,T10101
T10101,A822RL,22,Government consumption expenditures and gross investment,2004Q4,Fisher Quantity Index,"Percent change, annual rate",0,-0.2,T10101
T10101,A822RL,22,Government consumption expenditures and gross investment,2005Q1,Fisher Quantity Index,"Percent change, annual rate",0,2.0,T10101
T10101,A822RL,22,Government consumption expenditures and gross investment,2005Q2,Fisher Quantity Index,"Percent change, annual rate",0,-0.2,T10101
T10101,A822RL,22,Government consumption expenditures and gross investment,2005Q3,Fisher Quantity Index,"Percent change, annual rate",0,1.3,T10101
T10101,A822RL,22,Government consumption expenditures and gross investment,2005Q4,Fisher Quantity Index,"Percent change, annual rate",0,0.3,T10101
T10101,A822RL,22,Government consumption expenditures and gross investment,2006Q1,Fisher Quantity Index,"Percent change, annual rate",0,5.2,T10101
T10101,A822RL,22,Government consumption expenditures and gross investment,2006Q2,Fisher Quantity Index,"Percent change, annual rate",0,-0.1,T10101
T10101,A822RL,22,Government consumption expenditures and gross investment,2006Q3,Fisher Quantity Index,"Percent change, annual rate",0,-0.6,T10101
T10101,A822RL,22,Government consumption expenditures and gross investment,2006Q4,Fisher Quantity Index,"Percent change, annual rate",0,3.3,T10101
T10101,A822RL,22,Government consumption expenditures and gross investment,2007Q1,Fisher Quantity Index,"Percent change, annual rate",0,0.5,T10101
T10101,A822RL,22,Government consumption expenditures and gross investment,2007Q2,Fisher Quantity Index,"Percent change, annual rate",0,3.7,T10101
T10101,A822RL,22,Government consumption expenditures and gross investment,2007Q3,Fisher Quantity Index,"Percent change, annual rate",0,1.8,T10101
T10101,A822RL,22,Government consumption expenditures and gross investment,2007Q4,Fisher Quantity Index,"Percent change, annual rate",0,3.2,T10101
T10101,A822RL,22,Government consumption expenditures and gross investment,2008Q1,Fisher Quantity Index,"Percent change, annual rate",0,0.9,T10101
T10101,A822RL,22,Government consumption expenditures and gross investment,2008Q2,Fisher Quantity Index,"Percent change, annual rate",0,3.5,T10101
T10101,A822RL,22,Government consumption expenditures and gross investment,2008Q3,Fisher Quantity Index,"Percent change, annual rate",0,3.2,T10101
T10101,A822RL,22,Government consumption expenditures and gross investment,2008Q4,Fisher Quantity Index,"Percent change, annual rate",0,2.8,T10101
T10101,A822RL,22,Government consumption expenditures and gross investment,2009Q1,Fisher Quantity Index,"Percent change, annual rate",0,4.6,T10101
T10101,A822RL,22,Government consumption expenditures and gross investment,2009Q2,Fisher Quantity Index,"Percent change, annual rate",0,6.0,T10101
T10101,A822RL,22,Government consumption expenditures and gross investment,2009Q3,Fisher Quantity Index,"Percent change, annual rate",0,1.1,T10101
T10101,A822RL,22,Government consumption expenditures and gross investment,2009Q4,Fisher Quantity Index,"Percent change, annual rate",0,0.8,T10101
T10101,A822RL,22,Government consumption expenditures and gross investment,2010Q1,Fisher Quantity Index,"Percent change, annual rate",0,-1.7,T10101
T10101,A822RL,22,Government consumption expenditures and gross investment,2010Q2,Fisher Quantity Index,"Percent change, annual rate",0,1.2,T10101
T10101,A822RL,22,Government consumption expenditures and gross investment,2010Q3,Fisher Quantity Index,"Percent change, annual rate",0,-2.8,T10101
T10101,A822RL,22,Government consumption expenditures and gross investment,2010Q4,Fisher Quantity Index,"Percent change, annual rate",0,-2.5,T10101
T10101,A822RL,22,Government consumption expenditures and gross investment,2011Q1,Fisher Quantity Index,"Percent change, annual rate",0,-4.8,T10101
T10101,A822RL,22,Government consumption expenditures and gross investment,2011Q2,Fisher Quantity Index,"Percent change, annual rate",0,-2.7,T10101
T10101,A822RL,22,Government consumption expenditures and gross investment,2011Q3,Fisher Quantity Index,"Percent change, annual rate",0,-5.6,T10101
T10101,A822RL,22,Government consumption expenditures and gross investment,2011Q4,Fisher Quantity Index,"Percent change, annual rate",0,-0.3,T10101
T10101,A822RL,22,Government consumption expenditures and gross investment,2012Q1,Fisher Quantity Index,"Percent change, annual rate",0,-1.7,T10101
T10101,A822RL,22,Government consumption expenditures and gross investment,2012Q2,Fisher Quantity Index,"Percent change, annual rate",0,-2.1,T10101
T10101,A822RL,22,Government consumption expenditures and gross investment,2012Q3,Fisher Quantity Index,"Percent change, annual rate",0,-0.6,T10101
T10101,A822RL,22,Government consumption expenditures and gross investment,2012Q4,Fisher Quantity Index,"Percent change, annual rate",0,-3.9,T10101
T10101,A822RL,22,Government consumption expenditures and gross investment,2013Q1,Fisher Quantity Index,"Percent change, annual rate",0,-3.7,T10101
T10101,A822RL,22,Government consumption expenditures and gross investment,2013Q2,Fisher Quantity Index,"Percent change, annual rate",0,-0.5,T10101
T10101,A822RL,22,Government consumption expenditures and gross investment,2013Q3,Fisher Quantity Index,"Percent change, annual rate",0,-1.9,T10101
T10101,A822RL,22,Government consumption expenditures and gross investment,2013Q4,Fisher Quantity Index,"Percent change, annual rate",0,-3.1,T10101
T10101,A822RL,22,Government consumption expenditures and gross investment,2014Q1,Fisher Quantity Index,"Percent change, annual rate",0,-1.7,T10101
T10101,A822RL,22,Government consumption expenditures and gross investment,2014Q2,Fisher Quantity Index,"Percent change, annual rate",0,0.5,T10101
T10101,A822RL,22,Government consumption expenditures and gross investment,2014Q3,Fisher Quantity Index,"Percent change, annual rate",0,2.7,T10101
T10101,A822RL,22,Government consumption expenditures and gross investment,2014Q4,Fisher Quantity Index,"Percent change, annual rate",0,-0.3,T10101
T10101,A822RL,22,Government consumption expenditures and gross investment,2015Q1,Fisher Quantity Index,"Percent change, annual rate",0,2.4,T10101
T10101,A822RL,22,Government consumption expenditures and gross investment,2015Q2,Fisher Quantity Index,"Percent change, annual rate",0,4.0,T10101
T10101,A822RL,22,Government consumption expenditures and gross investment,2015Q3,Fisher Quantity Index,"Percent change, annual rate",0,2.1,T10101
T10101,A822RL,22,Government consumption expenditures and gross investment,2015Q4,Fisher Quantity Index,"Percent change, annual rate",0,1.7,T10101
T10101,A822RL,22,Government consumption expenditures and gross investment,2016Q1,Fisher Quantity Index,"Percent change, annual rate",0,3.7,T10101
T10101,A822RL,22,Government consumption expenditures and gross investment,2016Q2,Fisher Quantity Index,"Percent change, annual rate",0,-0.3,T10101
T10101,A822RL,22,Government consumption expenditures and gross investment,2016Q3,Fisher Quantity Index,"Percent change, annual rate",0,1.7,T10101
T10101,A822RL,22,Government consumption expenditures and gross investment,2016Q4,Fisher Quantity Index,"Percent change, annual rate",0,0.7,T10101
T10101,A822RL,22,Government consumption expenditures and gross investment,2017Q1,Fisher Quantity Index,"Percent change, annual rate",0,-1.1,T10101
T10101,A822RL,22,Government consumption expenditures and gross investment,2017Q2,Fisher Quantity Index,"Percent change, annual rate",0,1.1,T10101
T10101,A822RL,22,Government consumption expenditures and gross investment,2017Q3,Fisher Quantity Index,"Percent change, annual rate",0,0.5,T10101
T10101,A822RL,22,Government consumption expenditures and gross investment,2017Q4,Fisher Quantity Index,"Percent change, annual rate",0,3.6,T10101
T10101,A822RL,22,Government consumption expenditures and gross investment,2018Q1,Fisher Quantity Index,"Percent change, annual rate",0,0.8,T10101
T10101,A822RL,22,Government consumption expenditures and gross investment,2018Q2,Fisher Quantity Index,"Percent change, annual rate",0,2.9,T10101
T10101,A822RL,22,Government consumption expenditures and gross investment,2018Q3,Fisher Quantity Index,"Percent change, annual rate",0,3.2,T10101
T10101,A822RL,22,Government consumption expenditures and gross investment,2018Q4,Fisher Quantity Index,"Percent change, annual rate",0,0.5,T10101
T10101,A822RL,22,Government consumption expenditures and gross investment,2019Q1,Fisher Quantity Index,"Percent change, annual rate",0,5.6,T10101
T10101,A822RL,22,Government consumption expenditures and gross investment,2019Q2,Fisher Quantity Index,"Percent change, annual rate",0,5.5,T10101
T10101,A822RL,22,Government consumption expenditures and gross investment,2019Q3,Fisher Quantity Index,"Percent change, annual rate",0,4.6,T10101
T10101,A822RL,22,Government consumption expenditures and gross investment,2019Q4,Fisher Quantity Index,"Percent change, annual rate",0,3.3,T10101
T10101,A822RL,22,Government consumption expenditures and gross investment,2020Q1,Fisher Quantity Index,"Percent change, annual rate",0,4.4,T10101
T10101,A822RL,22,Government consumption expenditures and gross investment,2020Q2,Fisher Quantity Index,"Percent change, annual rate",0,8.9,T10101
T10101,A822RL,22,Government consumption expenditures and gross investment,2020Q3,Fisher Quantity Index,"Percent change, annual rate",0,-6.6,T10101
T10101,A822RL,22,Government consumption expenditures and gross investment,2020Q4,Fisher Quantity Index,"Percent change, annual rate",0,0.4,T10101
T10101,A822RL,22,Government consumption expenditures and gross investment,2021Q1,Fisher Quantity Index,"Percent change, annual rate",0,5.8,T10101
T10101,A822RL,22,Government consumption expenditures and gross investment,2021Q2,Fisher Quantity Index,"Percent change, annual rate",0,-4.6,T10101
T10101,A822RL,22,Government consumption expenditures and gross investment,2021Q3,Fisher Quantity Index,"Percent change, annual rate",0,-2.9,T10101
T10101,A822RL,22,Government consumption expenditures and gross investment,2021Q4,Fisher Quantity Index,"Percent change, annual rate",0,0.0,T10101
T10101,A822RL,22,Government consumption expenditures and gross investment,2022Q1,Fisher Quantity Index,"Percent change, annual rate",0,-3.0,T10101
T10101,A822RL,22,Government consumption expenditures and gross investment,2022Q2,Fisher Quantity Index,"Percent change, annual rate",0,-1.4,T10101
T10101,A822RL,22,Government consumption expenditures and gross investment,2022Q3,Fisher Quantity Index,"Percent change, annual rate",0,1.7,T10101
T10101,A822RL,22,Government consumption expenditures and gross investment,2022Q4,Fisher Quantity Index,"Percent change, annual rate",0,4.1,T10101
T10101,A822RL,22,Government consumption expenditures and gross investment,2023Q1,Fisher Quantity Index,"Percent change, annual rate",0,4.1,T10101
T10101,A822RL,22,Government consumption expenditures and gross investment,2023Q2,Fisher Quantity Index,"Percent change, annual rate",0,3.3,T10101
T10101,A822RL,22,Government consumption expenditures and gross investment,2023Q3,Fisher Quantity Index,"Percent change, annual rate",0,5.2,T10101
T10101,A822RL,22,Government consumption expenditures and gross investment,2023Q4,Fisher Quantity Index,"Percent change, annual rate",0,4.7,T10101
T10101,A822RL,22,Government consumption expenditures and gross investment,2024Q1,Fisher Quantity Index,"Percent change, annual rate",0,2.3,T10101
T10101,A822RL,22,Government consumption expenditures and gross investment,2024Q2,Fisher Quantity Index,"Percent change, annual rate",0,3.3,T10101
T10101,A822RL,22,Government consumption expenditures and gross investment,2024Q3,Fisher Quantity Index,"Percent change, annual rate",0,5.4,T10101
T10101,A822RL,22,Government consumption expenditures and gross investment,2024Q4,Fisher Quantity Index,"Percent change, annual rate",0,3.3,T10101
T10101,A822RL,22,Government consumption expenditures and gross investment,2025Q1,Fisher Quantity Index,"Percent change, annual rate",0,-1.0,T10101
T10101,A822RL,22,Government consumption expenditures and gross investment,2025Q2,Fisher Quantity Index,"Percent change, annual rate",0,-0.1,T10101
T10101,A822RL,22,Government consumption expenditures and gross investment,2025Q3,Fisher Quantity Index,"Percent change, annual rate",0,2.2,T10101
T10101,A823RL,23,Federal,1947Q2,Fisher Quantity Index,"Percent change, annual rate",0,-3.2,T10101
T10101,A823RL,23,Federal,1947Q3,Fisher Quantity Index,"Percent change, annual rate",0,-4.9,T10101
T10101,A823RL,23,Federal,1947Q4,Fisher Quantity Index,"Percent change, annual rate",0,-8.5,T10101
T10101,A823RL,23,Federal,1948Q1,Fisher Quantity Index,"Percent change, annual rate",0,10.5,T10101
T10101,A823RL,23,Federal,1948Q2,Fisher Quantity Index,"Percent change, annual rate",0,17.0,T10101
T10101,A823RL,23,Federal,1948Q3,Fisher Quantity Index,"Percent change, annual rate",0,9.6,T10101
T10101,A823RL,23,Federal,1948Q4,Fisher Quantity Index,"Percent change, annual rate",0,19.3,T10101
T10101,A823RL,23,Federal,1949Q1,Fisher Quantity Index,"Percent change, annual rate",0,7.4,T10101
T10101,A823RL,23,Federal,1949Q2,Fisher Quantity Index,"Percent change, annual rate",0,15.2,T10101
T10101,A823RL,23,Federal,1949Q3,Fisher Quantity Index,"Percent change, annual rate",0,-6.5,T10101
T10101,A823RL,23,Federal,1949Q4,Fisher Quantity Index,"Percent change, annual rate",0,-15.4,T10101
T10101,A823RL,23,Federal,1950Q1,Fisher Quantity Index,"Percent change, annual rate",0,-17.7,T10101
T10101,A823RL,23,Federal,1950Q2,Fisher Quantity Index,"Percent change, annual rate",0,10.4,T10101
T10101,A823RL,23,Federal,1950Q3,Fisher Quantity Index,"Percent change, annual rate",0,-11.0,T10101
T10101,A823RL,23,Federal,1950Q4,Fisher Quantity Index,"Percent change, annual rate",0,59.6,T10101
T10101,A823RL,23,Federal,1951Q1,Fisher Quantity Index,"Percent change, annual rate",0,97.3,T10101
T10101,A823RL,23,Federal,1951Q2,Fisher Quantity Index,"Percent change, annual rate",0,107.1,T10101
T10101,A823RL,23,Federal,1951Q3,Fisher Quantity Index,"Percent change, annual rate",0,82.2,T10101
T10101,A823RL,23,Federal,1951Q4,Fisher Quantity Index,"Percent change, annual rate",0,34.2,T10101
T10101,A823RL,23,Federal,1952Q1,Fisher Quantity Index,"Percent change, annual rate",0,17.5,T10101
T10101,A823RL,23,Federal,1952Q2,Fisher Quantity Index,"Percent change, annual rate",0,16.7,T10101
T10101,A823RL,23,Federal,1952Q3,Fisher Quantity Index,"Percent change, annual rate",0,10.3,T10101
T10101,A823RL,23,Federal,1952Q4,Fisher Quantity Index,"Percent change, annual rate",0,5.9,T10101
T10101,A823RL,23,Federal,1953Q1,Fisher Quantity Index,"Percent change, annual rate",0,15.0,T10101
T10101,A823RL,23,Federal,1953Q2,Fisher Quantity Index,"Percent change, annual rate",0,12.0,T10101
T10101,A823RL,23,Federal,1953Q3,Fisher Quantity Index,"Percent change, annual rate",0,-9.3,T10101
T10101,A823RL,23,Federal,1953Q4,Fisher Quantity Index,"Percent change, annual rate",0,-5.0,T10101
T10101,A823RL,23,Federal,1954Q1,Fisher Quantity Index,"Percent change, annual rate",0,-18.6,T10101
T10101,A823RL,23,Federal,1954Q2,Fisher Quantity Index,"Percent change, annual rate",0,-18.5,T10101
T10101,A823RL,23,Federal,1954Q3,Fisher Quantity Index,"Percent change, annual rate",0,-16.4,T10101
T10101,A823RL,23,Federal,1954Q4,Fisher Quantity Index,"Percent change, annual rate",0,-4.3,T10101
T10101,A823RL,23,Federal,1955Q1,Fisher Quantity Index,"Percent change, annual rate",0,-7.5,T10101
T10101,A823RL,23,Federal,1955Q2,Fisher Quantity Index,"Percent change, annual rate",0,-8.2,T10101
T10101,A823RL,23,Federal,1955Q3,Fisher Quantity Index,"Percent change, annual rate",0,4.3,T10101
T10101,A823RL,23,Federal,1955Q4,Fisher Quantity Index,"Percent change, annual rate",0,-12.7,T10101
T10101,A823RL,23,Federal,1956Q1,Fisher Quantity Index,"Percent change, annual rate",0,-2.4,T10101
T10101,A823RL,23,Federal,1956Q2,Fisher Quantity Index,"Percent change, annual rate",0,10.1,T10101
T10101,A823RL,23,Federal,1956Q3,Fisher Quantity Index,"Percent change, annual rate",0,-6.4,T10101
T10101,A823RL,23,Federal,1956Q4,Fisher Quantity Index,"Percent change, annual rate",0,14.4,T10101
T10101,A823RL,23,Federal,1957Q1,Fisher Quantity Index,"Percent change, annual rate",0,8.1,T10101
T10101,A823RL,23,Federal,1957Q2,Fisher Quantity Index,"Percent change, annual rate",0,-4.9,T10101
T10101,A823RL,23,Federal,1957Q3,Fisher Quantity Index,"Percent change, annual rate",0,2.1,T10101
T10101,A823RL,23,Federal,1957Q4,Fisher Quantity Index,"Percent change, annual rate",0,4.8,T10101
T10101,A823RL,23,Federal,1958Q1,Fisher Quantity Index,"Percent change, annual rate",0,-11.3,T10101
T10101,A823RL,23,Federal,1958Q2,Fisher Quantity Index,"Percent change, annual rate",0,13.2,T10101
T10101,A823RL,23,Federal,1958Q3,Fisher Quantity Index,"Percent change, annual rate",0,-1.4,T10101
T10101,A823RL,23,Federal,1958Q4,Fisher Quantity Index,"Percent change, annual rate",0,9.0,T10101
T10101,A823RL,23,Federal,1959Q1,Fisher Quantity Index,"Percent change, annual rate",0,-7.7,T10101
T10101,A823RL,23,Federal,1959Q2,Fisher Quantity Index,"Percent change, annual rate",0,7.6,T10101
T10101,A823RL,23,Federal,1959Q3,Fisher Quantity Index,"Percent change, annual rate",0,5.5,T10101
T10101,A823RL,23,Federal,1959Q4,Fisher Quantity Index,"Percent change, annual rate",0,-3.9,T10101
T10101,A823RL,23,Federal,1960Q1,Fisher Quantity Index,"Percent change, annual rate",0,-14.2,T10101
T10101,A823RL,23,Federal,1960Q2,Fisher Quantity Index,"Percent change, annual rate",0,1.0,T10101
T10101,A823RL,23,Federal,1960Q3,Fisher Quantity Index,"Percent change, annual rate",0,12.9,T10101
T10101,A823RL,23,Federal,1960Q4,Fisher Quantity Index,"Percent change, annual rate",0,1.6,T10101
T10101,A823RL,23,Federal,1961Q1,Fisher Quantity Index,"Percent change, annual rate",0,1.4,T10101
T10101,A823RL,23,Federal,1961Q2,Fisher Quantity Index,"Percent change, annual rate",0,3.6,T10101
T10101,A823RL,23,Federal,1961Q3,Fisher Quantity Index,"Percent change, annual rate",0,12.6,T10101
T10101,A823RL,23,Federal,1961Q4,Fisher Quantity Index,"Percent change, annual rate",0,7.7,T10101
T10101,A823RL,23,Federal,1962Q1,Fisher Quantity Index,"Percent change, annual rate",0,15.7,T10101
T10101,A823RL,23,Federal,1962Q2,Fisher Quantity Index,"Percent change, annual rate",0,1.6,T10101
T10101,A823RL,23,Federal,1962Q3,Fisher Quantity Index,"Percent change, annual rate",0,12.6,T10101
T10101,A823RL,23,Federal,1962Q4,Fisher Quantity Index,"Percent change, annual rate",0,1.9,T10101
T10101,A823RL,23,Federal,1963Q1,Fisher Quantity Index,"Percent change, annual rate",0,-12.9,T10101
T10101,A823RL,23,Federal,1963Q2,Fisher Quantity Index,"Percent change, annual rate",0,-1.8,T10101
T10101,A823RL,23,Federal,1963Q3,Fisher Quantity Index,"Percent change, annual rate",0,24.6,T10101
T10101,A823RL,23,Federal,1963Q4,Fisher Quantity Index,"Percent change, annual rate",0,-10.0,T10101
T10101,A823RL,23,Federal,1964Q1,Fisher Quantity Index,"Percent change, annual rate",0,-1.9,T10101
T10101,A823RL,23,Federal,1964Q2,Fisher Quantity Index,"Percent change, annual rate",0,-0.2,T10101
T10101,A823RL,23,Federal,1964Q3,Fisher Quantity Index,"Percent change, annual rate",0,-2.2,T10101
T10101,A823RL,23,Federal,1964Q4,Fisher Quantity Index,"Percent change, annual rate",0,-3.3,T10101
T10101,A823RL,23,Federal,1965Q1,Fisher Quantity Index,"Percent change, annual rate",0,-3.4,T10101
T10101,A823RL,23,Federal,1965Q2,Fisher Quantity Index,"Percent change, annual rate",0,0.7,T10101
T10101,A823RL,23,Federal,1965Q3,Fisher Quantity Index,"Percent change, annual rate",0,15.7,T10101
T10101,A823RL,23,Federal,1965Q4,Fisher Quantity Index,"Percent change, annual rate",0,9.2,T10101
T10101,A823RL,23,Federal,1966Q1,Fisher Quantity Index,"Percent change, annual rate",0,9.8,T10101
T10101,A823RL,23,Federal,1966Q2,Fisher Quantity Index,"Percent change, annual rate",0,11.4,T10101
T10101,A823RL,23,Federal,1966Q3,Fisher Quantity Index,"Percent change, annual rate",0,16.5,T10101
T10101,A823RL,23,Federal,1966Q4,Fisher Quantity Index,"Percent change, annual rate",0,4.6,T10101
T10101,A823RL,23,Federal,1967Q1,Fisher Quantity Index,"Percent change, annual rate",0,28.5,T10101
T10101,A823RL,23,Federal,1967Q2,Fisher Quantity Index,"Percent change, annual rate",0,-4.3,T10101
T10101,A823RL,23,Federal,1967Q3,Fisher Quantity Index,"Percent change, annual rate",0,6.8,T10101
T10101,A823RL,23,Federal,1967Q4,Fisher Quantity Index,"Percent change, annual rate",0,0.2,T10101
T10101,A823RL,23,Federal,1968Q1,Fisher Quantity Index,"Percent change, annual rate",0,7.2,T10101
T10101,A823RL,23,Federal,1968Q2,Fisher Quantity Index,"Percent change, annual rate",0,-2.2,T10101
T10101,A823RL,23,Federal,1968Q3,Fisher Quantity Index,"Percent change, annual rate",0,-2.3,T10101
T10101,A823RL,23,Federal,1968Q4,Fisher Quantity Index,"Percent change, annual rate",0,-1.9,T10101
T10101,A823RL,23,Federal,1969Q1,Fisher Quantity Index,"Percent change, annual rate",0,-1.3,T10101
T10101,A823RL,23,Federal,1969Q2,Fisher Quantity Index,"Percent change, annual rate",0,-4.9,T10101
T10101,A823RL,23,Federal,1969Q3,Fisher Quantity Index,"Percent change, annual rate",0,0.7,T10101
T10101,A823RL,23,Federal,1969Q4,Fisher Quantity Index,"Percent change, annual rate",0,-8.8,T10101
T10101,A823RL,23,Federal,1970Q1,Fisher Quantity Index,"Percent change, annual rate",0,-6.6,T10101
T10101,A823RL,23,Federal,1970Q2,Fisher Quantity Index,"Percent change, annual rate",0,-10.1,T10101
T10101,A823RL,23,Federal,1970Q3,Fisher Quantity Index,"Percent change, annual rate",0,-4.8,T10101
T10101,A823RL,23,Federal,1970Q4,Fisher Quantity Index,"Percent change, annual rate",0,-1.5,T10101
T10101,A823RL,23,Federal,1971Q1,Fisher Quantity Index,"Percent change, annual rate",0,-12.3,T10101
T10101,A823RL,23,Federal,1971Q2,Fisher Quantity Index,"Percent change, annual rate",0,-4.6,T10101
T10101,A823RL,23,Federal,1971Q3,Fisher Quantity Index,"Percent change, annual rate",0,-1.7,T10101
T10101,A823RL,23,Federal,1971Q4,Fisher Quantity Index,"Percent change, annual rate",0,-10.2,T10101
T10101,A823RL,23,Federal,1972Q1,Fisher Quantity Index,"Percent change, annual rate",0,3.3,T10101
T10101,A823RL,23,Federal,1972Q2,Fisher Quantity Index,"Percent change, annual rate",0,3.9,T10101
T10101,A823RL,23,Federal,1972Q3,Fisher Quantity Index,"Percent change, annual rate",0,-17.1,T10101
T10101,A823RL,23,Federal,1972Q4,Fisher Quantity Index,"Percent change, annual rate",0,1.0,T10101
T10101,A823RL,23,Federal,1973Q1,Fisher Quantity Index,"Percent change, annual rate",0,5.3,T10101
T10101,A823RL,23,Federal,1973Q2,Fisher Quantity Index,"Percent change, annual rate",0,-6.3,T10101
T10101,A823RL,23,Federal,1973Q3,Fisher Quantity Index,"Percent change, annual rate",0,-13.4,T10101
T10101,A823RL,23,Federal,1973Q4,Fisher Quantity Index,"Percent change, annual rate",0,0.9,T10101
T10101,A823RL,23,Federal,1974Q1,Fisher Quantity Index,"Percent change, annual rate",0,10.0,T10101
T10101,A823RL,23,Federal,1974Q2,Fisher Quantity Index,"Percent change, annual rate",0,-1.4,T10101
T10101,A823RL,23,Federal,1974Q3,Fisher Quantity Index,"Percent change, annual rate",0,2.6,T10101
T10101,A823RL,23,Federal,1974Q4,Fisher Quantity Index,"Percent change, annual rate",0,4.0,T10101
T10101,A823RL,23,Federal,1975Q1,Fisher Quantity Index,"Percent change, annual rate",0,-4.1,T10101
T10101,A823RL,23,Federal,1975Q2,Fisher Quantity Index,"Percent change, annual rate",0,-3.9,T10101
T10101,A823RL,23,Federal,1975Q3,Fisher Quantity Index,"Percent change, annual rate",0,10.7,T10101
T10101,A823RL,23,Federal,1975Q4,Fisher Quantity Index,"Percent change, annual rate",0,1.3,T10101
T10101,A823RL,23,Federal,1976Q1,Fisher Quantity Index,"Percent change, annual rate",0,-3.9,T10101
T10101,A823RL,23,Federal,1976Q2,Fisher Quantity Index,"Percent change, annual rate",0,-1.4,T10101
T10101,A823RL,23,Federal,1976Q3,Fisher Quantity Index,"Percent change, annual rate",0,0.6,T10101
T10101,A823RL,23,Federal,1976Q4,Fisher Quantity Index,"Percent change, annual rate",0,0.9,T10101
T10101,A823RL,23,Federal,1977Q1,Fisher Quantity Index,"Percent change, annual rate",0,2.8,T10101
T10101,A823RL,23,Federal,1977Q2,Fisher Quantity Index,"Percent change, annual rate",0,5.2,T10101
T10101,A823RL,23,Federal,1977Q3,Fisher Quantity Index,"Percent change, annual rate",0,4.1,T10101
T10101,A823RL,23,Federal,1977Q4,Fisher Quantity Index,"Percent change, annual rate",0,-2.7,T10101
T10101,A823RL,23,Federal,1978Q1,Fisher Quantity Index,"Percent change, annual rate",0,0.3,T10101
T10101,A823RL,23,Federal,1978Q2,Fisher Quantity Index,"Percent change, annual rate",0,8.0,T10101
T10101,A823RL,23,Federal,1978Q3,Fisher Quantity Index,"Percent change, annual rate",0,2.6,T10101
T10101,A823RL,23,Federal,1978Q4,Fisher Quantity Index,"Percent change, annual rate",0,3.4,T10101
T10101,A823RL,23,Federal,1979Q1,Fisher Quantity Index,"Percent change, annual rate",0,-0.6,T10101
T10101,A823RL,23,Federal,1979Q2,Fisher Quantity Index,"Percent change, annual rate",0,4.1,T10101
T10101,A823RL,23,Federal,1979Q3,Fisher Quantity Index,"Percent change, annual rate",0,0.9,T10101
T10101,A823RL,23,Federal,1979Q4,Fisher Quantity Index,"Percent change, annual rate",0,0.4,T10101
T10101,A823RL,23,Federal,1980Q1,Fisher Quantity Index,"Percent change, annual rate",0,11.1,T10101
T10101,A823RL,23,Federal,1980Q2,Fisher Quantity Index,"Percent change, annual rate",0,8.1,T10101
T10101,A823RL,23,Federal,1980Q3,Fisher Quantity Index,"Percent change, annual rate",0,-4.5,T10101
T10101,A823RL,23,Federal,1980Q4,Fisher Quantity Index,"Percent change, annual rate",0,2.0,T10101
T10101,A823RL,23,Federal,1981Q1,Fisher Quantity Index,"Percent change, annual rate",0,8.1,T10101
T10101,A823RL,23,Federal,1981Q2,Fisher Quantity Index,"Percent change, annual rate",0,10.7,T10101
T10101,A823RL,23,Federal,1981Q3,Fisher Quantity Index,"Percent change, annual rate",0,-1.6,T10101
T10101,A823RL,23,Federal,1981Q4,Fisher Quantity Index,"Percent change, annual rate",0,7.4,T10101
T10101,A823RL,23,Federal,1982Q1,Fisher Quantity Index,"Percent change, annual rate",0,0.3,T10101
T10101,A823RL,23,Federal,1982Q2,Fisher Quantity Index,"Percent change, annual rate",0,1.7,T10101
T10101,A823RL,23,Federal,1982Q3,Fisher Quantity Index,"Percent change, annual rate",0,6.7,T10101
T10101,A823RL,23,Federal,1982Q4,Fisher Quantity Index,"Percent change, annual rate",0,9.8,T10101
T10101,A823RL,23,Federal,1983Q1,Fisher Quantity Index,"Percent change, annual rate",0,6.5,T10101
T10101,A823RL,23,Federal,1983Q2,Fisher Quantity Index,"Percent change, annual rate",0,7.7,T10101
T10101,A823RL,23,Federal,1983Q3,Fisher Quantity Index,"Percent change, annual rate",0,10.7,T10101
T10101,A823RL,23,Federal,1983Q4,Fisher Quantity Index,"Percent change, annual rate",0,-12.3,T10101
T10101,A823RL,23,Federal,1984Q1,Fisher Quantity Index,"Percent change, annual rate",0,3.4,T10101
T10101,A823RL,23,Federal,1984Q2,Fisher Quantity Index,"Percent change, annual rate",0,12.7,T10101
T10101,A823RL,23,Federal,1984Q3,Fisher Quantity Index,"Percent change, annual rate",0,-0.4,T10101
T10101,A823RL,23,Federal,1984Q4,Fisher Quantity Index,"Percent change, annual rate",0,13.4,T10101
T10101,A823RL,23,Federal,1985Q1,Fisher Quantity Index,"Percent change, annual rate",0,3.7,T10101
T10101,A823RL,23,Federal,1985Q2,Fisher Quantity Index,"Percent change, annual rate",0,11.0,T10101
T10101,A823RL,23,Federal,1985Q3,Fisher Quantity Index,"Percent change, annual rate",0,12.5,T10101
T10101,A823RL,23,Federal,1985Q4,Fisher Quantity Index,"Percent change, annual rate",0,0.2,T10101
T10101,A823RL,23,Federal,1986Q1,Fisher Quantity Index,"Percent change, annual rate",0,-1.1,T10101
T10101,A823RL,23,Federal,1986Q2,Fisher Quantity Index,"Percent change, annual rate",0,13.6,T10101
T10101,A823RL,23,Federal,1986Q3,Fisher Quantity Index,"Percent change, annual rate",0,14.6,T10101
T10101,A823RL,23,Federal,1986Q4,Fisher Quantity Index,"Percent change, annual rate",0,-4.6,T10101
T10101,A823RL,23,Federal,1987Q1,Fisher Quantity Index,"Percent change, annual rate",0,2.6,T10101
T10101,A823RL,23,Federal,1987Q2,Fisher Quantity Index,"Percent change, annual rate",0,5.6,T10101
T10101,A823RL,23,Federal,1987Q3,Fisher Quantity Index,"Percent change, annual rate",0,-0.5,T10101
T10101,A823RL,23,Federal,1987Q4,Fisher Quantity Index,"Percent change, annual rate",0,6.9,T10101
T10101,A823RL,23,Federal,1988Q1,Fisher Quantity Index,"Percent change, annual rate",0,-11.0,T10101
T10101,A823RL,23,Federal,1988Q2,Fisher Quantity Index,"Percent change, annual rate",0,-3.0,T10101
T10101,A823RL,23,Federal,1988Q3,Fisher Quantity Index,"Percent change, annual rate",0,-1.9,T10101
T10101,A823RL,23,Federal,1988Q4,Fisher Quantity Index,"Percent change, annual rate",0,11.5,T10101
T10101,A823RL,23,Federal,1989Q1,Fisher Quantity Index,"Percent change, annual rate",0,-7.1,T10101
T10101,A823RL,23,Federal,1989Q2,Fisher Quantity Index,"Percent change, annual rate",0,8.4,T10101
T10101,A823RL,23,Federal,1989Q3,Fisher Quantity Index,"Percent change, annual rate",0,3.3,T10101
T10101,A823RL,23,Federal,1989Q4,Fisher Quantity Index,"Percent change, annual rate",0,-1.8,T10101
T10101,A823RL,23,Federal,1990Q1,Fisher Quantity Index,"Percent change, annual rate",0,6.8,T10101
T10101,A823RL,23,Federal,1990Q2,Fisher Quantity Index,"Percent change, annual rate",0,0.5,T10101
T10101,A823RL,23,Federal,1990Q3,Fisher Quantity Index,"Percent change, annual rate",0,-1.7,T10101
T10101,A823RL,23,Federal,1990Q4,Fisher Quantity Index,"Percent change, annual rate",0,0.5,T10101
T10101,A823RL,23,Federal,1991Q1,Fisher Quantity Index,"Percent change, annual rate",0,4.6,T10101
T10101,A823RL,23,Federal,1991Q2,Fisher Quantity Index,"Percent change, annual rate",0,1.6,T10101
T10101,A823RL,23,Federal,1991Q3,Fisher Quantity Index,"Percent change, annual rate",0,-5.2,T10101
T10101,A823RL,23,Federal,1991Q4,Fisher Quantity Index,"Percent change, annual rate",0,-9.6,T10101
T10101,A823RL,23,Federal,1992Q1,Fisher Quantity Index,"Percent change, annual rate",0,1.5,T10101
T10101,A823RL,23,Federal,1992Q2,Fisher Quantity Index,"Percent change, annual rate",0,-1.0,T10101
T10101,A823RL,23,Federal,1992Q3,Fisher Quantity Index,"Percent change, annual rate",0,5.7,T10101
T10101,A823RL,23,Federal,1992Q4,Fisher Quantity Index,"Percent change, annual rate",0,0.3,T10101
T10101,A823RL,23,Federal,1993Q1,Fisher Quantity Index,"Percent change, annual rate",0,-12.5,T10101
T10101,A823RL,23,Federal,1993Q2,Fisher Quantity Index,"Percent change, annual rate",0,-4.1,T10101
T10101,A823RL,23,Federal,1993Q3,Fisher Quantity Index,"Percent change, annual rate",0,-1.5,T10101
T10101,A823RL,23,Federal,1993Q4,Fisher Quantity Index,"Percent change, annual rate",0,0.7,T10101
T10101,A823RL,23,Federal,1994Q1,Fisher Quantity Index,"Percent change, annual rate",0,-13.3,T10101
T10101,A823RL,23,Federal,1994Q2,Fisher Quantity Index,"Percent change, annual rate",0,-1.7,T10101
T10101,A823RL,23,Federal,1994Q3,Fisher Quantity Index,"Percent change, annual rate",0,10.0,T10101
T10101,A823RL,23,Federal,1994Q4,Fisher Quantity Index,"Percent change, annual rate",0,-10.1,T10101
T10101,A823RL,23,Federal,1995Q1,Fisher Quantity Index,"Percent change, annual rate",0,-1.1,T10101
T10101,A823RL,23,Federal,1995Q2,Fisher Quantity Index,"Percent change, annual rate",0,-1.3,T10101
T10101,A823RL,23,Federal,1995Q3,Fisher Quantity Index,"Percent change, annual rate",0,-3.2,T10101
T10101,A823RL,23,Federal,1995Q4,Fisher Quantity Index,"Percent change, annual rate",0,-12.9,T10101
T10101,A823RL,23,Federal,1996Q1,Fisher Quantity Index,"Percent change, annual rate",0,8.1,T10101
T10101,A823RL,23,Federal,1996Q2,Fisher Quantity Index,"Percent change, annual rate",0,3.8,T10101
T10101,A823RL,23,Federal,1996Q3,Fisher Quantity Index,"Percent change, annual rate",0,-5.2,T10101
T10101,A823RL,23,Federal,1996Q4,Fisher Quantity Index,"Percent change, annual rate",0,-1.9,T10101
T10101,A823RL,23,Federal,1997Q1,Fisher Quantity Index,"Percent change, annual rate",0,-5.5,T10101
T10101,A823RL,23,Federal,1997Q2,Fisher Quantity Index,"Percent change, annual rate",0,9.2,T10101
T10101,A823RL,23,Federal,1997Q3,Fisher Quantity Index,"Percent change, annual rate",0,-1.7,T10101
T10101,A823RL,23,Federal,1997Q4,Fisher Quantity Index,"Percent change, annual rate",0,-0.6,T10101
T10101,A823RL,23,Federal,1998Q1,Fisher Quantity Index,"Percent change, annual rate",0,-9.6,T10101
T10101,A823RL,23,Federal,1998Q2,Fisher Quantity Index,"Percent change, annual rate",0,8.0,T10101
T10101,A823RL,23,Federal,1998Q3,Fisher Quantity Index,"Percent change, annual rate",0,-1.5,T10101
T10101,A823RL,23,Federal,1998Q4,Fisher Quantity Index,"Percent change, annual rate",0,2.5,T10101
T10101,A823RL,23,Federal,1999Q1,Fisher Quantity Index,"Percent change, annual rate",0,-0.6,T10101
T10101,A823RL,23,Federal,1999Q2,Fisher Quantity Index,"Percent change, annual rate",0,-0.6,T10101
T10101,A823RL,23,Federal,1999Q3,Fisher Quantity Index,"Percent change, annual rate",0,6.4,T10101
T10101,A823RL,23,Federal,1999Q4,Fisher Quantity Index,"Percent change, annual rate",0,8.4,T10101
T10101,A823RL,23,Federal,2000Q1,Fisher Quantity Index,"Percent change, annual rate",0,-12.6,T10101
T10101,A823RL,23,Federal,2000Q2,Fisher Quantity Index,"Percent change, annual rate",0,13.1,T10101
T10101,A823RL,23,Federal,2000Q3,Fisher Quantity Index,"Percent change, annual rate",0,-7.4,T10101
T10101,A823RL,23,Federal,2000Q4,Fisher Quantity Index,"Percent change, annual rate",0,1.1,T10101
T10101,A823RL,23,Federal,2001Q1,Fisher Quantity Index,"Percent change, annual rate",0,9.1,T10101
T10101,A823RL,23,Federal,2001Q2,Fisher Quantity Index,"Percent change, annual rate",0,5.9,T10101
T10101,A823RL,23,Federal,2001Q3,Fisher Quantity Index,"Percent change, annual rate",0,2.4,T10101
T10101,A823RL,23,Federal,2001Q4,Fisher Quantity Index,"Percent change, annual rate",0,4.9,T10101
T10101,A823RL,23,Federal,2002Q1,Fisher Quantity Index,"Percent change, annual rate",0,13.8,T10101
T10101,A823RL,23,Federal,2002Q2,Fisher Quantity Index,"Percent change, annual rate",0,8.0,T10101
T10101,A823RL,23,Federal,2002Q3,Fisher Quantity Index,"Percent change, annual rate",0,4.0,T10101
T10101,A823RL,23,Federal,2002Q4,Fisher Quantity Index,"Percent change, annual rate",0,7.0,T10101
T10101,A823RL,23,Federal,2003Q1,Fisher Quantity Index,"Percent change, annual rate",0,4.7,T10101
T10101,A823RL,23,Federal,2003Q2,Fisher Quantity Index,"Percent change, annual rate",0,14.6,T10101
T10101,A823RL,23,Federal,2003Q3,Fisher Quantity Index,"Percent change, annual rate",0,-0.1,T10101
T10101,A823RL,23,Federal,2003Q4,Fisher Quantity Index,"Percent change, annual rate",0,7.6,T10101
T10101,A823RL,23,Federal,2004Q1,Fisher Quantity Index,"Percent change, annual rate",0,4.4,T10101
T10101,A823RL,23,Federal,2004Q2,Fisher Quantity Index,"Percent change, annual rate",0,2.4,T10101
T10101,A823RL,23,Federal,2004Q3,Fisher Quantity Index,"Percent change, annual rate",0,4.5,T10101
T10101,A823RL,23,Federal,2004Q4,Fisher Quantity Index,"Percent change, annual rate",0,-0.7,T10101
T10101,A823RL,23,Federal,2005Q1,Fisher Quantity Index,"Percent change, annual rate",0,4.5,T10101
T10101,A823RL,23,Federal,2005Q2,Fisher Quantity Index,"Percent change, annual rate",0,-0.4,T10101
T10101,A823RL,23,Federal,2005Q3,Fisher Quantity Index,"Percent change, annual rate",0,3.1,T10101
T10101,A823RL,23,Federal,2005Q4,Fisher Quantity Index,"Percent change, annual rate",0,0.1,T10101
T10101,A823RL,23,Federal,2006Q1,Fisher Quantity Index,"Percent change, annual rate",0,10.8,T10101
T10101,A823RL,23,Federal,2006Q2,Fisher Quantity Index,"Percent change, annual rate",0,-2.7,T10101
T10101,A823RL,23,Federal,2006Q3,Fisher Quantity Index,"Percent change, annual rate",0,-3.6,T10101
T10101,A823RL,23,Federal,2006Q4,Fisher Quantity Index,"Percent change, annual rate",0,5.9,T10101
T10101,A823RL,23,Federal,2007Q1,Fisher Quantity Index,"Percent change, annual rate",0,-2.4,T10101
T10101,A823RL,23,Federal,2007Q2,Fisher Quantity Index,"Percent change, annual rate",0,6.7,T10101
T10101,A823RL,23,Federal,2007Q3,Fisher Quantity Index,"Percent change, annual rate",0,3.5,T10101
T10101,A823RL,23,Federal,2007Q4,Fisher Quantity Index,"Percent change, annual rate",0,6.9,T10101
T10101,A823RL,23,Federal,2008Q1,Fisher Quantity Index,"Percent change, annual rate",0,6.2,T10101
T10101,A823RL,23,Federal,2008Q2,Fisher Quantity Index,"Percent change, annual rate",0,8.8,T10101
T10101,A823RL,23,Federal,2008Q3,Fisher Quantity Index,"Percent change, annual rate",0,5.3,T10101
T10101,A823RL,23,Federal,2008Q4,Fisher Quantity Index,"Percent change, annual rate",0,5.3,T10101
T10101,A823RL,23,Federal,2009Q1,Fisher Quantity Index,"Percent change, annual rate",0,5.4,T10101
T10101,A823RL,23,Federal,2009Q2,Fisher Quantity Index,"Percent change, annual rate",0,9.8,T10101
T10101,A823RL,23,Federal,2009Q3,Fisher Quantity Index,"Percent change, annual rate",0,3.7,T10101
T10101,A823RL,23,Federal,2009Q4,Fisher Quantity Index,"Percent change, annual rate",0,6.1,T10101
T10101,A823RL,23,Federal,2010Q1,Fisher Quantity Index,"Percent change, annual rate",0,4.5,T10101
T10101,A823RL,23,Federal,2010Q2,Fisher Quantity Index,"Percent change, annual rate",0,5.3,T10101
T10101,A823RL,23,Federal,2010Q3,Fisher Quantity Index,"Percent change, annual rate",0,-1.8,T10101
T10101,A823RL,23,Federal,2010Q4,Fisher Quantity Index,"Percent change, annual rate",0,-0.6,T10101
T10101,A823RL,23,Federal,2011Q1,Fisher Quantity Index,"Percent change, annual rate",0,-5.5,T10101
T10101,A823RL,23,Federal,2011Q2,Fisher Quantity Index,"Percent change, annual rate",0,-1.5,T10101
T10101,A823RL,23,Federal,2011Q3,Fisher Quantity Index,"Percent change, annual rate",0,-8.4,T10101
T10101,A823RL,23,Federal,2011Q4,Fisher Quantity Index,"Percent change, annual rate",0,1.5,T10101
T10101,A823RL,23,Federal,2012Q1,Fisher Quantity Index,"Percent change, annual rate",0,0.0,T10101
T10101,A823RL,23,Federal,2012Q2,Fisher Quantity Index,"Percent change, annual rate",0,-3.1,T10101
T10101,A823RL,23,Federal,2012Q3,Fisher Quantity Index,"Percent change, annual rate",0,0.8,T10101
T10101,A823RL,23,Federal,2012Q4,Fisher Quantity Index,"Percent change, annual rate",0,-7.7,T10101
T10101,A823RL,23,Federal,2013Q1,Fisher Quantity Index,"Percent change, annual rate",0,-8.7,T10101
T10101,A823RL,23,Federal,2013Q2,Fisher Quantity Index,"Percent change, annual rate",0,-3.0,T10101
T10101,A823RL,23,Federal,2013Q3,Fisher Quantity Index,"Percent change, annual rate",0,-5.5,T10101
T10101,A823RL,23,Federal,2013Q4,Fisher Quantity Index,"Percent change, annual rate",0,-6.6,T10101
T10101,A823RL,23,Federal,2014Q1,Fisher Quantity Index,"Percent change, annual rate",0,-0.3,T10101
T10101,A823RL,23,Federal,2014Q2,Fisher Quantity Index,"Percent change, annual rate",0,-2.3,T10101
T10101,A823RL,23,Federal,2014Q3,Fisher Quantity Index,"Percent change, annual rate",0,4.7,T10101
T10101,A823RL,23,Federal,2014Q4,Fisher Quantity Index,"Percent change, annual rate",0,-5.9,T10101
T10101,A823RL,23,Federal,2015Q1,Fisher Quantity Index,"Percent change, annual rate",0,1.6,T10101
T10101,A823RL,23,Federal,2015Q2,Fisher Quantity Index,"Percent change, annual rate",0,1.2,T10101
T10101,A823RL,23,Federal,2015Q3,Fisher Quantity Index,"Percent change, annual rate",0,-0.4,T10101
T10101,A823RL,23,Federal,2015Q4,Fisher Quantity Index,"Percent change, annual rate",0,3.0,T10101
T10101,A823RL,23,Federal,2016Q1,Fisher Quantity Index,"Percent change, annual rate",0,0.3,T10101
T10101,A823RL,23,Federal,2016Q2,Fisher Quantity Index,"Percent change, annual rate",0,-2.0,T10101
T10101,A823RL,23,Federal,2016Q3,Fisher Quantity Index,"Percent change, annual rate",0,2.1,T10101
T10101,A823RL,23,Federal,2016Q4,Fisher Quantity Index,"Percent change, annual rate",0,0.3,T10101
T10101,A823RL,23,Federal,2017Q1,Fisher Quantity Index,"Percent change, annual rate",0,-1.7,T10101
T10101,A823RL,23,Federal,2017Q2,Fisher Quantity Index,"Percent change, annual rate",0,2.2,T10101
T10101,A823RL,23,Federal,2017Q3,Fisher Quantity Index,"Percent change, annual rate",0,-0.2,T10101
T10101,A823RL,23,Federal,2017Q4,Fisher Quantity Index,"Percent change, annual rate",0,5.5,T10101
T10101,A823RL,23,Federal,2018Q1,Fisher Quantity Index,"Percent change, annual rate",0,4.1,T10101
T10101,A823RL,23,Federal,2018Q2,Fisher Quantity Index,"Percent change, annual rate",0,2.9,T10101
T10101,A823RL,23,Federal,2018Q3,Fisher Quantity Index,"Percent change, annual rate",0,5.2,T10101
T10101,A823RL,23,Federal,2018Q4,Fisher Quantity Index,"Percent change, annual rate",0,1.9,T10101
T10101,A823RL,23,Federal,2019Q1,Fisher Quantity Index,"Percent change, annual rate",0,4.4,T10101
T10101,A823RL,23,Federal,2019Q2,Fisher Quantity Index,"Percent change, annual rate",0,4.1,T10101
T10101,A823RL,23,Federal,2019Q3,Fisher Quantity Index,"Percent change, annual rate",0,5.1,T10101
T10101,A823RL,23,Federal,2019Q4,Fisher Quantity Index,"Percent change, annual rate",0,2.2,T10101
T10101,A823RL,23,Federal,2020Q1,Fisher Quantity Index,"Percent change, annual rate",0,4.3,T10101
T10101,A823RL,23,Federal,2020Q2,Fisher Quantity Index,"Percent change, annual rate",0,32.5,T10101
T10101,A823RL,23,Federal,2020Q3,Fisher Quantity Index,"Percent change, annual rate",0,-11.6,T10101
T10101,A823RL,23,Federal,2020Q4,Fisher Quantity Index,"Percent change, annual rate",0,0.4,T10101
T10101,A823RL,23,Federal,2021Q1,Fisher Quantity Index,"Percent change, annual rate",0,17.4,T10101
T10101,A823RL,23,Federal,2021Q2,Fisher Quantity Index,"Percent change, annual rate",0,-8.6,T10101
T10101,A823RL,23,Federal,2021Q3,Fisher Quantity Index,"Percent change, annual rate",0,-7.4,T10101
T10101,A823RL,23,Federal,2021Q4,Fisher Quantity Index,"Percent change, annual rate",0,3.4,T10101
T10101,A823RL,23,Federal,2022Q1,Fisher Quantity Index,"Percent change, annual rate",0,-8.2,T10101
T10101,A823RL,23,Federal,2022Q2,Fisher Quantity Index,"Percent change, annual rate",0,-3.7,T10101
T10101,A823RL,23,Federal,2022Q3,Fisher Quantity Index,"Percent change, annual rate",0,-1.3,T10101
T10101,A823RL,23,Federal,2022Q4,Fisher Quantity Index,"Percent change, annual rate",0,9.1,T10101
T10101,A823RL,23,Federal,2023Q1,Fisher Quantity Index,"Percent change, annual rate",0,4.1,T10101
T10101,A823RL,23,Federal,2023Q2,Fisher Quantity Index,"Percent change, annual rate",0,-0.1,T10101
T10101,A823RL,23,Federal,2023Q3,Fisher Quantity Index,"Percent change, annual rate",0,6.8,T10101
T10101,A823RL,23,Federal,2023Q4,Fisher Quantity Index,"Percent change, annual rate",0,3.4,T10101
T10101,A823RL,23,Federal,2024Q1,Fisher Quantity Index,"Percent change, annual rate",0,0.8,T10101
T10101,A823RL,23,Federal,2024Q2,Fisher Quantity Index,"Percent change, annual rate",0,4.3,T10101
T10101,A823RL,23,Federal,2024Q3,Fisher Quantity Index,"Percent change, annual rate",0,8.6,T10101
T10101,A823RL,23,Federal,2024Q4,Fisher Quantity Index,"Percent change, annual rate",0,4.4,T10101
T10101,A823RL,23,Federal,2025Q1,Fisher Quantity Index,"Percent change, annual rate",0,-5.6,T10101
T10101,A823RL,23,Federal,2025Q2,Fisher Quantity Index,"Percent change, annual rate",0,-5.3,T10101
T10101,A823RL,23,Federal,2025Q3,Fisher Quantity Index,"Percent change, annual rate",0,2.7,T10101
T10101,A824RL,24,National defense,1947Q2,Fisher Quantity Index,"Percent change, annual rate",0,-25.1,T10101
T10101,A824RL,24,National defense,1947Q3,Fisher Quantity Index,"Percent change, annual rate",0,11.3,T10101
T10101,A824RL,24,National defense,1947Q4,Fisher Quantity Index,"Percent change, annual rate",0,9.0,T10101
T10101,A824RL,24,National defense,1948Q1,Fisher Quantity Index,"Percent change, annual rate",0,-4.4,T10101
T10101,A824RL,24,National defense,1948Q2,Fisher Quantity Index,"Percent change, annual rate",0,-8.6,T10101
T10101,A824RL,24,National defense,1948Q3,Fisher Quantity Index,"Percent change, annual rate",0,-2.9,T10101
T10101,A824RL,24,National defense,1948Q4,Fisher Quantity Index,"Percent change, annual rate",0,16.0,T10101
T10101,A824RL,24,National defense,1949Q1,Fisher Quantity Index,"Percent change, annual rate",0,8.8,T10101
T10101,A824RL,24,National defense,1949Q2,Fisher Quantity Index,"Percent change, annual rate",0,6.5,T10101
T10101,A824RL,24,National defense,1949Q3,Fisher Quantity Index,"Percent change, annual rate",0,-1.4,T10101
T10101,A824RL,24,National defense,1949Q4,Fisher Quantity Index,"Percent change, annual rate",0,-21.1,T10101
T10101,A824RL,24,National defense,1950Q1,Fisher Quantity Index,"Percent change, annual rate",0,-13.7,T10101
T10101,A824RL,24,National defense,1950Q2,Fisher Quantity Index,"Percent change, annual rate",0,3.4,T10101
T10101,A824RL,24,National defense,1950Q3,Fisher Quantity Index,"Percent change, annual rate",0,26.4,T10101
T10101,A824RL,24,National defense,1950Q4,Fisher Quantity Index,"Percent change, annual rate",0,71.4,T10101
T10101,A824RL,24,National defense,1951Q1,Fisher Quantity Index,"Percent change, annual rate",0,145.7,T10101
T10101,A824RL,24,National defense,1951Q2,Fisher Quantity Index,"Percent change, annual rate",0,122.5,T10101
T10101,A824RL,24,National defense,1951Q3,Fisher Quantity Index,"Percent change, annual rate",0,101.7,T10101
T10101,A824RL,24,National defense,1951Q4,Fisher Quantity Index,"Percent change, annual rate",0,37.9,T10101
T10101,A824RL,24,National defense,1952Q1,Fisher Quantity Index,"Percent change, annual rate",0,13.2,T10101
T10101,A824RL,24,National defense,1952Q2,Fisher Quantity Index,"Percent change, annual rate",0,22.5,T10101
T10101,A824RL,24,National defense,1952Q3,Fisher Quantity Index,"Percent change, annual rate",0,9.1,T10101
T10101,A824RL,24,National defense,1952Q4,Fisher Quantity Index,"Percent change, annual rate",0,6.6,T10101
T10101,A824RL,24,National defense,1953Q1,Fisher Quantity Index,"Percent change, annual rate",0,11.8,T10101
T10101,A824RL,24,National defense,1953Q2,Fisher Quantity Index,"Percent change, annual rate",0,3.2,T10101
T10101,A824RL,24,National defense,1953Q3,Fisher Quantity Index,"Percent change, annual rate",0,-4.2,T10101
T10101,A824RL,24,National defense,1953Q4,Fisher Quantity Index,"Percent change, annual rate",0,-6.9,T10101
T10101,A824RL,24,National defense,1954Q1,Fisher Quantity Index,"Percent change, annual rate",0,-22.5,T10101
T10101,A824RL,24,National defense,1954Q2,Fisher Quantity Index,"Percent change, annual rate",0,-15.1,T10101
T10101,A824RL,24,National defense,1954Q3,Fisher Quantity Index,"Percent change, annual rate",0,-16.8,T10101
T10101,A824RL,24,National defense,1954Q4,Fisher Quantity Index,"Percent change, annual rate",0,-12.2,T10101
T10101,A824RL,24,National defense,1955Q1,Fisher Quantity Index,"Percent change, annual rate",0,-0.9,T10101
T10101,A824RL,24,National defense,1955Q2,Fisher Quantity Index,"Percent change, annual rate",0,-12.7,T10101
T10101,A824RL,24,National defense,1955Q3,Fisher Quantity Index,"Percent change, annual rate",0,4.4,T10101
T10101,A824RL,24,National defense,1955Q4,Fisher Quantity Index,"Percent change, annual rate",0,-11.2,T10101
T10101,A824RL,24,National defense,1956Q1,Fisher Quantity Index,"Percent change, annual rate",0,-1.5,T10101
T10101,A824RL,24,National defense,1956Q2,Fisher Quantity Index,"Percent change, annual rate",0,10.3,T10101
T10101,A824RL,24,National defense,1956Q3,Fisher Quantity Index,"Percent change, annual rate",0,-1.1,T10101
T10101,A824RL,24,National defense,1956Q4,Fisher Quantity Index,"Percent change, annual rate",0,12.7,T10101
T10101,A824RL,24,National defense,1957Q1,Fisher Quantity Index,"Percent change, annual rate",0,3.7,T10101
T10101,A824RL,24,National defense,1957Q2,Fisher Quantity Index,"Percent change, annual rate",0,3.3,T10101
T10101,A824RL,24,National defense,1957Q3,Fisher Quantity Index,"Percent change, annual rate",0,3.7,T10101
T10101,A824RL,24,National defense,1957Q4,Fisher Quantity Index,"Percent change, annual rate",0,-4.5,T10101
T10101,A824RL,24,National defense,1958Q1,Fisher Quantity Index,"Percent change, annual rate",0,-3.0,T10101
T10101,A824RL,24,National defense,1958Q2,Fisher Quantity Index,"Percent change, annual rate",0,4.5,T10101
T10101,A824RL,24,National defense,1958Q3,Fisher Quantity Index,"Percent change, annual rate",0,0.0,T10101
T10101,A824RL,24,National defense,1958Q4,Fisher Quantity Index,"Percent change, annual rate",0,3.0,T10101
T10101,A824RL,24,National defense,1959Q1,Fisher Quantity Index,"Percent change, annual rate",0,-11.9,T10101
T10101,A824RL,24,National defense,1959Q2,Fisher Quantity Index,"Percent change, annual rate",0,-5.2,T10101
T10101,A824RL,24,National defense,1959Q3,Fisher Quantity Index,"Percent change, annual rate",0,6.7,T10101
T10101,A824RL,24,National defense,1959Q4,Fisher Quantity Index,"Percent change, annual rate",0,-3.2,T10101
T10101,A824RL,24,National defense,1960Q1,Fisher Quantity Index,"Percent change, annual rate",0,-5.5,T10101
T10101,A824RL,24,National defense,1960Q2,Fisher Quantity Index,"Percent change, annual rate",0,-2.7,T10101
T10101,A824RL,24,National defense,1960Q3,Fisher Quantity Index,"Percent change, annual rate",0,13.1,T10101
T10101,A824RL,24,National defense,1960Q4,Fisher Quantity Index,"Percent change, annual rate",0,-3.9,T10101
T10101,A824RL,24,National defense,1961Q1,Fisher Quantity Index,"Percent change, annual rate",0,11.1,T10101
T10101,A824RL,24,National defense,1961Q2,Fisher Quantity Index,"Percent change, annual rate",0,-1.5,T10101
T10101,A824RL,24,National defense,1961Q3,Fisher Quantity Index,"Percent change, annual rate",0,13.0,T10101
T10101,A824RL,24,National defense,1961Q4,Fisher Quantity Index,"Percent change, annual rate",0,7.7,T10101
T10101,A824RL,24,National defense,1962Q1,Fisher Quantity Index,"Percent change, annual rate",0,15.2,T10101
T10101,A824RL,24,National defense,1962Q2,Fisher Quantity Index,"Percent change, annual rate",0,-3.8,T10101
T10101,A824RL,24,National defense,1962Q3,Fisher Quantity Index,"Percent change, annual rate",0,7.0,T10101
T10101,A824RL,24,National defense,1962Q4,Fisher Quantity Index,"Percent change, annual rate",0,0.3,T10101
T10101,A824RL,24,National defense,1963Q1,Fisher Quantity Index,"Percent change, annual rate",0,-13.7,T10101
T10101,A824RL,24,National defense,1963Q2,Fisher Quantity Index,"Percent change, annual rate",0,-2.3,T10101
T10101,A824RL,24,National defense,1963Q3,Fisher Quantity Index,"Percent change, annual rate",0,17.0,T10101
T10101,A824RL,24,National defense,1963Q4,Fisher Quantity Index,"Percent change, annual rate",0,-10.5,T10101
T10101,A824RL,24,National defense,1964Q1,Fisher Quantity Index,"Percent change, annual rate",0,-5.9,T10101
T10101,A824RL,24,National defense,1964Q2,Fisher Quantity Index,"Percent change, annual rate",0,-4.8,T10101
T10101,A824RL,24,National defense,1964Q3,Fisher Quantity Index,"Percent change, annual rate",0,-0.9,T10101
T10101,A824RL,24,National defense,1964Q4,Fisher Quantity Index,"Percent change, annual rate",0,-5.5,T10101
T10101,A824RL,24,National defense,1965Q1,Fisher Quantity Index,"Percent change, annual rate",0,-6.8,T10101
T10101,A824RL,24,National defense,1965Q2,Fisher Quantity Index,"Percent change, annual rate",0,-1.8,T10101
T10101,A824RL,24,National defense,1965Q3,Fisher Quantity Index,"Percent change, annual rate",0,12.8,T10101
T10101,A824RL,24,National defense,1965Q4,Fisher Quantity Index,"Percent change, annual rate",0,11.9,T10101
T10101,A824RL,24,National defense,1966Q1,Fisher Quantity Index,"Percent change, annual rate",0,14.6,T10101
T10101,A824RL,24,National defense,1966Q2,Fisher Quantity Index,"Percent change, annual rate",0,9.0,T10101
T10101,A824RL,24,National defense,1966Q3,Fisher Quantity Index,"Percent change, annual rate",0,26.2,T10101
T10101,A824RL,24,National defense,1966Q4,Fisher Quantity Index,"Percent change, annual rate",0,10.7,T10101
T10101,A824RL,24,National defense,1967Q1,Fisher Quantity Index,"Percent change, annual rate",0,24.7,T10101
T10101,A824RL,24,National defense,1967Q2,Fisher Quantity Index,"Percent change, annual rate",0,0.6,T10101
T10101,A824RL,24,National defense,1967Q3,Fisher Quantity Index,"Percent change, annual rate",0,9.5,T10101
T10101,A824RL,24,National defense,1967Q4,Fisher Quantity Index,"Percent change, annual rate",0,-3.6,T10101
T10101,A824RL,24,National defense,1968Q1,Fisher Quantity Index,"Percent change, annual rate",0,9.2,T10101
T10101,A824RL,24,National defense,1968Q2,Fisher Quantity Index,"Percent change, annual rate",0,-0.4,T10101
T10101,A824RL,24,National defense,1968Q3,Fisher Quantity Index,"Percent change, annual rate",0,-6.6,T10101
T10101,A824RL,24,National defense,1968Q4,Fisher Quantity Index,"Percent change, annual rate",0,-3.3,T10101
T10101,A824RL,24,National defense,1969Q1,Fisher Quantity Index,"Percent change, annual rate",0,-3.3,T10101
T10101,A824RL,24,National defense,1969Q2,Fisher Quantity Index,"Percent change, annual rate",0,-7.4,T10101
T10101,A824RL,24,National defense,1969Q3,Fisher Quantity Index,"Percent change, annual rate",0,0.0,T10101
T10101,A824RL,24,National defense,1969Q4,Fisher Quantity Index,"Percent change, annual rate",0,-7.4,T10101
T10101,A824RL,24,National defense,1970Q1,Fisher Quantity Index,"Percent change, annual rate",0,-9.7,T10101
T10101,A824RL,24,National defense,1970Q2,Fisher Quantity Index,"Percent change, annual rate",0,-15.9,T10101
T10101,A824RL,24,National defense,1970Q3,Fisher Quantity Index,"Percent change, annual rate",0,-5.5,T10101
T10101,A824RL,24,National defense,1970Q4,Fisher Quantity Index,"Percent change, annual rate",0,-2.8,T10101
T10101,A824RL,24,National defense,1971Q1,Fisher Quantity Index,"Percent change, annual rate",0,-15.5,T10101
T10101,A824RL,24,National defense,1971Q2,Fisher Quantity Index,"Percent change, annual rate",0,-12.9,T10101
T10101,A824RL,24,National defense,1971Q3,Fisher Quantity Index,"Percent change, annual rate",0,-7.4,T10101
T10101,A824RL,24,National defense,1971Q4,Fisher Quantity Index,"Percent change, annual rate",0,-9.9,T10101
T10101,A824RL,24,National defense,1972Q1,Fisher Quantity Index,"Percent change, annual rate",0,-4.0,T10101
T10101,A824RL,24,National defense,1972Q2,Fisher Quantity Index,"Percent change, annual rate",0,3.4,T10101
T10101,A824RL,24,National defense,1972Q3,Fisher Quantity Index,"Percent change, annual rate",0,-22.4,T10101
T10101,A824RL,24,National defense,1972Q4,Fisher Quantity Index,"Percent change, annual rate",0,1.8,T10101
T10101,A824RL,24,National defense,1973Q1,Fisher Quantity Index,"Percent change, annual rate",0,5.7,T10101
T10101,A824RL,24,National defense,1973Q2,Fisher Quantity Index,"Percent change, annual rate",0,-7.9,T10101
T10101,A824RL,24,National defense,1973Q3,Fisher Quantity Index,"Percent change, annual rate",0,-18.7,T10101
T10101,A824RL,24,National defense,1973Q4,Fisher Quantity Index,"Percent change, annual rate",0,2.9,T10101
T10101,A824RL,24,National defense,1974Q1,Fisher Quantity Index,"Percent change, annual rate",0,6.8,T10101
T10101,A824RL,24,National defense,1974Q2,Fisher Quantity Index,"Percent change, annual rate",0,4.3,T10101
T10101,A824RL,24,National defense,1974Q3,Fisher Quantity Index,"Percent change, annual rate",0,-7.2,T10101
T10101,A824RL,24,National defense,1974Q4,Fisher Quantity Index,"Percent change, annual rate",0,1.6,T10101
T10101,A824RL,24,National defense,1975Q1,Fisher Quantity Index,"Percent change, annual rate",0,-3.6,T10101
T10101,A824RL,24,National defense,1975Q2,Fisher Quantity Index,"Percent change, annual rate",0,-7.6,T10101
T10101,A824RL,24,National defense,1975Q3,Fisher Quantity Index,"Percent change, annual rate",0,15.7,T10101
T10101,A824RL,24,National defense,1975Q4,Fisher Quantity Index,"Percent change, annual rate",0,-0.8,T10101
T10101,A824RL,24,National defense,1976Q1,Fisher Quantity Index,"Percent change, annual rate",0,-5.3,T10101
T10101,A824RL,24,National defense,1976Q2,Fisher Quantity Index,"Percent change, annual rate",0,-1.8,T10101
T10101,A824RL,24,National defense,1976Q3,Fisher Quantity Index,"Percent change, annual rate",0,0.5,T10101
T10101,A824RL,24,National defense,1976Q4,Fisher Quantity Index,"Percent change, annual rate",0,-1.4,T10101
T10101,A824RL,24,National defense,1977Q1,Fisher Quantity Index,"Percent change, annual rate",0,3.7,T10101
T10101,A824RL,24,National defense,1977Q2,Fisher Quantity Index,"Percent change, annual rate",0,3.5,T10101
T10101,A824RL,24,National defense,1977Q3,Fisher Quantity Index,"Percent change, annual rate",0,2.2,T10101
T10101,A824RL,24,National defense,1977Q4,Fisher Quantity Index,"Percent change, annual rate",0,-8.5,T10101
T10101,A824RL,24,National defense,1978Q1,Fisher Quantity Index,"Percent change, annual rate",0,1.0,T10101
T10101,A824RL,24,National defense,1978Q2,Fisher Quantity Index,"Percent change, annual rate",0,6.4,T10101
T10101,A824RL,24,National defense,1978Q3,Fisher Quantity Index,"Percent change, annual rate",0,2.0,T10101
T10101,A824RL,24,National defense,1978Q4,Fisher Quantity Index,"Percent change, annual rate",0,2.3,T10101
T10101,A824RL,24,National defense,1979Q1,Fisher Quantity Index,"Percent change, annual rate",0,0.4,T10101
T10101,A824RL,24,National defense,1979Q2,Fisher Quantity Index,"Percent change, annual rate",0,6.1,T10101
T10101,A824RL,24,National defense,1979Q3,Fisher Quantity Index,"Percent change, annual rate",0,0.2,T10101
T10101,A824RL,24,National defense,1979Q4,Fisher Quantity Index,"Percent change, annual rate",0,3.0,T10101
T10101,A824RL,24,National defense,1980Q1,Fisher Quantity Index,"Percent change, annual rate",0,9.8,T10101
T10101,A824RL,24,National defense,1980Q2,Fisher Quantity Index,"Percent change, annual rate",0,-1.0,T10101
T10101,A824RL,24,National defense,1980Q3,Fisher Quantity Index,"Percent change, annual rate",0,0.8,T10101
T10101,A824RL,24,National defense,1980Q4,Fisher Quantity Index,"Percent change, annual rate",0,5.7,T10101
T10101,A824RL,24,National defense,1981Q1,Fisher Quantity Index,"Percent change, annual rate",0,9.3,T10101
T10101,A824RL,24,National defense,1981Q2,Fisher Quantity Index,"Percent change, annual rate",0,10.1,T10101
T10101,A824RL,24,National defense,1981Q3,Fisher Quantity Index,"Percent change, annual rate",0,1.8,T10101
T10101,A824RL,24,National defense,1981Q4,Fisher Quantity Index,"Percent change, annual rate",0,10.8,T10101
T10101,A824RL,24,National defense,1982Q1,Fisher Quantity Index,"Percent change, annual rate",0,4.2,T10101
T10101,A824RL,24,National defense,1982Q2,Fisher Quantity Index,"Percent change, annual rate",0,7.6,T10101
T10101,A824RL,24,National defense,1982Q3,Fisher Quantity Index,"Percent change, annual rate",0,8.7,T10101
T10101,A824RL,24,National defense,1982Q4,Fisher Quantity Index,"Percent change, annual rate",0,8.8,T10101
T10101,A824RL,24,National defense,1983Q1,Fisher Quantity Index,"Percent change, annual rate",0,3.9,T10101
T10101,A824RL,24,National defense,1983Q2,Fisher Quantity Index,"Percent change, annual rate",0,8.8,T10101
T10101,A824RL,24,National defense,1983Q3,Fisher Quantity Index,"Percent change, annual rate",0,4.1,T10101
T10101,A824RL,24,National defense,1983Q4,Fisher Quantity Index,"Percent change, annual rate",0,9.3,T10101
T10101,A824RL,24,National defense,1984Q1,Fisher Quantity Index,"Percent change, annual rate",0,1.4,T10101
T10101,A824RL,24,National defense,1984Q2,Fisher Quantity Index,"Percent change, annual rate",0,4.9,T10101
T10101,A824RL,24,National defense,1984Q3,Fisher Quantity Index,"Percent change, annual rate",0,-0.5,T10101
T10101,A824RL,24,National defense,1984Q4,Fisher Quantity Index,"Percent change, annual rate",0,17.4,T10101
T10101,A824RL,24,National defense,1985Q1,Fisher Quantity Index,"Percent change, annual rate",0,2.7,T10101
T10101,A824RL,24,National defense,1985Q2,Fisher Quantity Index,"Percent change, annual rate",0,12.6,T10101
T10101,A824RL,24,National defense,1985Q3,Fisher Quantity Index,"Percent change, annual rate",0,15.6,T10101
T10101,A824RL,24,National defense,1985Q4,Fisher Quantity Index,"Percent change, annual rate",0,2.6,T10101
T10101,A824RL,24,National defense,1986Q1,Fisher Quantity Index,"Percent change, annual rate",0,-2.1,T10101
T10101,A824RL,24,National defense,1986Q2,Fisher Quantity Index,"Percent change, annual rate",0,16.9,T10101
T10101,A824RL,24,National defense,1986Q3,Fisher Quantity Index,"Percent change, annual rate",0,16.0,T10101
T10101,A824RL,24,National defense,1986Q4,Fisher Quantity Index,"Percent change, annual rate",0,-9.5,T10101
T10101,A824RL,24,National defense,1987Q1,Fisher Quantity Index,"Percent change, annual rate",0,6.8,T10101
T10101,A824RL,24,National defense,1987Q2,Fisher Quantity Index,"Percent change, annual rate",0,9.0,T10101
T10101,A824RL,24,National defense,1987Q3,Fisher Quantity Index,"Percent change, annual rate",0,4.6,T10101
T10101,A824RL,24,National defense,1987Q4,Fisher Quantity Index,"Percent change, annual rate",0,1.1,T10101
T10101,A824RL,24,National defense,1988Q1,Fisher Quantity Index,"Percent change, annual rate",0,-5.9,T10101
T10101,A824RL,24,National defense,1988Q2,Fisher Quantity Index,"Percent change, annual rate",0,-2.2,T10101
T10101,A824RL,24,National defense,1988Q3,Fisher Quantity Index,"Percent change, annual rate",0,-3.1,T10101
T10101,A824RL,24,National defense,1988Q4,Fisher Quantity Index,"Percent change, annual rate",0,8.4,T10101
T10101,A824RL,24,National defense,1989Q1,Fisher Quantity Index,"Percent change, annual rate",0,-10.5,T10101
T10101,A824RL,24,National defense,1989Q2,Fisher Quantity Index,"Percent change, annual rate",0,7.1,T10101
T10101,A824RL,24,National defense,1989Q3,Fisher Quantity Index,"Percent change, annual rate",0,4.1,T10101
T10101,A824RL,24,National defense,1989Q4,Fisher Quantity Index,"Percent change, annual rate",0,-5.0,T10101
T10101,A824RL,24,National defense,1990Q1,Fisher Quantity Index,"Percent change, annual rate",0,4.8,T10101
T10101,A824RL,24,National defense,1990Q2,Fisher Quantity Index,"Percent change, annual rate",0,-2.3,T10101
T10101,A824RL,24,National defense,1990Q3,Fisher Quantity Index,"Percent change, annual rate",0,-4.5,T10101
T10101,A824RL,24,National defense,1990Q4,Fisher Quantity Index,"Percent change, annual rate",0,2.4,T10101
T10101,A824RL,24,National defense,1991Q1,Fisher Quantity Index,"Percent change, annual rate",0,6.1,T10101
T10101,A824RL,24,National defense,1991Q2,Fisher Quantity Index,"Percent change, annual rate",0,0.2,T10101
T10101,A824RL,24,National defense,1991Q3,Fisher Quantity Index,"Percent change, annual rate",0,-8.2,T10101
T10101,A824RL,24,National defense,1991Q4,Fisher Quantity Index,"Percent change, annual rate",0,-16.1,T10101
T10101,A824RL,24,National defense,1992Q1,Fisher Quantity Index,"Percent change, annual rate",0,-2.2,T10101
T10101,A824RL,24,National defense,1992Q2,Fisher Quantity Index,"Percent change, annual rate",0,-1.9,T10101
T10101,A824RL,24,National defense,1992Q3,Fisher Quantity Index,"Percent change, annual rate",0,7.0,T10101
T10101,A824RL,24,National defense,1992Q4,Fisher Quantity Index,"Percent change, annual rate",0,-4.2,T10101
T10101,A824RL,24,National defense,1993Q1,Fisher Quantity Index,"Percent change, annual rate",0,-14.8,T10101
T10101,A824RL,24,National defense,1993Q2,Fisher Quantity Index,"Percent change, annual rate",0,-5.2,T10101
T10101,A824RL,24,National defense,1993Q3,Fisher Quantity Index,"Percent change, annual rate",0,-1.9,T10101
T10101,A824RL,24,National defense,1993Q4,Fisher Quantity Index,"Percent change, annual rate",0,1.1,T10101
T10101,A824RL,24,National defense,1994Q1,Fisher Quantity Index,"Percent change, annual rate",0,-18.0,T10101
T10101,A824RL,24,National defense,1994Q2,Fisher Quantity Index,"Percent change, annual rate",0,-0.1,T10101
T10101,A824RL,24,National defense,1994Q3,Fisher Quantity Index,"Percent change, annual rate",0,13.3,T10101
T10101,A824RL,24,National defense,1994Q4,Fisher Quantity Index,"Percent change, annual rate",0,-18.3,T10101
T10101,A824RL,24,National defense,1995Q1,Fisher Quantity Index,"Percent change, annual rate",0,-0.8,T10101
T10101,A824RL,24,National defense,1995Q2,Fisher Quantity Index,"Percent change, annual rate",0,-0.7,T10101
T10101,A824RL,24,National defense,1995Q3,Fisher Quantity Index,"Percent change, annual rate",0,-5.5,T10101
T10101,A824RL,24,National defense,1995Q4,Fisher Quantity Index,"Percent change, annual rate",0,-12.6,T10101
T10101,A824RL,24,National defense,1996Q1,Fisher Quantity Index,"Percent change, annual rate",0,8.0,T10101
T10101,A824RL,24,National defense,1996Q2,Fisher Quantity Index,"Percent change, annual rate",0,4.8,T10101
T10101,A824RL,24,National defense,1996Q3,Fisher Quantity Index,"Percent change, annual rate",0,-6.7,T10101
T10101,A824RL,24,National defense,1996Q4,Fisher Quantity Index,"Percent change, annual rate",0,-4.3,T10101
T10101,A824RL,24,National defense,1997Q1,Fisher Quantity Index,"Percent change, annual rate",0,-11.9,T10101
T10101,A824RL,24,National defense,1997Q2,Fisher Quantity Index,"Percent change, annual rate",0,11.9,T10101
T10101,A824RL,24,National defense,1997Q3,Fisher Quantity Index,"Percent change, annual rate",0,-3.8,T10101
T10101,A824RL,24,National defense,1997Q4,Fisher Quantity Index,"Percent change, annual rate",0,2.2,T10101
T10101,A824RL,24,National defense,1998Q1,Fisher Quantity Index,"Percent change, annual rate",0,-19.2,T10101
T10101,A824RL,24,National defense,1998Q2,Fisher Quantity Index,"Percent change, annual rate",0,12.1,T10101
T10101,A824RL,24,National defense,1998Q3,Fisher Quantity Index,"Percent change, annual rate",0,7.0,T10101
T10101,A824RL,24,National defense,1998Q4,Fisher Quantity Index,"Percent change, annual rate",0,-6.4,T10101
T10101,A824RL,24,National defense,1999Q1,Fisher Quantity Index,"Percent change, annual rate",0,-2.1,T10101
T10101,A824RL,24,National defense,1999Q2,Fisher Quantity Index,"Percent change, annual rate",0,-0.9,T10101
T10101,A824RL,24,National defense,1999Q3,Fisher Quantity Index,"Percent change, annual rate",0,9.9,T10101
T10101,A824RL,24,National defense,1999Q4,Fisher Quantity Index,"Percent change, annual rate",0,9.0,T10101
T10101,A824RL,24,National defense,2000Q1,Fisher Quantity Index,"Percent change, annual rate",0,-19.1,T10101
T10101,A824RL,24,National defense,2000Q2,Fisher Quantity Index,"Percent change, annual rate",0,15.6,T10101
T10101,A824RL,24,National defense,2000Q3,Fisher Quantity Index,"Percent change, annual rate",0,-9.9,T10101
T10101,A824RL,24,National defense,2000Q4,Fisher Quantity Index,"Percent change, annual rate",0,3.9,T10101
T10101,A824RL,24,National defense,2001Q1,Fisher Quantity Index,"Percent change, annual rate",0,5.6,T10101
T10101,A824RL,24,National defense,2001Q2,Fisher Quantity Index,"Percent change, annual rate",0,4.6,T10101
T10101,A824RL,24,National defense,2001Q3,Fisher Quantity Index,"Percent change, annual rate",0,2.7,T10101
T10101,A824RL,24,National defense,2001Q4,Fisher Quantity Index,"Percent change, annual rate",0,6.0,T10101
T10101,A824RL,24,National defense,2002Q1,Fisher Quantity Index,"Percent change, annual rate",0,14.5,T10101
T10101,A824RL,24,National defense,2002Q2,Fisher Quantity Index,"Percent change, annual rate",0,6.9,T10101
T10101,A824RL,24,National defense,2002Q3,Fisher Quantity Index,"Percent change, annual rate",0,3.0,T10101
T10101,A824RL,24,National defense,2002Q4,Fisher Quantity Index,"Percent change, annual rate",0,8.4,T10101
T10101,A824RL,24,National defense,2003Q1,Fisher Quantity Index,"Percent change, annual rate",0,7.0,T10101
T10101,A824RL,24,National defense,2003Q2,Fisher Quantity Index,"Percent change, annual rate",0,20.1,T10101
T10101,A824RL,24,National defense,2003Q3,Fisher Quantity Index,"Percent change, annual rate",0,-1.9,T10101
T10101,A824RL,24,National defense,2003Q4,Fisher Quantity Index,"Percent change, annual rate",0,12.0,T10101
T10101,A824RL,24,National defense,2004Q1,Fisher Quantity Index,"Percent change, annual rate",0,5.9,T10101
T10101,A824RL,24,National defense,2004Q2,Fisher Quantity Index,"Percent change, annual rate",0,1.8,T10101
T10101,A824RL,24,National defense,2004Q3,Fisher Quantity Index,"Percent change, annual rate",0,8.9,T10101
T10101,A824RL,24,National defense,2004Q4,Fisher Quantity Index,"Percent change, annual rate",0,-4.9,T10101
T10101,A824RL,24,National defense,2005Q1,Fisher Quantity Index,"Percent change, annual rate",0,7.2,T10101
T10101,A824RL,24,National defense,2005Q2,Fisher Quantity Index,"Percent change, annual rate",0,1.2,T10101
T10101,A824RL,24,National defense,2005Q3,Fisher Quantity Index,"Percent change, annual rate",0,2.0,T10101
T10101,A824RL,24,National defense,2005Q4,Fisher Quantity Index,"Percent change, annual rate",0,-3.0,T10101
T10101,A824RL,24,National defense,2006Q1,Fisher Quantity Index,"Percent change, annual rate",0,9.2,T10101
T10101,A824RL,24,National defense,2006Q2,Fisher Quantity Index,"Percent change, annual rate",0,-0.6,T10101
T10101,A824RL,24,National defense,2006Q3,Fisher Quantity Index,"Percent change, annual rate",0,-7.8,T10101
T10101,A824RL,24,National defense,2006Q4,Fisher Quantity Index,"Percent change, annual rate",0,12.8,T10101
T10101,A824RL,24,National defense,2007Q1,Fisher Quantity Index,"Percent change, annual rate",0,-3.3,T10101
T10101,A824RL,24,National defense,2007Q2,Fisher Quantity Index,"Percent change, annual rate",0,9.3,T10101
T10101,A824RL,24,National defense,2007Q3,Fisher Quantity Index,"Percent change, annual rate",0,2.5,T10101
T10101,A824RL,24,National defense,2007Q4,Fisher Quantity Index,"Percent change, annual rate",0,7.4,T10101
T10101,A824RL,24,National defense,2008Q1,Fisher Quantity Index,"Percent change, annual rate",0,6.7,T10101
T10101,A824RL,24,National defense,2008Q2,Fisher Quantity Index,"Percent change, annual rate",0,7.4,T10101
T10101,A824RL,24,National defense,2008Q3,Fisher Quantity Index,"Percent change, annual rate",0,9.4,T10101
T10101,A824RL,24,National defense,2008Q4,Fisher Quantity Index,"Percent change, annual rate",0,6.1,T10101
T10101,A824RL,24,National defense,2009Q1,Fisher Quantity Index,"Percent change, annual rate",0,1.2,T10101
T10101,A824RL,24,National defense,2009Q2,Fisher Quantity Index,"Percent change, annual rate",0,10.7,T10101
T10101,A824RL,24,National defense,2009Q3,Fisher Quantity Index,"Percent change, annual rate",0,3.1,T10101
T10101,A824RL,24,National defense,2009Q4,Fisher Quantity Index,"Percent change, annual rate",0,4.6,T10101
T10101,A824RL,24,National defense,2010Q1,Fisher Quantity Index,"Percent change, annual rate",0,2.2,T10101
T10101,A824RL,24,National defense,2010Q2,Fisher Quantity Index,"Percent change, annual rate",0,2.9,T10101
T10101,A824RL,24,National defense,2010Q3,Fisher Quantity Index,"Percent change, annual rate",0,-0.8,T10101
T10101,A824RL,24,National defense,2010Q4,Fisher Quantity Index,"Percent change, annual rate",0,1.0,T10101
T10101,A824RL,24,National defense,2011Q1,Fisher Quantity Index,"Percent change, annual rate",0,-7.1,T10101
T10101,A824RL,24,National defense,2011Q2,Fisher Quantity Index,"Percent change, annual rate",0,1.7,T10101
T10101,A824RL,24,National defense,2011Q3,Fisher Quantity Index,"Percent change, annual rate",0,-5.4,T10101
T10101,A824RL,24,National defense,2011Q4,Fisher Quantity Index,"Percent change, annual rate",0,-3.4,T10101
T10101,A824RL,24,National defense,2012Q1,Fisher Quantity Index,"Percent change, annual rate",0,-2.6,T10101
T10101,A824RL,24,National defense,2012Q2,Fisher Quantity Index,"Percent change, annual rate",0,-4.8,T10101
T10101,A824RL,24,National defense,2012Q3,Fisher Quantity Index,"Percent change, annual rate",0,1.0,T10101
T10101,A824RL,24,National defense,2012Q4,Fisher Quantity Index,"Percent change, annual rate",0,-11.9,T10101
T10101,A824RL,24,National defense,2013Q1,Fisher Quantity Index,"Percent change, annual rate",0,-9.3,T10101
T10101,A824RL,24,National defense,2013Q2,Fisher Quantity Index,"Percent change, annual rate",0,-2.2,T10101
T10101,A824RL,24,National defense,2013Q3,Fisher Quantity Index,"Percent change, annual rate",0,-7.6,T10101
T10101,A824RL,24,National defense,2013Q4,Fisher Quantity Index,"Percent change, annual rate",0,-6.2,T10101
T10101,A824RL,24,National defense,2014Q1,Fisher Quantity Index,"Percent change, annual rate",0,-4.9,T10101
T10101,A824RL,24,National defense,2014Q2,Fisher Quantity Index,"Percent change, annual rate",0,-2.4,T10101
T10101,A824RL,24,National defense,2014Q3,Fisher Quantity Index,"Percent change, annual rate",0,5.4,T10101
T10101,A824RL,24,National defense,2014Q4,Fisher Quantity Index,"Percent change, annual rate",0,-10.9,T10101
T10101,A824RL,24,National defense,2015Q1,Fisher Quantity Index,"Percent change, annual rate",0,-1.2,T10101
T10101,A824RL,24,National defense,2015Q2,Fisher Quantity Index,"Percent change, annual rate",0,1.0,T10101
T10101,A824RL,24,National defense,2015Q3,Fisher Quantity Index,"Percent change, annual rate",0,-3.8,T10101
T10101,A824RL,24,National defense,2015Q4,Fisher Quantity Index,"Percent change, annual rate",0,3.1,T10101
T10101,A824RL,24,National defense,2016Q1,Fisher Quantity Index,"Percent change, annual rate",0,-1.5,T10101
T10101,A824RL,24,National defense,2016Q2,Fisher Quantity Index,"Percent change, annual rate",0,-3.9,T10101
T10101,A824RL,24,National defense,2016Q3,Fisher Quantity Index,"Percent change, annual rate",0,4.1,T10101
T10101,A824RL,24,National defense,2016Q4,Fisher Quantity Index,"Percent change, annual rate",0,-0.6,T10101
T10101,A824RL,24,National defense,2017Q1,Fisher Quantity Index,"Percent change, annual rate",0,-1.7,T10101
T10101,A824RL,24,National defense,2017Q2,Fisher Quantity Index,"Percent change, annual rate",0,6.0,T10101
T10101,A824RL,24,National defense,2017Q3,Fisher Quantity Index,"Percent change, annual rate",0,-1.6,T10101
T10101,A824RL,24,National defense,2017Q4,Fisher Quantity Index,"Percent change, annual rate",0,5.9,T10101
T10101,A824RL,24,National defense,2018Q1,Fisher Quantity Index,"Percent change, annual rate",0,1.5,T10101
T10101,A824RL,24,National defense,2018Q2,Fisher Quantity Index,"Percent change, annual rate",0,3.7,T10101
T10101,A824RL,24,National defense,2018Q3,Fisher Quantity Index,"Percent change, annual rate",0,6.5,T10101
T10101,A824RL,24,National defense,2018Q4,Fisher Quantity Index,"Percent change, annual rate",0,6.6,T10101
T10101,A824RL,24,National defense,2019Q1,Fisher Quantity Index,"Percent change, annual rate",0,9.7,T10101
T10101,A824RL,24,National defense,2019Q2,Fisher Quantity Index,"Percent change, annual rate",0,-0.9,T10101
T10101,A824RL,24,National defense,2019Q3,Fisher Quantity Index,"Percent change, annual rate",0,6.2,T10101
T10101,A824RL,24,National defense,2019Q4,Fisher Quantity Index,"Percent change, annual rate",0,2.5,T10101
T10101,A824RL,24,National defense,2020Q1,Fisher Quantity Index,"Percent change, annual rate",0,2.5,T10101
T10101,A824RL,24,National defense,2020Q2,Fisher Quantity Index,"Percent change, annual rate",0,1.2,T10101
T10101,A824RL,24,National defense,2020Q3,Fisher Quantity Index,"Percent change, annual rate",0,0.4,T10101
T10101,A824RL,24,National defense,2020Q4,Fisher Quantity Index,"Percent change, annual rate",0,13.5,T10101
T10101,A824RL,24,National defense,2021Q1,Fisher Quantity Index,"Percent change, annual rate",0,-7.5,T10101
T10101,A824RL,24,National defense,2021Q2,Fisher Quantity Index,"Percent change, annual rate",0,-3.7,T10101
T10101,A824RL,24,National defense,2021Q3,Fisher Quantity Index,"Percent change, annual rate",0,-4.1,T10101
T10101,A824RL,24,National defense,2021Q4,Fisher Quantity Index,"Percent change, annual rate",0,-3.0,T10101
T10101,A824RL,24,National defense,2022Q1,Fisher Quantity Index,"Percent change, annual rate",0,-10.4,T10101
T10101,A824RL,24,National defense,2022Q2,Fisher Quantity Index,"Percent change, annual rate",0,1.4,T10101
T10101,A824RL,24,National defense,2022Q3,Fisher Quantity Index,"Percent change, annual rate",0,-4.2,T10101
T10101,A824RL,24,National defense,2022Q4,Fisher Quantity Index,"Percent change, annual rate",0,8.3,T10101
T10101,A824RL,24,National defense,2023Q1,Fisher Quantity Index,"Percent change, annual rate",0,4.6,T10101
T10101,A824RL,24,National defense,2023Q2,Fisher Quantity Index,"Percent change, annual rate",0,2.4,T10101
T10101,A824RL,24,National defense,2023Q3,Fisher Quantity Index,"Percent change, annual rate",0,7.4,T10101
T10101,A824RL,24,National defense,2023Q4,Fisher Quantity Index,"Percent change, annual rate",0,2.0,T10101
T10101,A824RL,24,National defense,2024Q1,Fisher Quantity Index,"Percent change, annual rate",0,-2.6,T10101
T10101,A824RL,24,National defense,2024Q2,Fisher Quantity Index,"Percent change, annual rate",0,6.9,T10101
T10101,A824RL,24,National defense,2024Q3,Fisher Quantity Index,"Percent change, annual rate",0,13.5,T10101
T10101,A824RL,24,National defense,2024Q4,Fisher Quantity Index,"Percent change, annual rate",0,4.6,T10101
T10101,A824RL,24,National defense,2025Q1,Fisher Quantity Index,"Percent change, annual rate",0,-6.9,T10101
T10101,A824RL,24,National defense,2025Q2,Fisher Quantity Index,"Percent change, annual rate",0,0.9,T10101
T10101,A824RL,24,National defense,2025Q3,Fisher Quantity Index,"Percent change, annual rate",0,5.7,T10101
T10101,A825RL,25,Nondefense,1947Q2,Fisher Quantity Index,"Percent change, annual rate",0,224.5,T10101
T10101,A825RL,25,Nondefense,1947Q3,Fisher Quantity Index,"Percent change, annual rate",0,-48.5,T10101
T10101,A825RL,25,Nondefense,1947Q4,Fisher Quantity Index,"Percent change, annual rate",0,-58.5,T10101
T10101,A825RL,25,Nondefense,1948Q1,Fisher Quantity Index,"Percent change, annual rate",0,113.2,T10101
T10101,A825RL,25,Nondefense,1948Q2,Fisher Quantity Index,"Percent change, annual rate",0,200.5,T10101
T10101,A825RL,25,Nondefense,1948Q3,Fisher Quantity Index,"Percent change, annual rate",0,61.3,T10101
T10101,A825RL,25,Nondefense,1948Q4,Fisher Quantity Index,"Percent change, annual rate",0,29.8,T10101
T10101,A825RL,25,Nondefense,1949Q1,Fisher Quantity Index,"Percent change, annual rate",0,3.2,T10101
T10101,A825RL,25,Nondefense,1949Q2,Fisher Quantity Index,"Percent change, annual rate",0,43.5,T10101
T10101,A825RL,25,Nondefense,1949Q3,Fisher Quantity Index,"Percent change, annual rate",0,-18.9,T10101
T10101,A825RL,25,Nondefense,1949Q4,Fisher Quantity Index,"Percent change, annual rate",0,2.7,T10101
T10101,A825RL,25,Nondefense,1950Q1,Fisher Quantity Index,"Percent change, annual rate",0,-26.9,T10101
T10101,A825RL,25,Nondefense,1950Q2,Fisher Quantity Index,"Percent change, annual rate",0,31.5,T10101
T10101,A825RL,25,Nondefense,1950Q3,Fisher Quantity Index,"Percent change, annual rate",0,-70.9,T10101
T10101,A825RL,25,Nondefense,1950Q4,Fisher Quantity Index,"Percent change, annual rate",0,18.2,T10101
T10101,A825RL,25,Nondefense,1951Q1,Fisher Quantity Index,"Percent change, annual rate",0,-33.1,T10101
T10101,A825RL,25,Nondefense,1951Q2,Fisher Quantity Index,"Percent change, annual rate",0,38.1,T10101
T10101,A825RL,25,Nondefense,1951Q3,Fisher Quantity Index,"Percent change, annual rate",0,-8.6,T10101
T10101,A825RL,25,Nondefense,1951Q4,Fisher Quantity Index,"Percent change, annual rate",0,9.3,T10101
T10101,A825RL,25,Nondefense,1952Q1,Fisher Quantity Index,"Percent change, annual rate",0,54.6,T10101
T10101,A825RL,25,Nondefense,1952Q2,Fisher Quantity Index,"Percent change, annual rate",0,-19.6,T10101
T10101,A825RL,25,Nondefense,1952Q3,Fisher Quantity Index,"Percent change, annual rate",0,20.0,T10101
T10101,A825RL,25,Nondefense,1952Q4,Fisher Quantity Index,"Percent change, annual rate",0,0.4,T10101
T10101,A825RL,25,Nondefense,1953Q1,Fisher Quantity Index,"Percent change, annual rate",0,42.2,T10101
T10101,A825RL,25,Nondefense,1953Q2,Fisher Quantity Index,"Percent change, annual rate",0,95.2,T10101
T10101,A825RL,25,Nondefense,1953Q3,Fisher Quantity Index,"Percent change, annual rate",0,-36.5,T10101
T10101,A825RL,25,Nondefense,1953Q4,Fisher Quantity Index,"Percent change, annual rate",0,8.7,T10101
T10101,A825RL,25,Nondefense,1954Q1,Fisher Quantity Index,"Percent change, annual rate",0,11.8,T10101
T10101,A825RL,25,Nondefense,1954Q2,Fisher Quantity Index,"Percent change, annual rate",0,-36.9,T10101
T10101,A825RL,25,Nondefense,1954Q3,Fisher Quantity Index,"Percent change, annual rate",0,-13.9,T10101
T10101,A825RL,25,Nondefense,1954Q4,Fisher Quantity Index,"Percent change, annual rate",0,60.8,T10101
T10101,A825RL,25,Nondefense,1955Q1,Fisher Quantity Index,"Percent change, annual rate",0,-38.6,T10101
T10101,A825RL,25,Nondefense,1955Q2,Fisher Quantity Index,"Percent change, annual rate",0,24.1,T10101
T10101,A825RL,25,Nondefense,1955Q3,Fisher Quantity Index,"Percent change, annual rate",0,3.6,T10101
T10101,A825RL,25,Nondefense,1955Q4,Fisher Quantity Index,"Percent change, annual rate",0,-20.8,T10101
T10101,A825RL,25,Nondefense,1956Q1,Fisher Quantity Index,"Percent change, annual rate",0,-8.2,T10101
T10101,A825RL,25,Nondefense,1956Q2,Fisher Quantity Index,"Percent change, annual rate",0,9.3,T10101
T10101,A825RL,25,Nondefense,1956Q3,Fisher Quantity Index,"Percent change, annual rate",0,-35.2,T10101
T10101,A825RL,25,Nondefense,1956Q4,Fisher Quantity Index,"Percent change, annual rate",0,26.3,T10101
T10101,A825RL,25,Nondefense,1957Q1,Fisher Quantity Index,"Percent change, annual rate",0,43.0,T10101
T10101,A825RL,25,Nondefense,1957Q2,Fisher Quantity Index,"Percent change, annual rate",0,-47.0,T10101
T10101,A825RL,25,Nondefense,1957Q3,Fisher Quantity Index,"Percent change, annual rate",0,-9.3,T10101
T10101,A825RL,25,Nondefense,1957Q4,Fisher Quantity Index,"Percent change, annual rate",0,104.0,T10101
T10101,A825RL,25,Nondefense,1958Q1,Fisher Quantity Index,"Percent change, annual rate",0,-52.9,T10101
T10101,A825RL,25,Nondefense,1958Q2,Fisher Quantity Index,"Percent change, annual rate",0,98.6,T10101
T10101,A825RL,25,Nondefense,1958Q3,Fisher Quantity Index,"Percent change, annual rate",0,-9.8,T10101
T10101,A825RL,25,Nondefense,1958Q4,Fisher Quantity Index,"Percent change, annual rate",0,56.3,T10101
T10101,A825RL,25,Nondefense,1959Q1,Fisher Quantity Index,"Percent change, annual rate",0,19.7,T10101
T10101,A825RL,25,Nondefense,1959Q2,Fisher Quantity Index,"Percent change, annual rate",0,102.5,T10101
T10101,A825RL,25,Nondefense,1959Q3,Fisher Quantity Index,"Percent change, annual rate",0,0.2,T10101
T10101,A825RL,25,Nondefense,1959Q4,Fisher Quantity Index,"Percent change, annual rate",0,-7.1,T10101
T10101,A825RL,25,Nondefense,1960Q1,Fisher Quantity Index,"Percent change, annual rate",0,-47.5,T10101
T10101,A825RL,25,Nondefense,1960Q2,Fisher Quantity Index,"Percent change, annual rate",0,22.8,T10101
T10101,A825RL,25,Nondefense,1960Q3,Fisher Quantity Index,"Percent change, annual rate",0,11.9,T10101
T10101,A825RL,25,Nondefense,1960Q4,Fisher Quantity Index,"Percent change, annual rate",0,33.5,T10101
T10101,A825RL,25,Nondefense,1961Q1,Fisher Quantity Index,"Percent change, annual rate",0,-36.0,T10101
T10101,A825RL,25,Nondefense,1961Q2,Fisher Quantity Index,"Percent change, annual rate",0,34.0,T10101
T10101,A825RL,25,Nondefense,1961Q3,Fisher Quantity Index,"Percent change, annual rate",0,10.8,T10101
T10101,A825RL,25,Nondefense,1961Q4,Fisher Quantity Index,"Percent change, annual rate",0,7.2,T10101
T10101,A825RL,25,Nondefense,1962Q1,Fisher Quantity Index,"Percent change, annual rate",0,18.2,T10101
T10101,A825RL,25,Nondefense,1962Q2,Fisher Quantity Index,"Percent change, annual rate",0,31.3,T10101
T10101,A825RL,25,Nondefense,1962Q3,Fisher Quantity Index,"Percent change, annual rate",0,40.6,T10101
T10101,A825RL,25,Nondefense,1962Q4,Fisher Quantity Index,"Percent change, annual rate",0,8.8,T10101
T10101,A825RL,25,Nondefense,1963Q1,Fisher Quantity Index,"Percent change, annual rate",0,-9.6,T10101
T10101,A825RL,25,Nondefense,1963Q2,Fisher Quantity Index,"Percent change, annual rate",0,0.6,T10101
T10101,A825RL,25,Nondefense,1963Q3,Fisher Quantity Index,"Percent change, annual rate",0,59.3,T10101
T10101,A825RL,25,Nondefense,1963Q4,Fisher Quantity Index,"Percent change, annual rate",0,-8.3,T10101
T10101,A825RL,25,Nondefense,1964Q1,Fisher Quantity Index,"Percent change, annual rate",0,14.2,T10101
T10101,A825RL,25,Nondefense,1964Q2,Fisher Quantity Index,"Percent change, annual rate",0,17.5,T10101
T10101,A825RL,25,Nondefense,1964Q3,Fisher Quantity Index,"Percent change, annual rate",0,-6.6,T10101
T10101,A825RL,25,Nondefense,1964Q4,Fisher Quantity Index,"Percent change, annual rate",0,4.8,T10101
T10101,A825RL,25,Nondefense,1965Q1,Fisher Quantity Index,"Percent change, annual rate",0,8.4,T10101
T10101,A825RL,25,Nondefense,1965Q2,Fisher Quantity Index,"Percent change, annual rate",0,8.9,T10101
T10101,A825RL,25,Nondefense,1965Q3,Fisher Quantity Index,"Percent change, annual rate",0,25.2,T10101
T10101,A825RL,25,Nondefense,1965Q4,Fisher Quantity Index,"Percent change, annual rate",0,1.4,T10101
T10101,A825RL,25,Nondefense,1966Q1,Fisher Quantity Index,"Percent change, annual rate",0,-4.1,T10101
T10101,A825RL,25,Nondefense,1966Q2,Fisher Quantity Index,"Percent change, annual rate",0,19.7,T10101
T10101,A825RL,25,Nondefense,1966Q3,Fisher Quantity Index,"Percent change, annual rate",0,-10.7,T10101
T10101,A825RL,25,Nondefense,1966Q4,Fisher Quantity Index,"Percent change, annual rate",0,-14.9,T10101
T10101,A825RL,25,Nondefense,1967Q1,Fisher Quantity Index,"Percent change, annual rate",0,43.3,T10101
T10101,A825RL,25,Nondefense,1967Q2,Fisher Quantity Index,"Percent change, annual rate",0,-20.5,T10101
T10101,A825RL,25,Nondefense,1967Q3,Fisher Quantity Index,"Percent change, annual rate",0,-3.4,T10101
T10101,A825RL,25,Nondefense,1967Q4,Fisher Quantity Index,"Percent change, annual rate",0,16.5,T10101
T10101,A825RL,25,Nondefense,1968Q1,Fisher Quantity Index,"Percent change, annual rate",0,-0.3,T10101
T10101,A825RL,25,Nondefense,1968Q2,Fisher Quantity Index,"Percent change, annual rate",0,-8.9,T10101
T10101,A825RL,25,Nondefense,1968Q3,Fisher Quantity Index,"Percent change, annual rate",0,16.5,T10101
T10101,A825RL,25,Nondefense,1968Q4,Fisher Quantity Index,"Percent change, annual rate",0,3.5,T10101
T10101,A825RL,25,Nondefense,1969Q1,Fisher Quantity Index,"Percent change, annual rate",0,6.4,T10101
T10101,A825RL,25,Nondefense,1969Q2,Fisher Quantity Index,"Percent change, annual rate",0,4.3,T10101
T10101,A825RL,25,Nondefense,1969Q3,Fisher Quantity Index,"Percent change, annual rate",0,3.5,T10101
T10101,A825RL,25,Nondefense,1969Q4,Fisher Quantity Index,"Percent change, annual rate",0,-13.5,T10101
T10101,A825RL,25,Nondefense,1970Q1,Fisher Quantity Index,"Percent change, annual rate",0,4.8,T10101
T10101,A825RL,25,Nondefense,1970Q2,Fisher Quantity Index,"Percent change, annual rate",0,11.2,T10101
T10101,A825RL,25,Nondefense,1970Q3,Fisher Quantity Index,"Percent change, annual rate",0,-2.7,T10101
T10101,A825RL,25,Nondefense,1970Q4,Fisher Quantity Index,"Percent change, annual rate",0,2.6,T10101
T10101,A825RL,25,Nondefense,1971Q1,Fisher Quantity Index,"Percent change, annual rate",0,-1.7,T10101
T10101,A825RL,25,Nondefense,1971Q2,Fisher Quantity Index,"Percent change, annual rate",0,23.3,T10101
T10101,A825RL,25,Nondefense,1971Q3,Fisher Quantity Index,"Percent change, annual rate",0,14.9,T10101
T10101,A825RL,25,Nondefense,1971Q4,Fisher Quantity Index,"Percent change, annual rate",0,-10.9,T10101
T10101,A825RL,25,Nondefense,1972Q1,Fisher Quantity Index,"Percent change, annual rate",0,24.5,T10101
T10101,A825RL,25,Nondefense,1972Q2,Fisher Quantity Index,"Percent change, annual rate",0,5.2,T10101
T10101,A825RL,25,Nondefense,1972Q3,Fisher Quantity Index,"Percent change, annual rate",0,-2.5,T10101
T10101,A825RL,25,Nondefense,1972Q4,Fisher Quantity Index,"Percent change, annual rate",0,-0.8,T10101
T10101,A825RL,25,Nondefense,1973Q1,Fisher Quantity Index,"Percent change, annual rate",0,4.3,T10101
T10101,A825RL,25,Nondefense,1973Q2,Fisher Quantity Index,"Percent change, annual rate",0,-2.4,T10101
T10101,A825RL,25,Nondefense,1973Q3,Fisher Quantity Index,"Percent change, annual rate",0,0.4,T10101
T10101,A825RL,25,Nondefense,1973Q4,Fisher Quantity Index,"Percent change, annual rate",0,-3.5,T10101
T10101,A825RL,25,Nondefense,1974Q1,Fisher Quantity Index,"Percent change, annual rate",0,17.6,T10101
T10101,A825RL,25,Nondefense,1974Q2,Fisher Quantity Index,"Percent change, annual rate",0,-13.4,T10101
T10101,A825RL,25,Nondefense,1974Q3,Fisher Quantity Index,"Percent change, annual rate",0,29.0,T10101
T10101,A825RL,25,Nondefense,1974Q4,Fisher Quantity Index,"Percent change, annual rate",0,9.6,T10101
T10101,A825RL,25,Nondefense,1975Q1,Fisher Quantity Index,"Percent change, annual rate",0,-5.3,T10101
T10101,A825RL,25,Nondefense,1975Q2,Fisher Quantity Index,"Percent change, annual rate",0,4.4,T10101
T10101,A825RL,25,Nondefense,1975Q3,Fisher Quantity Index,"Percent change, annual rate",0,1.0,T10101
T10101,A825RL,25,Nondefense,1975Q4,Fisher Quantity Index,"Percent change, annual rate",0,6.0,T10101
T10101,A825RL,25,Nondefense,1976Q1,Fisher Quantity Index,"Percent change, annual rate",0,-0.8,T10101
T10101,A825RL,25,Nondefense,1976Q2,Fisher Quantity Index,"Percent change, annual rate",0,-0.3,T10101
T10101,A825RL,25,Nondefense,1976Q3,Fisher Quantity Index,"Percent change, annual rate",0,0.8,T10101
T10101,A825RL,25,Nondefense,1976Q4,Fisher Quantity Index,"Percent change, annual rate",0,5.8,T10101
T10101,A825RL,25,Nondefense,1977Q1,Fisher Quantity Index,"Percent change, annual rate",0,0.8,T10101
T10101,A825RL,25,Nondefense,1977Q2,Fisher Quantity Index,"Percent change, annual rate",0,8.7,T10101
T10101,A825RL,25,Nondefense,1977Q3,Fisher Quantity Index,"Percent change, annual rate",0,8.0,T10101
T10101,A825RL,25,Nondefense,1977Q4,Fisher Quantity Index,"Percent change, annual rate",0,9.9,T10101
T10101,A825RL,25,Nondefense,1978Q1,Fisher Quantity Index,"Percent change, annual rate",0,-1.2,T10101
T10101,A825RL,25,Nondefense,1978Q2,Fisher Quantity Index,"Percent change, annual rate",0,11.1,T10101
T10101,A825RL,25,Nondefense,1978Q3,Fisher Quantity Index,"Percent change, annual rate",0,3.9,T10101
T10101,A825RL,25,Nondefense,1978Q4,Fisher Quantity Index,"Percent change, annual rate",0,5.7,T10101
T10101,A825RL,25,Nondefense,1979Q1,Fisher Quantity Index,"Percent change, annual rate",0,-2.5,T10101
T10101,A825RL,25,Nondefense,1979Q2,Fisher Quantity Index,"Percent change, annual rate",0,0.3,T10101
T10101,A825RL,25,Nondefense,1979Q3,Fisher Quantity Index,"Percent change, annual rate",0,2.4,T10101
T10101,A825RL,25,Nondefense,1979Q4,Fisher Quantity Index,"Percent change, annual rate",0,-4.5,T10101
T10101,A825RL,25,Nondefense,1980Q1,Fisher Quantity Index,"Percent change, annual rate",0,13.8,T10101
T10101,A825RL,25,Nondefense,1980Q2,Fisher Quantity Index,"Percent change, annual rate",0,28.7,T10101
T10101,A825RL,25,Nondefense,1980Q3,Fisher Quantity Index,"Percent change, annual rate",0,-14.2,T10101
T10101,A825RL,25,Nondefense,1980Q4,Fisher Quantity Index,"Percent change, annual rate",0,-5.0,T10101
T10101,A825RL,25,Nondefense,1981Q1,Fisher Quantity Index,"Percent change, annual rate",0,5.7,T10101
T10101,A825RL,25,Nondefense,1981Q2,Fisher Quantity Index,"Percent change, annual rate",0,11.8,T10101
T10101,A825RL,25,Nondefense,1981Q3,Fisher Quantity Index,"Percent change, annual rate",0,-8.5,T10101
T10101,A825RL,25,Nondefense,1981Q4,Fisher Quantity Index,"Percent change, annual rate",0,0.2,T10101
T10101,A825RL,25,Nondefense,1982Q1,Fisher Quantity Index,"Percent change, annual rate",0,-8.0,T10101
T10101,A825RL,25,Nondefense,1982Q2,Fisher Quantity Index,"Percent change, annual rate",0,-11.1,T10101
T10101,A825RL,25,Nondefense,1982Q3,Fisher Quantity Index,"Percent change, annual rate",0,2.3,T10101
T10101,A825RL,25,Nondefense,1982Q4,Fisher Quantity Index,"Percent change, annual rate",0,12.1,T10101
T10101,A825RL,25,Nondefense,1983Q1,Fisher Quantity Index,"Percent change, annual rate",0,12.9,T10101
T10101,A825RL,25,Nondefense,1983Q2,Fisher Quantity Index,"Percent change, annual rate",0,4.9,T10101
T10101,A825RL,25,Nondefense,1983Q3,Fisher Quantity Index,"Percent change, annual rate",0,28.0,T10101
T10101,A825RL,25,Nondefense,1983Q4,Fisher Quantity Index,"Percent change, annual rate",0,-49.8,T10101
T10101,A825RL,25,Nondefense,1984Q1,Fisher Quantity Index,"Percent change, annual rate",0,9.3,T10101
T10101,A825RL,25,Nondefense,1984Q2,Fisher Quantity Index,"Percent change, annual rate",0,36.2,T10101
T10101,A825RL,25,Nondefense,1984Q3,Fisher Quantity Index,"Percent change, annual rate",0,-0.1,T10101
T10101,A825RL,25,Nondefense,1984Q4,Fisher Quantity Index,"Percent change, annual rate",0,3.7,T10101
T10101,A825RL,25,Nondefense,1985Q1,Fisher Quantity Index,"Percent change, annual rate",0,6.5,T10101
T10101,A825RL,25,Nondefense,1985Q2,Fisher Quantity Index,"Percent change, annual rate",0,6.7,T10101
T10101,A825RL,25,Nondefense,1985Q3,Fisher Quantity Index,"Percent change, annual rate",0,4.6,T10101
T10101,A825RL,25,Nondefense,1985Q4,Fisher Quantity Index,"Percent change, annual rate",0,-6.0,T10101
T10101,A825RL,25,Nondefense,1986Q1,Fisher Quantity Index,"Percent change, annual rate",0,1.6,T10101
T10101,A825RL,25,Nondefense,1986Q2,Fisher Quantity Index,"Percent change, annual rate",0,5.1,T10101
T10101,A825RL,25,Nondefense,1986Q3,Fisher Quantity Index,"Percent change, annual rate",0,10.9,T10101
T10101,A825RL,25,Nondefense,1986Q4,Fisher Quantity Index,"Percent change, annual rate",0,10.2,T10101
T10101,A825RL,25,Nondefense,1987Q1,Fisher Quantity Index,"Percent change, annual rate",0,-7.9,T10101
T10101,A825RL,25,Nondefense,1987Q2,Fisher Quantity Index,"Percent change, annual rate",0,-3.5,T10101
T10101,A825RL,25,Nondefense,1987Q3,Fisher Quantity Index,"Percent change, annual rate",0,-14.2,T10101
T10101,A825RL,25,Nondefense,1987Q4,Fisher Quantity Index,"Percent change, annual rate",0,25.6,T10101
T10101,A825RL,25,Nondefense,1988Q1,Fisher Quantity Index,"Percent change, annual rate",0,-24.3,T10101
T10101,A825RL,25,Nondefense,1988Q2,Fisher Quantity Index,"Percent change, annual rate",0,-5.2,T10101
T10101,A825RL,25,Nondefense,1988Q3,Fisher Quantity Index,"Percent change, annual rate",0,1.7,T10101
T10101,A825RL,25,Nondefense,1988Q4,Fisher Quantity Index,"Percent change, annual rate",0,21.2,T10101
T10101,A825RL,25,Nondefense,1989Q1,Fisher Quantity Index,"Percent change, annual rate",0,3.2,T10101
T10101,A825RL,25,Nondefense,1989Q2,Fisher Quantity Index,"Percent change, annual rate",0,11.9,T10101
T10101,A825RL,25,Nondefense,1989Q3,Fisher Quantity Index,"Percent change, annual rate",0,1.3,T10101
T10101,A825RL,25,Nondefense,1989Q4,Fisher Quantity Index,"Percent change, annual rate",0,7.2,T10101
T10101,A825RL,25,Nondefense,1990Q1,Fisher Quantity Index,"Percent change, annual rate",0,12.4,T10101
T10101,A825RL,25,Nondefense,1990Q2,Fisher Quantity Index,"Percent change, annual rate",0,8.4,T10101
T10101,A825RL,25,Nondefense,1990Q3,Fisher Quantity Index,"Percent change, annual rate",0,5.5,T10101
T10101,A825RL,25,Nondefense,1990Q4,Fisher Quantity Index,"Percent change, annual rate",0,-4.2,T10101
T10101,A825RL,25,Nondefense,1991Q1,Fisher Quantity Index,"Percent change, annual rate",0,1.1,T10101
T10101,A825RL,25,Nondefense,1991Q2,Fisher Quantity Index,"Percent change, annual rate",0,5.5,T10101
T10101,A825RL,25,Nondefense,1991Q3,Fisher Quantity Index,"Percent change, annual rate",0,2.6,T10101
T10101,A825RL,25,Nondefense,1991Q4,Fisher Quantity Index,"Percent change, annual rate",0,7.9,T10101
T10101,A825RL,25,Nondefense,1992Q1,Fisher Quantity Index,"Percent change, annual rate",0,10.4,T10101
T10101,A825RL,25,Nondefense,1992Q2,Fisher Quantity Index,"Percent change, annual rate",0,1.0,T10101
T10101,A825RL,25,Nondefense,1992Q3,Fisher Quantity Index,"Percent change, annual rate",0,3.0,T10101
T10101,A825RL,25,Nondefense,1992Q4,Fisher Quantity Index,"Percent change, annual rate",0,10.9,T10101
T10101,A825RL,25,Nondefense,1993Q1,Fisher Quantity Index,"Percent change, annual rate",0,-7.2,T10101
T10101,A825RL,25,Nondefense,1993Q2,Fisher Quantity Index,"Percent change, annual rate",0,-1.9,T10101
T10101,A825RL,25,Nondefense,1993Q3,Fisher Quantity Index,"Percent change, annual rate",0,-0.7,T10101
T10101,A825RL,25,Nondefense,1993Q4,Fisher Quantity Index,"Percent change, annual rate",0,-0.2,T10101
T10101,A825RL,25,Nondefense,1994Q1,Fisher Quantity Index,"Percent change, annual rate",0,-2.7,T10101
T10101,A825RL,25,Nondefense,1994Q2,Fisher Quantity Index,"Percent change, annual rate",0,-4.7,T10101
T10101,A825RL,25,Nondefense,1994Q3,Fisher Quantity Index,"Percent change, annual rate",0,3.6,T10101
T10101,A825RL,25,Nondefense,1994Q4,Fisher Quantity Index,"Percent change, annual rate",0,8.5,T10101
T10101,A825RL,25,Nondefense,1995Q1,Fisher Quantity Index,"Percent change, annual rate",0,-1.7,T10101
T10101,A825RL,25,Nondefense,1995Q2,Fisher Quantity Index,"Percent change, annual rate",0,-2.5,T10101
T10101,A825RL,25,Nondefense,1995Q3,Fisher Quantity Index,"Percent change, annual rate",0,1.5,T10101
T10101,A825RL,25,Nondefense,1995Q4,Fisher Quantity Index,"Percent change, annual rate",0,-13.7,T10101
T10101,A825RL,25,Nondefense,1996Q1,Fisher Quantity Index,"Percent change, annual rate",0,8.4,T10101
T10101,A825RL,25,Nondefense,1996Q2,Fisher Quantity Index,"Percent change, annual rate",0,2.1,T10101
T10101,A825RL,25,Nondefense,1996Q3,Fisher Quantity Index,"Percent change, annual rate",0,-2.3,T10101
T10101,A825RL,25,Nondefense,1996Q4,Fisher Quantity Index,"Percent change, annual rate",0,2.6,T10101
T10101,A825RL,25,Nondefense,1997Q1,Fisher Quantity Index,"Percent change, annual rate",0,7.0,T10101
T10101,A825RL,25,Nondefense,1997Q2,Fisher Quantity Index,"Percent change, annual rate",0,4.4,T10101
T10101,A825RL,25,Nondefense,1997Q3,Fisher Quantity Index,"Percent change, annual rate",0,2.2,T10101
T10101,A825RL,25,Nondefense,1997Q4,Fisher Quantity Index,"Percent change, annual rate",0,-5.5,T10101
T10101,A825RL,25,Nondefense,1998Q1,Fisher Quantity Index,"Percent change, annual rate",0,9.7,T10101
T10101,A825RL,25,Nondefense,1998Q2,Fisher Quantity Index,"Percent change, annual rate",0,1.5,T10101
T10101,A825RL,25,Nondefense,1998Q3,Fisher Quantity Index,"Percent change, annual rate",0,-14.8,T10101
T10101,A825RL,25,Nondefense,1998Q4,Fisher Quantity Index,"Percent change, annual rate",0,20.0,T10101
T10101,A825RL,25,Nondefense,1999Q1,Fisher Quantity Index,"Percent change, annual rate",0,1.9,T10101
T10101,A825RL,25,Nondefense,1999Q2,Fisher Quantity Index,"Percent change, annual rate",0,-0.1,T10101
T10101,A825RL,25,Nondefense,1999Q3,Fisher Quantity Index,"Percent change, annual rate",0,0.8,T10101
T10101,A825RL,25,Nondefense,1999Q4,Fisher Quantity Index,"Percent change, annual rate",0,7.3,T10101
T10101,A825RL,25,Nondefense,2000Q1,Fisher Quantity Index,"Percent change, annual rate",0,-0.6,T10101
T10101,A825RL,25,Nondefense,2000Q2,Fisher Quantity Index,"Percent change, annual rate",0,9.1,T10101
T10101,A825RL,25,Nondefense,2000Q3,Fisher Quantity Index,"Percent change, annual rate",0,-3.1,T10101
T10101,A825RL,25,Nondefense,2000Q4,Fisher Quantity Index,"Percent change, annual rate",0,-3.2,T10101
T10101,A825RL,25,Nondefense,2001Q1,Fisher Quantity Index,"Percent change, annual rate",0,14.9,T10101
T10101,A825RL,25,Nondefense,2001Q2,Fisher Quantity Index,"Percent change, annual rate",0,8.1,T10101
T10101,A825RL,25,Nondefense,2001Q3,Fisher Quantity Index,"Percent change, annual rate",0,1.8,T10101
T10101,A825RL,25,Nondefense,2001Q4,Fisher Quantity Index,"Percent change, annual rate",0,3.0,T10101
T10101,A825RL,25,Nondefense,2002Q1,Fisher Quantity Index,"Percent change, annual rate",0,12.7,T10101
T10101,A825RL,25,Nondefense,2002Q2,Fisher Quantity Index,"Percent change, annual rate",0,9.8,T10101
T10101,A825RL,25,Nondefense,2002Q3,Fisher Quantity Index,"Percent change, annual rate",0,5.6,T10101
T10101,A825RL,25,Nondefense,2002Q4,Fisher Quantity Index,"Percent change, annual rate",0,4.9,T10101
T10101,A825RL,25,Nondefense,2003Q1,Fisher Quantity Index,"Percent change, annual rate",0,1.1,T10101
T10101,A825RL,25,Nondefense,2003Q2,Fisher Quantity Index,"Percent change, annual rate",0,5.7,T10101
T10101,A825RL,25,Nondefense,2003Q3,Fisher Quantity Index,"Percent change, annual rate",0,3.1,T10101
T10101,A825RL,25,Nondefense,2003Q4,Fisher Quantity Index,"Percent change, annual rate",0,0.5,T10101
T10101,A825RL,25,Nondefense,2004Q1,Fisher Quantity Index,"Percent change, annual rate",0,1.9,T10101
T10101,A825RL,25,Nondefense,2004Q2,Fisher Quantity Index,"Percent change, annual rate",0,3.5,T10101
T10101,A825RL,25,Nondefense,2004Q3,Fisher Quantity Index,"Percent change, annual rate",0,-2.9,T10101
T10101,A825RL,25,Nondefense,2004Q4,Fisher Quantity Index,"Percent change, annual rate",0,7.1,T10101
T10101,A825RL,25,Nondefense,2005Q1,Fisher Quantity Index,"Percent change, annual rate",0,-0.1,T10101
T10101,A825RL,25,Nondefense,2005Q2,Fisher Quantity Index,"Percent change, annual rate",0,-3.2,T10101
T10101,A825RL,25,Nondefense,2005Q3,Fisher Quantity Index,"Percent change, annual rate",0,5.2,T10101
T10101,A825RL,25,Nondefense,2005Q4,Fisher Quantity Index,"Percent change, annual rate",0,6.0,T10101
T10101,A825RL,25,Nondefense,2006Q1,Fisher Quantity Index,"Percent change, annual rate",0,13.7,T10101
T10101,A825RL,25,Nondefense,2006Q2,Fisher Quantity Index,"Percent change, annual rate",0,-6.4,T10101
T10101,A825RL,25,Nondefense,2006Q3,Fisher Quantity Index,"Percent change, annual rate",0,4.4,T10101
T10101,A825RL,25,Nondefense,2006Q4,Fisher Quantity Index,"Percent change, annual rate",0,-5.2,T10101
T10101,A825RL,25,Nondefense,2007Q1,Fisher Quantity Index,"Percent change, annual rate",0,-0.7,T10101
T10101,A825RL,25,Nondefense,2007Q2,Fisher Quantity Index,"Percent change, annual rate",0,2.1,T10101
T10101,A825RL,25,Nondefense,2007Q3,Fisher Quantity Index,"Percent change, annual rate",0,5.4,T10101
T10101,A825RL,25,Nondefense,2007Q4,Fisher Quantity Index,"Percent change, annual rate",0,5.9,T10101
T10101,A825RL,25,Nondefense,2008Q1,Fisher Quantity Index,"Percent change, annual rate",0,5.3,T10101
T10101,A825RL,25,Nondefense,2008Q2,Fisher Quantity Index,"Percent change, annual rate",0,11.5,T10101
T10101,A825RL,25,Nondefense,2008Q3,Fisher Quantity Index,"Percent change, annual rate",0,-2.0,T10101
T10101,A825RL,25,Nondefense,2008Q4,Fisher Quantity Index,"Percent change, annual rate",0,3.8,T10101
T10101,A825RL,25,Nondefense,2009Q1,Fisher Quantity Index,"Percent change, annual rate",0,13.6,T10101
T10101,A825RL,25,Nondefense,2009Q2,Fisher Quantity Index,"Percent change, annual rate",0,8.3,T10101
T10101,A825RL,25,Nondefense,2009Q3,Fisher Quantity Index,"Percent change, annual rate",0,4.8,T10101
T10101,A825RL,25,Nondefense,2009Q4,Fisher Quantity Index,"Percent change, annual rate",0,8.9,T10101
T10101,A825RL,25,Nondefense,2010Q1,Fisher Quantity Index,"Percent change, annual rate",0,8.8,T10101
T10101,A825RL,25,Nondefense,2010Q2,Fisher Quantity Index,"Percent change, annual rate",0,9.8,T10101
T10101,A825RL,25,Nondefense,2010Q3,Fisher Quantity Index,"Percent change, annual rate",0,-3.5,T10101
T10101,A825RL,25,Nondefense,2010Q4,Fisher Quantity Index,"Percent change, annual rate",0,-3.5,T10101
T10101,A825RL,25,Nondefense,2011Q1,Fisher Quantity Index,"Percent change, annual rate",0,-2.7,T10101
T10101,A825RL,25,Nondefense,2011Q2,Fisher Quantity Index,"Percent change, annual rate",0,-7.0,T10101
T10101,A825RL,25,Nondefense,2011Q3,Fisher Quantity Index,"Percent change, annual rate",0,-13.7,T10101
T10101,A825RL,25,Nondefense,2011Q4,Fisher Quantity Index,"Percent change, annual rate",0,11.0,T10101
T10101,A825RL,25,Nondefense,2012Q1,Fisher Quantity Index,"Percent change, annual rate",0,4.6,T10101
T10101,A825RL,25,Nondefense,2012Q2,Fisher Quantity Index,"Percent change, annual rate",0,-0.2,T10101
T10101,A825RL,25,Nondefense,2012Q3,Fisher Quantity Index,"Percent change, annual rate",0,0.5,T10101
T10101,A825RL,25,Nondefense,2012Q4,Fisher Quantity Index,"Percent change, annual rate",0,-0.2,T10101
T10101,A825RL,25,Nondefense,2013Q1,Fisher Quantity Index,"Percent change, annual rate",0,-7.8,T10101
T10101,A825RL,25,Nondefense,2013Q2,Fisher Quantity Index,"Percent change, annual rate",0,-4.5,T10101
T10101,A825RL,25,Nondefense,2013Q3,Fisher Quantity Index,"Percent change, annual rate",0,-1.8,T10101
T10101,A825RL,25,Nondefense,2013Q4,Fisher Quantity Index,"Percent change, annual rate",0,-7.4,T10101
T10101,A825RL,25,Nondefense,2014Q1,Fisher Quantity Index,"Percent change, annual rate",0,7.4,T10101
T10101,A825RL,25,Nondefense,2014Q2,Fisher Quantity Index,"Percent change, annual rate",0,-2.0,T10101
T10101,A825RL,25,Nondefense,2014Q3,Fisher Quantity Index,"Percent change, annual rate",0,3.6,T10101
T10101,A825RL,25,Nondefense,2014Q4,Fisher Quantity Index,"Percent change, annual rate",0,2.5,T10101
T10101,A825RL,25,Nondefense,2015Q1,Fisher Quantity Index,"Percent change, annual rate",0,6.0,T10101
T10101,A825RL,25,Nondefense,2015Q2,Fisher Quantity Index,"Percent change, annual rate",0,1.6,T10101
T10101,A825RL,25,Nondefense,2015Q3,Fisher Quantity Index,"Percent change, annual rate",0,5.0,T10101
T10101,A825RL,25,Nondefense,2015Q4,Fisher Quantity Index,"Percent change, annual rate",0,2.9,T10101
T10101,A825RL,25,Nondefense,2016Q1,Fisher Quantity Index,"Percent change, annual rate",0,2.9,T10101
T10101,A825RL,25,Nondefense,2016Q2,Fisher Quantity Index,"Percent change, annual rate",0,0.9,T10101
T10101,A825RL,25,Nondefense,2016Q3,Fisher Quantity Index,"Percent change, annual rate",0,-0.7,T10101
T10101,A825RL,25,Nondefense,2016Q4,Fisher Quantity Index,"Percent change, annual rate",0,1.7,T10101
T10101,A825RL,25,Nondefense,2017Q1,Fisher Quantity Index,"Percent change, annual rate",0,-1.7,T10101
T10101,A825RL,25,Nondefense,2017Q2,Fisher Quantity Index,"Percent change, annual rate",0,-3.1,T10101
T10101,A825RL,25,Nondefense,2017Q3,Fisher Quantity Index,"Percent change, annual rate",0,1.8,T10101
T10101,A825RL,25,Nondefense,2017Q4,Fisher Quantity Index,"Percent change, annual rate",0,4.9,T10101
T10101,A825RL,25,Nondefense,2018Q1,Fisher Quantity Index,"Percent change, annual rate",0,8.1,T10101
T10101,A825RL,25,Nondefense,2018Q2,Fisher Quantity Index,"Percent change, annual rate",0,1.8,T10101
T10101,A825RL,25,Nondefense,2018Q3,Fisher Quantity Index,"Percent change, annual rate",0,3.5,T10101
T10101,A825RL,25,Nondefense,2018Q4,Fisher Quantity Index,"Percent change, annual rate",0,-4.5,T10101
T10101,A825RL,25,Nondefense,2019Q1,Fisher Quantity Index,"Percent change, annual rate",0,-2.9,T10101
T10101,A825RL,25,Nondefense,2019Q2,Fisher Quantity Index,"Percent change, annual rate",0,12.0,T10101
T10101,A825RL,25,Nondefense,2019Q3,Fisher Quantity Index,"Percent change, annual rate",0,3.5,T10101
T10101,A825RL,25,Nondefense,2019Q4,Fisher Quantity Index,"Percent change, annual rate",0,1.8,T10101
T10101,A825RL,25,Nondefense,2020Q1,Fisher Quantity Index,"Percent change, annual rate",0,7.0,T10101
T10101,A825RL,25,Nondefense,2020Q2,Fisher Quantity Index,"Percent change, annual rate",0,91.5,T10101
T10101,A825RL,25,Nondefense,2020Q3,Fisher Quantity Index,"Percent change, annual rate",0,-25.1,T10101
T10101,A825RL,25,Nondefense,2020Q4,Fisher Quantity Index,"Percent change, annual rate",0,-15.5,T10101
T10101,A825RL,25,Nondefense,2021Q1,Fisher Quantity Index,"Percent change, annual rate",0,62.5,T10101
T10101,A825RL,25,Nondefense,2021Q2,Fisher Quantity Index,"Percent change, annual rate",0,-14.6,T10101
T10101,A825RL,25,Nondefense,2021Q3,Fisher Quantity Index,"Percent change, annual rate",0,-11.5,T10101
T10101,A825RL,25,Nondefense,2021Q4,Fisher Quantity Index,"Percent change, annual rate",0,12.4,T10101
T10101,A825RL,25,Nondefense,2022Q1,Fisher Quantity Index,"Percent change, annual rate",0,-5.2,T10101
T10101,A825RL,25,Nondefense,2022Q2,Fisher Quantity Index,"Percent change, annual rate",0,-10.1,T10101
T10101,A825RL,25,Nondefense,2022Q3,Fisher Quantity Index,"Percent change, annual rate",0,2.5,T10101
T10101,A825RL,25,Nondefense,2022Q4,Fisher Quantity Index,"Percent change, annual rate",0,10.1,T10101
T10101,A825RL,25,Nondefense,2023Q1,Fisher Quantity Index,"Percent change, annual rate",0,3.6,T10101
T10101,A825RL,25,Nondefense,2023Q2,Fisher Quantity Index,"Percent change, annual rate",0,-3.1,T10101
T10101,A825RL,25,Nondefense,2023Q3,Fisher Quantity Index,"Percent change, annual rate",0,6.0,T10101
T10101,A825RL,25,Nondefense,2023Q4,Fisher Quantity Index,"Percent change, annual rate",0,5.2,T10101
T10101,A825RL,25,Nondefense,2024Q1,Fisher Quantity Index,"Percent change, annual rate",0,5.5,T10101
T10101,A825RL,25,Nondefense,2024Q2,Fisher Quantity Index,"Percent change, annual rate",0,0.9,T10101
T10101,A825RL,25,Nondefense,2024Q3,Fisher Quantity Index,"Percent change, annual rate",0,2.4,T10101
T10101,A825RL,25,Nondefense,2024Q4,Fisher Quantity Index,"Percent change, annual rate",0,4.1,T10101
T10101,A825RL,25,Nondefense,2025Q1,Fisher Quantity Index,"Percent change, annual rate",0,-3.8,T10101
T10101,A825RL,25,Nondefense,2025Q2,Fisher Quantity Index,"Percent change, annual rate",0,-13.0,T10101
T10101,A825RL,25,Nondefense,2025Q3,Fisher Quantity Index,"Percent change, annual rate",0,-1.4,T10101
T10101,A829RL,26,State and local,1947Q2,Fisher Quantity Index,"Percent change, annual rate",0,5.7,T10101
T10101,A829RL,26,State and local,1947Q3,Fisher Quantity Index,"Percent change, annual rate",0,9.4,T10101
T10101,A829RL,26,State and local,1947Q4,Fisher Quantity Index,"Percent change, annual rate",0,6.4,T10101
T10101,A829RL,26,State and local,1948Q1,Fisher Quantity Index,"Percent change, annual rate",0,-0.9,T10101
T10101,A829RL,26,State and local,1948Q2,Fisher Quantity Index,"Percent change, annual rate",0,11.4,T10101
T10101,A829RL,26,State and local,1948Q3,Fisher Quantity Index,"Percent change, annual rate",0,7.0,T10101
T10101,A829RL,26,State and local,1948Q4,Fisher Quantity Index,"Percent change, annual rate",0,9.8,T10101
T10101,A829RL,26,State and local,1949Q1,Fisher Quantity Index,"Percent change, annual rate",0,17.4,T10101
T10101,A829RL,26,State and local,1949Q2,Fisher Quantity Index,"Percent change, annual rate",0,24.4,T10101
T10101,A829RL,26,State and local,1949Q3,Fisher Quantity Index,"Percent change, annual rate",0,17.5,T10101
T10101,A829RL,26,State and local,1949Q4,Fisher Quantity Index,"Percent change, annual rate",0,7.8,T10101
T10101,A829RL,26,State and local,1950Q1,Fisher Quantity Index,"Percent change, annual rate",0,10.2,T10101
T10101,A829RL,26,State and local,1950Q2,Fisher Quantity Index,"Percent change, annual rate",0,3.4,T10101
T10101,A829RL,26,State and local,1950Q3,Fisher Quantity Index,"Percent change, annual rate",0,0.3,T10101
T10101,A829RL,26,State and local,1950Q4,Fisher Quantity Index,"Percent change, annual rate",0,0.1,T10101
T10101,A829RL,26,State and local,1951Q1,Fisher Quantity Index,"Percent change, annual rate",0,-3.9,T10101
T10101,A829RL,26,State and local,1951Q2,Fisher Quantity Index,"Percent change, annual rate",0,6.9,T10101
T10101,A829RL,26,State and local,1951Q3,Fisher Quantity Index,"Percent change, annual rate",0,2.0,T10101
T10101,A829RL,26,State and local,1951Q4,Fisher Quantity Index,"Percent change, annual rate",0,-0.6,T10101
T10101,A829RL,26,State and local,1952Q1,Fisher Quantity Index,"Percent change, annual rate",0,1.1,T10101
T10101,A829RL,26,State and local,1952Q2,Fisher Quantity Index,"Percent change, annual rate",0,8.8,T10101
T10101,A829RL,26,State and local,1952Q3,Fisher Quantity Index,"Percent change, annual rate",0,-10.4,T10101
T10101,A829RL,26,State and local,1952Q4,Fisher Quantity Index,"Percent change, annual rate",0,9.5,T10101
T10101,A829RL,26,State and local,1953Q1,Fisher Quantity Index,"Percent change, annual rate",0,8.9,T10101
T10101,A829RL,26,State and local,1953Q2,Fisher Quantity Index,"Percent change, annual rate",0,-0.7,T10101
T10101,A829RL,26,State and local,1953Q3,Fisher Quantity Index,"Percent change, annual rate",0,11.0,T10101
T10101,A829RL,26,State and local,1953Q4,Fisher Quantity Index,"Percent change, annual rate",0,9.9,T10101
T10101,A829RL,26,State and local,1954Q1,Fisher Quantity Index,"Percent change, annual rate",0,15.0,T10101
T10101,A829RL,26,State and local,1954Q2,Fisher Quantity Index,"Percent change, annual rate",0,1.6,T10101
T10101,A829RL,26,State and local,1954Q3,Fisher Quantity Index,"Percent change, annual rate",0,11.5,T10101
T10101,A829RL,26,State and local,1954Q4,Fisher Quantity Index,"Percent change, annual rate",0,1.8,T10101
T10101,A829RL,26,State and local,1955Q1,Fisher Quantity Index,"Percent change, annual rate",0,17.7,T10101
T10101,A829RL,26,State and local,1955Q2,Fisher Quantity Index,"Percent change, annual rate",0,5.3,T10101
T10101,A829RL,26,State and local,1955Q3,Fisher Quantity Index,"Percent change, annual rate",0,-0.6,T10101
T10101,A829RL,26,State and local,1955Q4,Fisher Quantity Index,"Percent change, annual rate",0,2.4,T10101
T10101,A829RL,26,State and local,1956Q1,Fisher Quantity Index,"Percent change, annual rate",0,4.3,T10101
T10101,A829RL,26,State and local,1956Q2,Fisher Quantity Index,"Percent change, annual rate",0,5.1,T10101
T10101,A829RL,26,State and local,1956Q3,Fisher Quantity Index,"Percent change, annual rate",0,2.0,T10101
T10101,A829RL,26,State and local,1956Q4,Fisher Quantity Index,"Percent change, annual rate",0,4.1,T10101
T10101,A829RL,26,State and local,1957Q1,Fisher Quantity Index,"Percent change, annual rate",0,10.3,T10101
T10101,A829RL,26,State and local,1957Q2,Fisher Quantity Index,"Percent change, annual rate",0,3.3,T10101
T10101,A829RL,26,State and local,1957Q3,Fisher Quantity Index,"Percent change, annual rate",0,5.8,T10101
T10101,A829RL,26,State and local,1957Q4,Fisher Quantity Index,"Percent change, annual rate",0,10.2,T10101
T10101,A829RL,26,State and local,1958Q1,Fisher Quantity Index,"Percent change, annual rate",0,11.8,T10101
T10101,A829RL,26,State and local,1958Q2,Fisher Quantity Index,"Percent change, annual rate",0,5.7,T10101
T10101,A829RL,26,State and local,1958Q3,Fisher Quantity Index,"Percent change, annual rate",0,8.8,T10101
T10101,A829RL,26,State and local,1958Q4,Fisher Quantity Index,"Percent change, annual rate",0,7.1,T10101
T10101,A829RL,26,State and local,1959Q1,Fisher Quantity Index,"Percent change, annual rate",0,2.4,T10101
T10101,A829RL,26,State and local,1959Q2,Fisher Quantity Index,"Percent change, annual rate",0,0.9,T10101
T10101,A829RL,26,State and local,1959Q3,Fisher Quantity Index,"Percent change, annual rate",0,0.2,T10101
T10101,A829RL,26,State and local,1959Q4,Fisher Quantity Index,"Percent change, annual rate",0,-2.0,T10101
T10101,A829RL,26,State and local,1960Q1,Fisher Quantity Index,"Percent change, annual rate",0,6.9,T10101
T10101,A829RL,26,State and local,1960Q2,Fisher Quantity Index,"Percent change, annual rate",0,10.4,T10101
T10101,A829RL,26,State and local,1960Q3,Fisher Quantity Index,"Percent change, annual rate",0,6.1,T10101
T10101,A829RL,26,State and local,1960Q4,Fisher Quantity Index,"Percent change, annual rate",0,4.7,T10101
T10101,A829RL,26,State and local,1961Q1,Fisher Quantity Index,"Percent change, annual rate",0,13.5,T10101
T10101,A829RL,26,State and local,1961Q2,Fisher Quantity Index,"Percent change, annual rate",0,-2.7,T10101
T10101,A829RL,26,State and local,1961Q3,Fisher Quantity Index,"Percent change, annual rate",0,3.4,T10101
T10101,A829RL,26,State and local,1961Q4,Fisher Quantity Index,"Percent change, annual rate",0,11.2,T10101
T10101,A829RL,26,State and local,1962Q1,Fisher Quantity Index,"Percent change, annual rate",0,-2.9,T10101
T10101,A829RL,26,State and local,1962Q2,Fisher Quantity Index,"Percent change, annual rate",0,2.7,T10101
T10101,A829RL,26,State and local,1962Q3,Fisher Quantity Index,"Percent change, annual rate",0,5.1,T10101
T10101,A829RL,26,State and local,1962Q4,Fisher Quantity Index,"Percent change, annual rate",0,4.2,T10101
T10101,A829RL,26,State and local,1963Q1,Fisher Quantity Index,"Percent change, annual rate",0,7.6,T10101
T10101,A829RL,26,State and local,1963Q2,Fisher Quantity Index,"Percent change, annual rate",0,3.4,T10101
T10101,A829RL,26,State and local,1963Q3,Fisher Quantity Index,"Percent change, annual rate",0,11.0,T10101
T10101,A829RL,26,State and local,1963Q4,Fisher Quantity Index,"Percent change, annual rate",0,5.4,T10101
T10101,A829RL,26,State and local,1964Q1,Fisher Quantity Index,"Percent change, annual rate",0,6.1,T10101
T10101,A829RL,26,State and local,1964Q2,Fisher Quantity Index,"Percent change, annual rate",0,9.4,T10101
T10101,A829RL,26,State and local,1964Q3,Fisher Quantity Index,"Percent change, annual rate",0,4.4,T10101
T10101,A829RL,26,State and local,1964Q4,Fisher Quantity Index,"Percent change, annual rate",0,4.2,T10101
T10101,A829RL,26,State and local,1965Q1,Fisher Quantity Index,"Percent change, annual rate",0,3.6,T10101
T10101,A829RL,26,State and local,1965Q2,Fisher Quantity Index,"Percent change, annual rate",0,10.5,T10101
T10101,A829RL,26,State and local,1965Q3,Fisher Quantity Index,"Percent change, annual rate",0,11.7,T10101
T10101,A829RL,26,State and local,1965Q4,Fisher Quantity Index,"Percent change, annual rate",0,5.9,T10101
T10101,A829RL,26,State and local,1966Q1,Fisher Quantity Index,"Percent change, annual rate",0,4.8,T10101
T10101,A829RL,26,State and local,1966Q2,Fisher Quantity Index,"Percent change, annual rate",0,3.1,T10101
T10101,A829RL,26,State and local,1966Q3,Fisher Quantity Index,"Percent change, annual rate",0,4.7,T10101
T10101,A829RL,26,State and local,1966Q4,Fisher Quantity Index,"Percent change, annual rate",0,10.6,T10101
T10101,A829RL,26,State and local,1967Q1,Fisher Quantity Index,"Percent change, annual rate",0,5.0,T10101
T10101,A829RL,26,State and local,1967Q2,Fisher Quantity Index,"Percent change, annual rate",0,2.1,T10101
T10101,A829RL,26,State and local,1967Q3,Fisher Quantity Index,"Percent change, annual rate",0,1.5,T10101
T10101,A829RL,26,State and local,1967Q4,Fisher Quantity Index,"Percent change, annual rate",0,7.1,T10101
T10101,A829RL,26,State and local,1968Q1,Fisher Quantity Index,"Percent change, annual rate",0,7.5,T10101
T10101,A829RL,26,State and local,1968Q2,Fisher Quantity Index,"Percent change, annual rate",0,8.1,T10101
T10101,A829RL,26,State and local,1968Q3,Fisher Quantity Index,"Percent change, annual rate",0,5.9,T10101
T10101,A829RL,26,State and local,1968Q4,Fisher Quantity Index,"Percent change, annual rate",0,3.4,T10101
T10101,A829RL,26,State and local,1969Q1,Fisher Quantity Index,"Percent change, annual rate",0,3.7,T10101
T10101,A829RL,26,State and local,1969Q2,Fisher Quantity Index,"Percent change, annual rate",0,3.4,T10101
T10101,A829RL,26,State and local,1969Q3,Fisher Quantity Index,"Percent change, annual rate",0,0.9,T10101
T10101,A829RL,26,State and local,1969Q4,Fisher Quantity Index,"Percent change, annual rate",0,-0.9,T10101
T10101,A829RL,26,State and local,1970Q1,Fisher Quantity Index,"Percent change, annual rate",0,3.9,T10101
T10101,A829RL,26,State and local,1970Q2,Fisher Quantity Index,"Percent change, annual rate",0,2.2,T10101
T10101,A829RL,26,State and local,1970Q3,Fisher Quantity Index,"Percent change, annual rate",0,9.4,T10101
T10101,A829RL,26,State and local,1970Q4,Fisher Quantity Index,"Percent change, annual rate",0,2.0,T10101
T10101,A829RL,26,State and local,1971Q1,Fisher Quantity Index,"Percent change, annual rate",0,1.7,T10101
T10101,A829RL,26,State and local,1971Q2,Fisher Quantity Index,"Percent change, annual rate",0,3.0,T10101
T10101,A829RL,26,State and local,1971Q3,Fisher Quantity Index,"Percent change, annual rate",0,1.4,T10101
T10101,A829RL,26,State and local,1971Q4,Fisher Quantity Index,"Percent change, annual rate",0,5.1,T10101
T10101,A829RL,26,State and local,1972Q1,Fisher Quantity Index,"Percent change, annual rate",0,1.1,T10101
T10101,A829RL,26,State and local,1972Q2,Fisher Quantity Index,"Percent change, annual rate",0,-0.7,T10101
T10101,A829RL,26,State and local,1972Q3,Fisher Quantity Index,"Percent change, annual rate",0,3.3,T10101
T10101,A829RL,26,State and local,1972Q4,Fisher Quantity Index,"Percent change, annual rate",0,5.6,T10101
T10101,A829RL,26,State and local,1973Q1,Fisher Quantity Index,"Percent change, annual rate",0,1.8,T10101
T10101,A829RL,26,State and local,1973Q2,Fisher Quantity Index,"Percent change, annual rate",0,0.6,T10101
T10101,A829RL,26,State and local,1973Q3,Fisher Quantity Index,"Percent change, annual rate",0,4.3,T10101
T10101,A829RL,26,State and local,1973Q4,Fisher Quantity Index,"Percent change, annual rate",0,5.0,T10101
T10101,A829RL,26,State and local,1974Q1,Fisher Quantity Index,"Percent change, annual rate",0,5.1,T10101
T10101,A829RL,26,State and local,1974Q2,Fisher Quantity Index,"Percent change, annual rate",0,5.0,T10101
T10101,A829RL,26,State and local,1974Q3,Fisher Quantity Index,"Percent change, annual rate",0,-0.7,T10101
T10101,A829RL,26,State and local,1974Q4,Fisher Quantity Index,"Percent change, annual rate",0,0.1,T10101
T10101,A829RL,26,State and local,1975Q1,Fisher Quantity Index,"Percent change, annual rate",0,12.4,T10101
T10101,A829RL,26,State and local,1975Q2,Fisher Quantity Index,"Percent change, annual rate",0,-2.8,T10101
T10101,A829RL,26,State and local,1975Q3,Fisher Quantity Index,"Percent change, annual rate",0,5.2,T10101
T10101,A829RL,26,State and local,1975Q4,Fisher Quantity Index,"Percent change, annual rate",0,5.5,T10101
T10101,A829RL,26,State and local,1976Q1,Fisher Quantity Index,"Percent change, annual rate",0,4.6,T10101
T10101,A829RL,26,State and local,1976Q2,Fisher Quantity Index,"Percent change, annual rate",0,-6.8,T10101
T10101,A829RL,26,State and local,1976Q3,Fisher Quantity Index,"Percent change, annual rate",0,-2.6,T10101
T10101,A829RL,26,State and local,1976Q4,Fisher Quantity Index,"Percent change, annual rate",0,-1.2,T10101
T10101,A829RL,26,State and local,1977Q1,Fisher Quantity Index,"Percent change, annual rate",0,4.0,T10101
T10101,A829RL,26,State and local,1977Q2,Fisher Quantity Index,"Percent change, annual rate",0,2.5,T10101
T10101,A829RL,26,State and local,1977Q3,Fisher Quantity Index,"Percent change, annual rate",0,-0.4,T10101
T10101,A829RL,26,State and local,1977Q4,Fisher Quantity Index,"Percent change, annual rate",0,0.6,T10101
T10101,A829RL,26,State and local,1978Q1,Fisher Quantity Index,"Percent change, annual rate",0,-0.1,T10101
T10101,A829RL,26,State and local,1978Q2,Fisher Quantity Index,"Percent change, annual rate",0,12.6,T10101
T10101,A829RL,26,State and local,1978Q3,Fisher Quantity Index,"Percent change, annual rate",0,4.7,T10101
T10101,A829RL,26,State and local,1978Q4,Fisher Quantity Index,"Percent change, annual rate",0,3.8,T10101
T10101,A829RL,26,State and local,1979Q1,Fisher Quantity Index,"Percent change, annual rate",0,-6.6,T10101
T10101,A829RL,26,State and local,1979Q2,Fisher Quantity Index,"Percent change, annual rate",0,3.8,T10101
T10101,A829RL,26,State and local,1979Q3,Fisher Quantity Index,"Percent change, annual rate",0,1.4,T10101
T10101,A829RL,26,State and local,1979Q4,Fisher Quantity Index,"Percent change, annual rate",0,4.6,T10101
T10101,A829RL,26,State and local,1980Q1,Fisher Quantity Index,"Percent change, annual rate",0,1.9,T10101
T10101,A829RL,26,State and local,1980Q2,Fisher Quantity Index,"Percent change, annual rate",0,-5.2,T10101
T10101,A829RL,26,State and local,1980Q3,Fisher Quantity Index,"Percent change, annual rate",0,-6.1,T10101
T10101,A829RL,26,State and local,1980Q4,Fisher Quantity Index,"Percent change, annual rate",0,-1.9,T10101
T10101,A829RL,26,State and local,1981Q1,Fisher Quantity Index,"Percent change, annual rate",0,3.2,T10101
T10101,A829RL,26,State and local,1981Q2,Fisher Quantity Index,"Percent change, annual rate",0,-7.4,T10101
T10101,A829RL,26,State and local,1981Q3,Fisher Quantity Index,"Percent change, annual rate",0,-1.1,T10101
T10101,A829RL,26,State and local,1981Q4,Fisher Quantity Index,"Percent change, annual rate",0,3.2,T10101
T10101,A829RL,26,State and local,1982Q1,Fisher Quantity Index,"Percent change, annual rate",0,-1.1,T10101
T10101,A829RL,26,State and local,1982Q2,Fisher Quantity Index,"Percent change, annual rate",0,1.4,T10101
T10101,A829RL,26,State and local,1982Q3,Fisher Quantity Index,"Percent change, annual rate",0,0.0,T10101
T10101,A829RL,26,State and local,1982Q4,Fisher Quantity Index,"Percent change, annual rate",0,3.1,T10101
T10101,A829RL,26,State and local,1983Q1,Fisher Quantity Index,"Percent change, annual rate",0,1.5,T10101
T10101,A829RL,26,State and local,1983Q2,Fisher Quantity Index,"Percent change, annual rate",0,-0.8,T10101
T10101,A829RL,26,State and local,1983Q3,Fisher Quantity Index,"Percent change, annual rate",0,3.5,T10101
T10101,A829RL,26,State and local,1983Q4,Fisher Quantity Index,"Percent change, annual rate",0,0.2,T10101
T10101,A829RL,26,State and local,1984Q1,Fisher Quantity Index,"Percent change, annual rate",0,5.2,T10101
T10101,A829RL,26,State and local,1984Q2,Fisher Quantity Index,"Percent change, annual rate",0,5.4,T10101
T10101,A829RL,26,State and local,1984Q3,Fisher Quantity Index,"Percent change, annual rate",0,7.0,T10101
T10101,A829RL,26,State and local,1984Q4,Fisher Quantity Index,"Percent change, annual rate",0,4.1,T10101
T10101,A829RL,26,State and local,1985Q1,Fisher Quantity Index,"Percent change, annual rate",0,5.1,T10101
T10101,A829RL,26,State and local,1985Q2,Fisher Quantity Index,"Percent change, annual rate",0,7.4,T10101
T10101,A829RL,26,State and local,1985Q3,Fisher Quantity Index,"Percent change, annual rate",0,6.5,T10101
T10101,A829RL,26,State and local,1985Q4,Fisher Quantity Index,"Percent change, annual rate",0,3.1,T10101
T10101,A829RL,26,State and local,1986Q1,Fisher Quantity Index,"Percent change, annual rate",0,7.6,T10101
T10101,A829RL,26,State and local,1986Q2,Fisher Quantity Index,"Percent change, annual rate",0,4.0,T10101
T10101,A829RL,26,State and local,1986Q3,Fisher Quantity Index,"Percent change, annual rate",0,3.8,T10101
T10101,A829RL,26,State and local,1986Q4,Fisher Quantity Index,"Percent change, annual rate",0,1.4,T10101
T10101,A829RL,26,State and local,1987Q1,Fisher Quantity Index,"Percent change, annual rate",0,2.1,T10101
T10101,A829RL,26,State and local,1987Q2,Fisher Quantity Index,"Percent change, annual rate",0,0.9,T10101
T10101,A829RL,26,State and local,1987Q3,Fisher Quantity Index,"Percent change, annual rate",0,1.4,T10101
T10101,A829RL,26,State and local,1987Q4,Fisher Quantity Index,"Percent change, annual rate",0,5.4,T10101
T10101,A829RL,26,State and local,1988Q1,Fisher Quantity Index,"Percent change, annual rate",0,4.5,T10101
T10101,A829RL,26,State and local,1988Q2,Fisher Quantity Index,"Percent change, annual rate",0,5.1,T10101
T10101,A829RL,26,State and local,1988Q3,Fisher Quantity Index,"Percent change, annual rate",0,1.8,T10101
T10101,A829RL,26,State and local,1988Q4,Fisher Quantity Index,"Percent change, annual rate",0,4.9,T10101
T10101,A829RL,26,State and local,1989Q1,Fisher Quantity Index,"Percent change, annual rate",0,3.3,T10101
T10101,A829RL,26,State and local,1989Q2,Fisher Quantity Index,"Percent change, annual rate",0,4.5,T10101
T10101,A829RL,26,State and local,1989Q3,Fisher Quantity Index,"Percent change, annual rate",0,3.9,T10101
T10101,A829RL,26,State and local,1989Q4,Fisher Quantity Index,"Percent change, annual rate",0,5.5,T10101
T10101,A829RL,26,State and local,1990Q1,Fisher Quantity Index,"Percent change, annual rate",0,6.3,T10101
T10101,A829RL,26,State and local,1990Q2,Fisher Quantity Index,"Percent change, annual rate",0,0.7,T10101
T10101,A829RL,26,State and local,1990Q3,Fisher Quantity Index,"Percent change, annual rate",0,2.7,T10101
T10101,A829RL,26,State and local,1990Q4,Fisher Quantity Index,"Percent change, annual rate",0,4.6,T10101
T10101,A829RL,26,State and local,1991Q1,Fisher Quantity Index,"Percent change, annual rate",0,0.6,T10101
T10101,A829RL,26,State and local,1991Q2,Fisher Quantity Index,"Percent change, annual rate",0,1.6,T10101
T10101,A829RL,26,State and local,1991Q3,Fisher Quantity Index,"Percent change, annual rate",0,2.3,T10101
T10101,A829RL,26,State and local,1991Q4,Fisher Quantity Index,"Percent change, annual rate",0,2.9,T10101
T10101,A829RL,26,State and local,1992Q1,Fisher Quantity Index,"Percent change, annual rate",0,5.3,T10101
T10101,A829RL,26,State and local,1992Q2,Fisher Quantity Index,"Percent change, annual rate",0,-0.6,T10101
T10101,A829RL,26,State and local,1992Q3,Fisher Quantity Index,"Percent change, annual rate",0,0.2,T10101
T10101,A829RL,26,State and local,1992Q4,Fisher Quantity Index,"Percent change, annual rate",0,-0.3,T10101
T10101,A829RL,26,State and local,1993Q1,Fisher Quantity Index,"Percent change, annual rate",0,1.4,T10101
T10101,A829RL,26,State and local,1993Q2,Fisher Quantity Index,"Percent change, annual rate",0,3.3,T10101
T10101,A829RL,26,State and local,1993Q3,Fisher Quantity Index,"Percent change, annual rate",0,2.1,T10101
T10101,A829RL,26,State and local,1993Q4,Fisher Quantity Index,"Percent change, annual rate",0,2.0,T10101
T10101,A829RL,26,State and local,1994Q1,Fisher Quantity Index,"Percent change, annual rate",0,1.7,T10101
T10101,A829RL,26,State and local,1994Q2,Fisher Quantity Index,"Percent change, annual rate",0,4.6,T10101
T10101,A829RL,26,State and local,1994Q3,Fisher Quantity Index,"Percent change, annual rate",0,4.8,T10101
T10101,A829RL,26,State and local,1994Q4,Fisher Quantity Index,"Percent change, annual rate",0,1.5,T10101
T10101,A829RL,26,State and local,1995Q1,Fisher Quantity Index,"Percent change, annual rate",0,3.2,T10101
T10101,A829RL,26,State and local,1995Q2,Fisher Quantity Index,"Percent change, annual rate",0,3.2,T10101
T10101,A829RL,26,State and local,1995Q3,Fisher Quantity Index,"Percent change, annual rate",0,0.4,T10101
T10101,A829RL,26,State and local,1995Q4,Fisher Quantity Index,"Percent change, annual rate",0,2.1,T10101
T10101,A829RL,26,State and local,1996Q1,Fisher Quantity Index,"Percent change, annual rate",0,-0.7,T10101
T10101,A829RL,26,State and local,1996Q2,Fisher Quantity Index,"Percent change, annual rate",0,5.9,T10101
T10101,A829RL,26,State and local,1996Q3,Fisher Quantity Index,"Percent change, annual rate",0,3.4,T10101
T10101,A829RL,26,State and local,1996Q4,Fisher Quantity Index,"Percent change, annual rate",0,5.8,T10101
T10101,A829RL,26,State and local,1997Q1,Fisher Quantity Index,"Percent change, annual rate",0,0.1,T10101
T10101,A829RL,26,State and local,1997Q2,Fisher Quantity Index,"Percent change, annual rate",0,3.0,T10101
T10101,A829RL,26,State and local,1997Q3,Fisher Quantity Index,"Percent change, annual rate",0,4.1,T10101
T10101,A829RL,26,State and local,1997Q4,Fisher Quantity Index,"Percent change, annual rate",0,3.6,T10101
T10101,A829RL,26,State and local,1998Q1,Fisher Quantity Index,"Percent change, annual rate",0,3.7,T10101
T10101,A829RL,26,State and local,1998Q2,Fisher Quantity Index,"Percent change, annual rate",0,6.7,T10101
T10101,A829RL,26,State and local,1998Q3,Fisher Quantity Index,"Percent change, annual rate",0,5.7,T10101
T10101,A829RL,26,State and local,1998Q4,Fisher Quantity Index,"Percent change, annual rate",0,2.3,T10101
T10101,A829RL,26,State and local,1999Q1,Fisher Quantity Index,"Percent change, annual rate",0,4.9,T10101
T10101,A829RL,26,State and local,1999Q2,Fisher Quantity Index,"Percent change, annual rate",0,2.6,T10101
T10101,A829RL,26,State and local,1999Q3,Fisher Quantity Index,"Percent change, annual rate",0,4.1,T10101
T10101,A829RL,26,State and local,1999Q4,Fisher Quantity Index,"Percent change, annual rate",0,5.3,T10101
T10101,A829RL,26,State and local,2000Q1,Fisher Quantity Index,"Percent change, annual rate",0,2.9,T10101
T10101,A829RL,26,State and local,2000Q2,Fisher Quantity Index,"Percent change, annual rate",0,-0.6,T10101
T10101,A829RL,26,State and local,2000Q3,Fisher Quantity Index,"Percent change, annual rate",0,1.5,T10101
T10101,A829RL,26,State and local,2000Q4,Fisher Quantity Index,"Percent change, annual rate",0,3.2,T10101
T10101,A829RL,26,State and local,2001Q1,Fisher Quantity Index,"Percent change, annual rate",0,5.0,T10101
T10101,A829RL,26,State and local,2001Q2,Fisher Quantity Index,"Percent change, annual rate",0,7.7,T10101
T10101,A829RL,26,State and local,2001Q3,Fisher Quantity Index,"Percent change, annual rate",0,-1.8,T10101
T10101,A829RL,26,State and local,2001Q4,Fisher Quantity Index,"Percent change, annual rate",0,7.8,T10101
T10101,A829RL,26,State and local,2002Q1,Fisher Quantity Index,"Percent change, annual rate",0,3.8,T10101
T10101,A829RL,26,State and local,2002Q2,Fisher Quantity Index,"Percent change, annual rate",0,0.5,T10101
T10101,A829RL,26,State and local,2002Q3,Fisher Quantity Index,"Percent change, annual rate",0,1.0,T10101
T10101,A829RL,26,State and local,2002Q4,Fisher Quantity Index,"Percent change, annual rate",0,0.8,T10101
T10101,A829RL,26,State and local,2003Q1,Fisher Quantity Index,"Percent change, annual rate",0,-2.1,T10101
T10101,A829RL,26,State and local,2003Q2,Fisher Quantity Index,"Percent change, annual rate",0,-2.2,T10101
T10101,A829RL,26,State and local,2003Q3,Fisher Quantity Index,"Percent change, annual rate",0,1.5,T10101
T10101,A829RL,26,State and local,2003Q4,Fisher Quantity Index,"Percent change, annual rate",0,-0.6,T10101
T10101,A829RL,26,State and local,2004Q1,Fisher Quantity Index,"Percent change, annual rate",0,0.3,T10101
T10101,A829RL,26,State and local,2004Q2,Fisher Quantity Index,"Percent change, annual rate",0,0.3,T10101
T10101,A829RL,26,State and local,2004Q3,Fisher Quantity Index,"Percent change, annual rate",0,-1.5,T10101
T10101,A829RL,26,State and local,2004Q4,Fisher Quantity Index,"Percent change, annual rate",0,0.1,T10101
T10101,A829RL,26,State and local,2005Q1,Fisher Quantity Index,"Percent change, annual rate",0,0.5,T10101
T10101,A829RL,26,State and local,2005Q2,Fisher Quantity Index,"Percent change, annual rate",0,-0.1,T10101
T10101,A829RL,26,State and local,2005Q3,Fisher Quantity Index,"Percent change, annual rate",0,0.2,T10101
T10101,A829RL,26,State and local,2005Q4,Fisher Quantity Index,"Percent change, annual rate",0,0.4,T10101
T10101,A829RL,26,State and local,2006Q1,Fisher Quantity Index,"Percent change, annual rate",0,1.8,T10101
T10101,A829RL,26,State and local,2006Q2,Fisher Quantity Index,"Percent change, annual rate",0,1.5,T10101
T10101,A829RL,26,State and local,2006Q3,Fisher Quantity Index,"Percent change, annual rate",0,1.2,T10101
T10101,A829RL,26,State and local,2006Q4,Fisher Quantity Index,"Percent change, annual rate",0,1.8,T10101
T10101,A829RL,26,State and local,2007Q1,Fisher Quantity Index,"Percent change, annual rate",0,2.3,T10101
T10101,A829RL,26,State and local,2007Q2,Fisher Quantity Index,"Percent change, annual rate",0,1.9,T10101
T10101,A829RL,26,State and local,2007Q3,Fisher Quantity Index,"Percent change, annual rate",0,0.8,T10101
T10101,A829RL,26,State and local,2007Q4,Fisher Quantity Index,"Percent change, annual rate",0,1.1,T10101
T10101,A829RL,26,State and local,2008Q1,Fisher Quantity Index,"Percent change, annual rate",0,-2.2,T10101
T10101,A829RL,26,State and local,2008Q2,Fisher Quantity Index,"Percent change, annual rate",0,0.3,T10101
T10101,A829RL,26,State and local,2008Q3,Fisher Quantity Index,"Percent change, annual rate",0,2.0,T10101
T10101,A829RL,26,State and local,2008Q4,Fisher Quantity Index,"Percent change, annual rate",0,1.2,T10101
T10101,A829RL,26,State and local,2009Q1,Fisher Quantity Index,"Percent change, annual rate",0,4.1,T10101
T10101,A829RL,26,State and local,2009Q2,Fisher Quantity Index,"Percent change, annual rate",0,3.5,T10101
T10101,A829RL,26,State and local,2009Q3,Fisher Quantity Index,"Percent change, annual rate",0,-0.6,T10101
T10101,A829RL,26,State and local,2009Q4,Fisher Quantity Index,"Percent change, annual rate",0,-2.7,T10101
T10101,A829RL,26,State and local,2010Q1,Fisher Quantity Index,"Percent change, annual rate",0,-5.8,T10101
T10101,A829RL,26,State and local,2010Q2,Fisher Quantity Index,"Percent change, annual rate",0,-1.5,T10101
T10101,A829RL,26,State and local,2010Q3,Fisher Quantity Index,"Percent change, annual rate",0,-3.5,T10101
T10101,A829RL,26,State and local,2010Q4,Fisher Quantity Index,"Percent change, annual rate",0,-3.8,T10101
T10101,A829RL,26,State and local,2011Q1,Fisher Quantity Index,"Percent change, annual rate",0,-4.3,T10101
T10101,A829RL,26,State and local,2011Q2,Fisher Quantity Index,"Percent change, annual rate",0,-3.5,T10101
T10101,A829RL,26,State and local,2011Q3,Fisher Quantity Index,"Percent change, annual rate",0,-3.5,T10101
T10101,A829RL,26,State and local,2011Q4,Fisher Quantity Index,"Percent change, annual rate",0,-1.5,T10101
T10101,A829RL,26,State and local,2012Q1,Fisher Quantity Index,"Percent change, annual rate",0,-2.9,T10101
T10101,A829RL,26,State and local,2012Q2,Fisher Quantity Index,"Percent change, annual rate",0,-1.3,T10101
T10101,A829RL,26,State and local,2012Q3,Fisher Quantity Index,"Percent change, annual rate",0,-1.6,T10101
T10101,A829RL,26,State and local,2012Q4,Fisher Quantity Index,"Percent change, annual rate",0,-1.1,T10101
T10101,A829RL,26,State and local,2013Q1,Fisher Quantity Index,"Percent change, annual rate",0,-0.1,T10101
T10101,A829RL,26,State and local,2013Q2,Fisher Quantity Index,"Percent change, annual rate",0,1.2,T10101
T10101,A829RL,26,State and local,2013Q3,Fisher Quantity Index,"Percent change, annual rate",0,0.4,T10101
T10101,A829RL,26,State and local,2013Q4,Fisher Quantity Index,"Percent change, annual rate",0,-0.7,T10101
T10101,A829RL,26,State and local,2014Q1,Fisher Quantity Index,"Percent change, annual rate",0,-2.6,T10101
T10101,A829RL,26,State and local,2014Q2,Fisher Quantity Index,"Percent change, annual rate",0,2.4,T10101
T10101,A829RL,26,State and local,2014Q3,Fisher Quantity Index,"Percent change, annual rate",0,1.5,T10101
T10101,A829RL,26,State and local,2014Q4,Fisher Quantity Index,"Percent change, annual rate",0,3.3,T10101
T10101,A829RL,26,State and local,2015Q1,Fisher Quantity Index,"Percent change, annual rate",0,3.0,T10101
T10101,A829RL,26,State and local,2015Q2,Fisher Quantity Index,"Percent change, annual rate",0,5.7,T10101
T10101,A829RL,26,State and local,2015Q3,Fisher Quantity Index,"Percent change, annual rate",0,3.7,T10101
T10101,A829RL,26,State and local,2015Q4,Fisher Quantity Index,"Percent change, annual rate",0,0.9,T10101
T10101,A829RL,26,State and local,2016Q1,Fisher Quantity Index,"Percent change, annual rate",0,5.8,T10101
T10101,A829RL,26,State and local,2016Q2,Fisher Quantity Index,"Percent change, annual rate",0,0.7,T10101
T10101,A829RL,26,State and local,2016Q3,Fisher Quantity Index,"Percent change, annual rate",0,1.5,T10101
T10101,A829RL,26,State and local,2016Q4,Fisher Quantity Index,"Percent change, annual rate",0,0.9,T10101
T10101,A829RL,26,State and local,2017Q1,Fisher Quantity Index,"Percent change, annual rate",0,-0.8,T10101
T10101,A829RL,26,State and local,2017Q2,Fisher Quantity Index,"Percent change, annual rate",0,0.5,T10101
T10101,A829RL,26,State and local,2017Q3,Fisher Quantity Index,"Percent change, annual rate",0,0.9,T10101
T10101,A829RL,26,State and local,2017Q4,Fisher Quantity Index,"Percent change, annual rate",0,2.6,T10101
T10101,A829RL,26,State and local,2018Q1,Fisher Quantity Index,"Percent change, annual rate",0,-1.1,T10101
T10101,A829RL,26,State and local,2018Q2,Fisher Quantity Index,"Percent change, annual rate",0,2.9,T10101
T10101,A829RL,26,State and local,2018Q3,Fisher Quantity Index,"Percent change, annual rate",0,2.0,T10101
T10101,A829RL,26,State and local,2018Q4,Fisher Quantity Index,"Percent change, annual rate",0,-0.3,T10101
T10101,A829RL,26,State and local,2019Q1,Fisher Quantity Index,"Percent change, annual rate",0,6.4,T10101
T10101,A829RL,26,State and local,2019Q2,Fisher Quantity Index,"Percent change, annual rate",0,6.4,T10101
T10101,A829RL,26,State and local,2019Q3,Fisher Quantity Index,"Percent change, annual rate",0,4.4,T10101
T10101,A829RL,26,State and local,2019Q4,Fisher Quantity Index,"Percent change, annual rate",0,3.9,T10101
T10101,A829RL,26,State and local,2020Q1,Fisher Quantity Index,"Percent change, annual rate",0,4.4,T10101
T10101,A829RL,26,State and local,2020Q2,Fisher Quantity Index,"Percent change, annual rate",0,-3.5,T10101
T10101,A829RL,26,State and local,2020Q3,Fisher Quantity Index,"Percent change, annual rate",0,-3.4,T10101
T10101,A829RL,26,State and local,2020Q4,Fisher Quantity Index,"Percent change, annual rate",0,0.4,T10101
T10101,A829RL,26,State and local,2021Q1,Fisher Quantity Index,"Percent change, annual rate",0,-0.9,T10101
T10101,A829RL,26,State and local,2021Q2,Fisher Quantity Index,"Percent change, annual rate",0,-2.0,T10101
T10101,A829RL,26,State and local,2021Q3,Fisher Quantity Index,"Percent change, annual rate",0,-0.1,T10101
T10101,A829RL,26,State and local,2021Q4,Fisher Quantity Index,"Percent change, annual rate",0,-2.1,T10101
T10101,A829RL,26,State and local,2022Q1,Fisher Quantity Index,"Percent change, annual rate",0,0.2,T10101
T10101,A829RL,26,State and local,2022Q2,Fisher Quantity Index,"Percent change, annual rate",0,0.0,T10101
T10101,A829RL,26,State and local,2022Q3,Fisher Quantity Index,"Percent change, annual rate",0,3.5,T10101
T10101,A829RL,26,State and local,2022Q4,Fisher Quantity Index,"Percent change, annual rate",0,1.4,T10101
T10101,A829RL,26,State and local,2023Q1,Fisher Quantity Index,"Percent change, annual rate",0,4.1,T10101
T10101,A829RL,26,State and local,2023Q2,Fisher Quantity Index,"Percent change, annual rate",0,5.4,T10101
T10101,A829RL,26,State and local,2023Q3,Fisher Quantity Index,"Percent change, annual rate",0,4.2,T10101
T10101,A829RL,26,State and local,2023Q4,Fisher Quantity Index,"Percent change, annual rate",0,5.4,T10101
T10101,A829RL,26,State and local,2024Q1,Fisher Quantity Index,"Percent change, annual rate",0,3.2,T10101
T10101,A829RL,26,State and local,2024Q2,Fisher Quantity Index,"Percent change, annual rate",0,2.8,T10101
T10101,A829RL,26,State and local,2024Q3,Fisher Quantity Index,"Percent change, annual rate",0,3.6,T10101
T10101,A829RL,26,State and local,2024Q4,Fisher Quantity Index,"Percent change, annual rate",0,2.7,T10101
T10101,A829RL,26,State and local,2025Q1,Fisher Quantity Index,"Percent change, annual rate",0,1.9,T10101
T10101,A829RL,26,State and local,2025Q2,Fisher Quantity Index,"Percent change, annual rate",0,3.1,T10101
T10101,A829RL,26,State and local,2025Q3,Fisher Quantity Index,"Percent change, annual rate",0,2.0,T10101
T10101,A191RP,27,"Gross domestic product, current dollars",1947Q2,Current Dollars,"Percent change, annual rate",0,4.7,T10101
T10101,A191RP,27,"Gross domestic product, current dollars",1947Q3,Current Dollars,"Percent change, annual rate",0,6.0,T10101
T10101,A191RP,27,"Gross domestic product, current dollars",1947Q4,Current Dollars,"Percent change, annual rate",0,17.3,T10101
T10101,A191RP,27,"Gross domestic product, current dollars",1948Q1,Current Dollars,"Percent change, annual rate",0,9.6,T10101
T10101,A191RP,27,"Gross domestic product, current dollars",1948Q2,Current Dollars,"Percent change, annual rate",0,10.7,T10101
T10101,A191RP,27,"Gross domestic product, current dollars",1948Q3,Current Dollars,"Percent change, annual rate",0,10.1,T10101
T10101,A191RP,27,"Gross domestic product, current dollars",1948Q4,Current Dollars,"Percent change, annual rate",0,1.7,T10101
T10101,A191RP,27,"Gross domestic product, current dollars",1949Q1,Current Dollars,"Percent change, annual rate",0,-7.4,T10101
T10101,A191RP,27,"Gross domestic product, current dollars",1949Q2,Current Dollars,"Percent change, annual rate",0,-5.2,T10101
T10101,A191RP,27,"Gross domestic product, current dollars",1949Q3,Current Dollars,"Percent change, annual rate",0,2.3,T10101
T10101,A191RP,27,"Gross domestic product, current dollars",1949Q4,Current Dollars,"Percent change, annual rate",0,-3.3,T10101
T10101,A191RP,27,"Gross domestic product, current dollars",1950Q1,Current Dollars,"Percent change, annual rate",0,16.0,T10101
T10101,A191RP,27,"Gross domestic product, current dollars",1950Q2,Current Dollars,"Percent change, annual rate",0,14.3,T10101
T10101,A191RP,27,"Gross domestic product, current dollars",1950Q3,Current Dollars,"Percent change, annual rate",0,26.8,T10101
T10101,A191RP,27,"Gross domestic product, current dollars",1950Q4,Current Dollars,"Percent change, annual rate",0,16.2,T10101
T10101,A191RP,27,"Gross domestic product, current dollars",1951Q1,Current Dollars,"Percent change, annual rate",0,21.6,T10101
T10101,A191RP,27,"Gross domestic product, current dollars",1951Q2,Current Dollars,"Percent change, annual rate",0,10.0,T10101
T10101,A191RP,27,"Gross domestic product, current dollars",1951Q3,Current Dollars,"Percent change, annual rate",0,8.8,T10101
T10101,A191RP,27,"Gross domestic product, current dollars",1951Q4,Current Dollars,"Percent change, annual rate",0,5.6,T10101
T10101,A191RP,27,"Gross domestic product, current dollars",1952Q1,Current Dollars,"Percent change, annual rate",0,4.2,T10101
T10101,A191RP,27,"Gross domestic product, current dollars",1952Q2,Current Dollars,"Percent change, annual rate",0,1.4,T10101
T10101,A191RP,27,"Gross domestic product, current dollars",1952Q3,Current Dollars,"Percent change, annual rate",0,7.6,T10101
T10101,A191RP,27,"Gross domestic product, current dollars",1952Q4,Current Dollars,"Percent change, annual rate",0,15.0,T10101
T10101,A191RP,27,"Gross domestic product, current dollars",1953Q1,Current Dollars,"Percent change, annual rate",0,7.7,T10101
T10101,A191RP,27,"Gross domestic product, current dollars",1953Q2,Current Dollars,"Percent change, annual rate",0,3.9,T10101
T10101,A191RP,27,"Gross domestic product, current dollars",1953Q3,Current Dollars,"Percent change, annual rate",0,-0.6,T10101
T10101,A191RP,27,"Gross domestic product, current dollars",1953Q4,Current Dollars,"Percent change, annual rate",0,-5.2,T10101
T10101,A191RP,27,"Gross domestic product, current dollars",1954Q1,Current Dollars,"Percent change, annual rate",0,-0.6,T10101
T10101,A191RP,27,"Gross domestic product, current dollars",1954Q2,Current Dollars,"Percent change, annual rate",0,0.8,T10101
T10101,A191RP,27,"Gross domestic product, current dollars",1954Q3,Current Dollars,"Percent change, annual rate",0,5.1,T10101
T10101,A191RP,27,"Gross domestic product, current dollars",1954Q4,Current Dollars,"Percent change, annual rate",0,9.2,T10101
T10101,A191RP,27,"Gross domestic product, current dollars",1955Q1,Current Dollars,"Percent change, annual rate",0,14.0,T10101
T10101,A191RP,27,"Gross domestic product, current dollars",1955Q2,Current Dollars,"Percent change, annual rate",0,8.4,T10101
T10101,A191RP,27,"Gross domestic product, current dollars",1955Q3,Current Dollars,"Percent change, annual rate",0,8.5,T10101
T10101,A191RP,27,"Gross domestic product, current dollars",1955Q4,Current Dollars,"Percent change, annual rate",0,6.5,T10101
T10101,A191RP,27,"Gross domestic product, current dollars",1956Q1,Current Dollars,"Percent change, annual rate",0,2.5,T10101
T10101,A191RP,27,"Gross domestic product, current dollars",1956Q2,Current Dollars,"Percent change, annual rate",0,5.8,T10101
T10101,A191RP,27,"Gross domestic product, current dollars",1956Q3,Current Dollars,"Percent change, annual rate",0,4.7,T10101
T10101,A191RP,27,"Gross domestic product, current dollars",1956Q4,Current Dollars,"Percent change, annual rate",0,8.5,T10101
T10101,A191RP,27,"Gross domestic product, current dollars",1957Q1,Current Dollars,"Percent change, annual rate",0,8.3,T10101
T10101,A191RP,27,"Gross domestic product, current dollars",1957Q2,Current Dollars,"Percent change, annual rate",0,1.9,T10101
T10101,A191RP,27,"Gross domestic product, current dollars",1957Q3,Current Dollars,"Percent change, annual rate",0,6.5,T10101
T10101,A191RP,27,"Gross domestic product, current dollars",1957Q4,Current Dollars,"Percent change, annual rate",0,-3.8,T10101
T10101,A191RP,27,"Gross domestic product, current dollars",1958Q1,Current Dollars,"Percent change, annual rate",0,-6.0,T10101
T10101,A191RP,27,"Gross domestic product, current dollars",1958Q2,Current Dollars,"Percent change, annual rate",0,3.9,T10101
T10101,A191RP,27,"Gross domestic product, current dollars",1958Q3,Current Dollars,"Percent change, annual rate",0,12.3,T10101
T10101,A191RP,27,"Gross domestic product, current dollars",1958Q4,Current Dollars,"Percent change, annual rate",0,11.8,T10101
T10101,A191RP,27,"Gross domestic product, current dollars",1959Q1,Current Dollars,"Percent change, annual rate",0,8.9,T10101
T10101,A191RP,27,"Gross domestic product, current dollars",1959Q2,Current Dollars,"Percent change, annual rate",0,10.0,T10101
T10101,A191RP,27,"Gross domestic product, current dollars",1959Q3,Current Dollars,"Percent change, annual rate",0,1.8,T10101
T10101,A191RP,27,"Gross domestic product, current dollars",1959Q4,Current Dollars,"Percent change, annual rate",0,2.7,T10101
T10101,A191RP,27,"Gross domestic product, current dollars",1960Q1,Current Dollars,"Percent change, annual rate",0,11.1,T10101
T10101,A191RP,27,"Gross domestic product, current dollars",1960Q2,Current Dollars,"Percent change, annual rate",0,-1.2,T10101
T10101,A191RP,27,"Gross domestic product, current dollars",1960Q3,Current Dollars,"Percent change, annual rate",0,3.4,T10101
T10101,A191RP,27,"Gross domestic product, current dollars",1960Q4,Current Dollars,"Percent change, annual rate",0,-3.9,T10101
T10101,A191RP,27,"Gross domestic product, current dollars",1961Q1,Current Dollars,"Percent change, annual rate",0,3.6,T10101
T10101,A191RP,27,"Gross domestic product, current dollars",1961Q2,Current Dollars,"Percent change, annual rate",0,8.0,T10101
T10101,A191RP,27,"Gross domestic product, current dollars",1961Q3,Current Dollars,"Percent change, annual rate",0,9.0,T10101
T10101,A191RP,27,"Gross domestic product, current dollars",1961Q4,Current Dollars,"Percent change, annual rate",0,9.4,T10101
T10101,A191RP,27,"Gross domestic product, current dollars",1962Q1,Current Dollars,"Percent change, annual rate",0,9.6,T10101
T10101,A191RP,27,"Gross domestic product, current dollars",1962Q2,Current Dollars,"Percent change, annual rate",0,4.3,T10101
T10101,A191RP,27,"Gross domestic product, current dollars",1962Q3,Current Dollars,"Percent change, annual rate",0,5.9,T10101
T10101,A191RP,27,"Gross domestic product, current dollars",1962Q4,Current Dollars,"Percent change, annual rate",0,2.2,T10101
T10101,A191RP,27,"Gross domestic product, current dollars",1963Q1,Current Dollars,"Percent change, annual rate",0,6.3,T10101
T10101,A191RP,27,"Gross domestic product, current dollars",1963Q2,Current Dollars,"Percent change, annual rate",0,5.3,T10101
T10101,A191RP,27,"Gross domestic product, current dollars",1963Q3,Current Dollars,"Percent change, annual rate",0,9.7,T10101
T10101,A191RP,27,"Gross domestic product, current dollars",1963Q4,Current Dollars,"Percent change, annual rate",0,6.0,T10101
T10101,A191RP,27,"Gross domestic product, current dollars",1964Q1,Current Dollars,"Percent change, annual rate",0,10.1,T10101
T10101,A191RP,27,"Gross domestic product, current dollars",1964Q2,Current Dollars,"Percent change, annual rate",0,5.4,T10101
T10101,A191RP,27,"Gross domestic product, current dollars",1964Q3,Current Dollars,"Percent change, annual rate",0,8.1,T10101
T10101,A191RP,27,"Gross domestic product, current dollars",1964Q4,Current Dollars,"Percent change, annual rate",0,3.1,T10101
T10101,A191RP,27,"Gross domestic product, current dollars",1965Q1,Current Dollars,"Percent change, annual rate",0,12.3,T10101
T10101,A191RP,27,"Gross domestic product, current dollars",1965Q2,Current Dollars,"Percent change, annual rate",0,7.1,T10101
T10101,A191RP,27,"Gross domestic product, current dollars",1965Q3,Current Dollars,"Percent change, annual rate",0,10.9,T10101
T10101,A191RP,27,"Gross domestic product, current dollars",1965Q4,Current Dollars,"Percent change, annual rate",0,12.6,T10101
T10101,A191RP,27,"Gross domestic product, current dollars",1966Q1,Current Dollars,"Percent change, annual rate",0,13.0,T10101
T10101,A191RP,27,"Gross domestic product, current dollars",1966Q2,Current Dollars,"Percent change, annual rate",0,4.7,T10101
T10101,A191RP,27,"Gross domestic product, current dollars",1966Q3,Current Dollars,"Percent change, annual rate",0,7.5,T10101
T10101,A191RP,27,"Gross domestic product, current dollars",1966Q4,Current Dollars,"Percent change, annual rate",0,6.8,T10101
T10101,A191RP,27,"Gross domestic product, current dollars",1967Q1,Current Dollars,"Percent change, annual rate",0,5.3,T10101
T10101,A191RP,27,"Gross domestic product, current dollars",1967Q2,Current Dollars,"Percent change, annual rate",0,2.3,T10101
T10101,A191RP,27,"Gross domestic product, current dollars",1967Q3,Current Dollars,"Percent change, annual rate",0,7.9,T10101
T10101,A191RP,27,"Gross domestic product, current dollars",1967Q4,Current Dollars,"Percent change, annual rate",0,7.7,T10101
T10101,A191RP,27,"Gross domestic product, current dollars",1968Q1,Current Dollars,"Percent change, annual rate",0,13.3,T10101
T10101,A191RP,27,"Gross domestic product, current dollars",1968Q2,Current Dollars,"Percent change, annual rate",0,11.4,T10101
T10101,A191RP,27,"Gross domestic product, current dollars",1968Q3,Current Dollars,"Percent change, annual rate",0,7.2,T10101
T10101,A191RP,27,"Gross domestic product, current dollars",1968Q4,Current Dollars,"Percent change, annual rate",0,7.4,T10101
T10101,A191RP,27,"Gross domestic product, current dollars",1969Q1,Current Dollars,"Percent change, annual rate",0,10.9,T10101
T10101,A191RP,27,"Gross domestic product, current dollars",1969Q2,Current Dollars,"Percent change, annual rate",0,6.5,T10101
T10101,A191RP,27,"Gross domestic product, current dollars",1969Q3,Current Dollars,"Percent change, annual rate",0,8.6,T10101
T10101,A191RP,27,"Gross domestic product, current dollars",1969Q4,Current Dollars,"Percent change, annual rate",0,3.2,T10101
T10101,A191RP,27,"Gross domestic product, current dollars",1970Q1,Current Dollars,"Percent change, annual rate",0,5.1,T10101
T10101,A191RP,27,"Gross domestic product, current dollars",1970Q2,Current Dollars,"Percent change, annual rate",0,6.3,T10101
T10101,A191RP,27,"Gross domestic product, current dollars",1970Q3,Current Dollars,"Percent change, annual rate",0,7.2,T10101
T10101,A191RP,27,"Gross domestic product, current dollars",1970Q4,Current Dollars,"Percent change, annual rate",0,0.9,T10101
T10101,A191RP,27,"Gross domestic product, current dollars",1971Q1,Current Dollars,"Percent change, annual rate",0,18.2,T10101
T10101,A191RP,27,"Gross domestic product, current dollars",1971Q2,Current Dollars,"Percent change, annual rate",0,7.7,T10101
T10101,A191RP,27,"Gross domestic product, current dollars",1971Q3,Current Dollars,"Percent change, annual rate",0,7.6,T10101
T10101,A191RP,27,"Gross domestic product, current dollars",1971Q4,Current Dollars,"Percent change, annual rate",0,4.4,T10101
T10101,A191RP,27,"Gross domestic product, current dollars",1972Q1,Current Dollars,"Percent change, annual rate",0,14.3,T10101
T10101,A191RP,27,"Gross domestic product, current dollars",1972Q2,Current Dollars,"Percent change, annual rate",0,12.1,T10101
T10101,A191RP,27,"Gross domestic product, current dollars",1972Q3,Current Dollars,"Percent change, annual rate",0,7.9,T10101
T10101,A191RP,27,"Gross domestic product, current dollars",1972Q4,Current Dollars,"Percent change, annual rate",0,12.4,T10101
T10101,A191RP,27,"Gross domestic product, current dollars",1973Q1,Current Dollars,"Percent change, annual rate",0,15.4,T10101
T10101,A191RP,27,"Gross domestic product, current dollars",1973Q2,Current Dollars,"Percent change, annual rate",0,11.0,T10101
T10101,A191RP,27,"Gross domestic product, current dollars",1973Q3,Current Dollars,"Percent change, annual rate",0,5.8,T10101
T10101,A191RP,27,"Gross domestic product, current dollars",1973Q4,Current Dollars,"Percent change, annual rate",0,12.4,T10101
T10101,A191RP,27,"Gross domestic product, current dollars",1974Q1,Current Dollars,"Percent change, annual rate",0,4.1,T10101
T10101,A191RP,27,"Gross domestic product, current dollars",1974Q2,Current Dollars,"Percent change, annual rate",0,10.8,T10101
T10101,A191RP,27,"Gross domestic product, current dollars",1974Q3,Current Dollars,"Percent change, annual rate",0,8.1,T10101
T10101,A191RP,27,"Gross domestic product, current dollars",1974Q4,Current Dollars,"Percent change, annual rate",0,10.6,T10101
T10101,A191RP,27,"Gross domestic product, current dollars",1975Q1,Current Dollars,"Percent change, annual rate",0,4.2,T10101
T10101,A191RP,27,"Gross domestic product, current dollars",1975Q2,Current Dollars,"Percent change, annual rate",0,9.1,T10101
T10101,A191RP,27,"Gross domestic product, current dollars",1975Q3,Current Dollars,"Percent change, annual rate",0,14.8,T10101
T10101,A191RP,27,"Gross domestic product, current dollars",1975Q4,Current Dollars,"Percent change, annual rate",0,12.7,T10101
T10101,A191RP,27,"Gross domestic product, current dollars",1976Q1,Current Dollars,"Percent change, annual rate",0,14.0,T10101
T10101,A191RP,27,"Gross domestic product, current dollars",1976Q2,Current Dollars,"Percent change, annual rate",0,7.2,T10101
T10101,A191RP,27,"Gross domestic product, current dollars",1976Q3,Current Dollars,"Percent change, annual rate",0,7.6,T10101
T10101,A191RP,27,"Gross domestic product, current dollars",1976Q4,Current Dollars,"Percent change, annual rate",0,10.5,T10101
T10101,A191RP,27,"Gross domestic product, current dollars",1977Q1,Current Dollars,"Percent change, annual rate",0,11.7,T10101
T10101,A191RP,27,"Gross domestic product, current dollars",1977Q2,Current Dollars,"Percent change, annual rate",0,14.2,T10101
T10101,A191RP,27,"Gross domestic product, current dollars",1977Q3,Current Dollars,"Percent change, annual rate",0,12.7,T10101
T10101,A191RP,27,"Gross domestic product, current dollars",1977Q4,Current Dollars,"Percent change, annual rate",0,8.9,T10101
T10101,A191RP,27,"Gross domestic product, current dollars",1978Q1,Current Dollars,"Percent change, annual rate",0,7.3,T10101
T10101,A191RP,27,"Gross domestic product, current dollars",1978Q2,Current Dollars,"Percent change, annual rate",0,25.5,T10101
T10101,A191RP,27,"Gross domestic product, current dollars",1978Q3,Current Dollars,"Percent change, annual rate",0,11.3,T10101
T10101,A191RP,27,"Gross domestic product, current dollars",1978Q4,Current Dollars,"Percent change, annual rate",0,14.4,T10101
T10101,A191RP,27,"Gross domestic product, current dollars",1979Q1,Current Dollars,"Percent change, annual rate",0,8.3,T10101
T10101,A191RP,27,"Gross domestic product, current dollars",1979Q2,Current Dollars,"Percent change, annual rate",0,10.6,T10101
T10101,A191RP,27,"Gross domestic product, current dollars",1979Q3,Current Dollars,"Percent change, annual rate",0,12.3,T10101
T10101,A191RP,27,"Gross domestic product, current dollars",1979Q4,Current Dollars,"Percent change, annual rate",0,8.7,T10101
T10101,A191RP,27,"Gross domestic product, current dollars",1980Q1,Current Dollars,"Percent change, annual rate",0,10.0,T10101
T10101,A191RP,27,"Gross domestic product, current dollars",1980Q2,Current Dollars,"Percent change, annual rate",0,1.1,T10101
T10101,A191RP,27,"Gross domestic product, current dollars",1980Q3,Current Dollars,"Percent change, annual rate",0,8.7,T10101
T10101,A191RP,27,"Gross domestic product, current dollars",1980Q4,Current Dollars,"Percent change, annual rate",0,19.3,T10101
T10101,A191RP,27,"Gross domestic product, current dollars",1981Q1,Current Dollars,"Percent change, annual rate",0,19.9,T10101
T10101,A191RP,27,"Gross domestic product, current dollars",1981Q2,Current Dollars,"Percent change, annual rate",0,5.0,T10101
T10101,A191RP,27,"Gross domestic product, current dollars",1981Q3,Current Dollars,"Percent change, annual rate",0,13.0,T10101
T10101,A191RP,27,"Gross domestic product, current dollars",1981Q4,Current Dollars,"Percent change, annual rate",0,2.5,T10101
T10101,A191RP,27,"Gross domestic product, current dollars",1982Q1,Current Dollars,"Percent change, annual rate",0,-0.8,T10101
T10101,A191RP,27,"Gross domestic product, current dollars",1982Q2,Current Dollars,"Percent change, annual rate",0,7.2,T10101
T10101,A191RP,27,"Gross domestic product, current dollars",1982Q3,Current Dollars,"Percent change, annual rate",0,4.2,T10101
T10101,A191RP,27,"Gross domestic product, current dollars",1982Q4,Current Dollars,"Percent change, annual rate",0,4.4,T10101
T10101,A191RP,27,"Gross domestic product, current dollars",1983Q1,Current Dollars,"Percent change, annual rate",0,8.6,T10101
T10101,A191RP,27,"Gross domestic product, current dollars",1983Q2,Current Dollars,"Percent change, annual rate",0,12.7,T10101
T10101,A191RP,27,"Gross domestic product, current dollars",1983Q3,Current Dollars,"Percent change, annual rate",0,12.9,T10101
T10101,A191RP,27,"Gross domestic product, current dollars",1983Q4,Current Dollars,"Percent change, annual rate",0,11.9,T10101
T10101,A191RP,27,"Gross domestic product, current dollars",1984Q1,Current Dollars,"Percent change, annual rate",0,12.5,T10101
T10101,A191RP,27,"Gross domestic product, current dollars",1984Q2,Current Dollars,"Percent change, annual rate",0,10.8,T10101
T10101,A191RP,27,"Gross domestic product, current dollars",1984Q3,Current Dollars,"Percent change, annual rate",0,7.7,T10101
T10101,A191RP,27,"Gross domestic product, current dollars",1984Q4,Current Dollars,"Percent change, annual rate",0,6.4,T10101
T10101,A191RP,27,"Gross domestic product, current dollars",1985Q1,Current Dollars,"Percent change, annual rate",0,8.1,T10101
T10101,A191RP,27,"Gross domestic product, current dollars",1985Q2,Current Dollars,"Percent change, annual rate",0,6.3,T10101
T10101,A191RP,27,"Gross domestic product, current dollars",1985Q3,Current Dollars,"Percent change, annual rate",0,8.8,T10101
T10101,A191RP,27,"Gross domestic product, current dollars",1985Q4,Current Dollars,"Percent change, annual rate",0,5.3,T10101
T10101,A191RP,27,"Gross domestic product, current dollars",1986Q1,Current Dollars,"Percent change, annual rate",0,5.9,T10101
T10101,A191RP,27,"Gross domestic product, current dollars",1986Q2,Current Dollars,"Percent change, annual rate",0,3.4,T10101
T10101,A191RP,27,"Gross domestic product, current dollars",1986Q3,Current Dollars,"Percent change, annual rate",0,5.6,T10101
T10101,A191RP,27,"Gross domestic product, current dollars",1986Q4,Current Dollars,"Percent change, annual rate",0,4.4,T10101
T10101,A191RP,27,"Gross domestic product, current dollars",1987Q1,Current Dollars,"Percent change, annual rate",0,5.7,T10101
T10101,A191RP,27,"Gross domestic product, current dollars",1987Q2,Current Dollars,"Percent change, annual rate",0,7.3,T10101
T10101,A191RP,27,"Gross domestic product, current dollars",1987Q3,Current Dollars,"Percent change, annual rate",0,6.7,T10101
T10101,A191RP,27,"Gross domestic product, current dollars",1987Q4,Current Dollars,"Percent change, annual rate",0,10.5,T10101
T10101,A191RP,27,"Gross domestic product, current dollars",1988Q1,Current Dollars,"Percent change, annual rate",0,5.3,T10101
T10101,A191RP,27,"Gross domestic product, current dollars",1988Q2,Current Dollars,"Percent change, annual rate",0,9.5,T10101
T10101,A191RP,27,"Gross domestic product, current dollars",1988Q3,Current Dollars,"Percent change, annual rate",0,7.3,T10101
T10101,A191RP,27,"Gross domestic product, current dollars",1988Q4,Current Dollars,"Percent change, annual rate",0,9.1,T10101
T10101,A191RP,27,"Gross domestic product, current dollars",1989Q1,Current Dollars,"Percent change, annual rate",0,8.5,T10101
T10101,A191RP,27,"Gross domestic product, current dollars",1989Q2,Current Dollars,"Percent change, annual rate",0,7.6,T10101
T10101,A191RP,27,"Gross domestic product, current dollars",1989Q3,Current Dollars,"Percent change, annual rate",0,6.0,T10101
T10101,A191RP,27,"Gross domestic product, current dollars",1989Q4,Current Dollars,"Percent change, annual rate",0,3.7,T10101
T10101,A191RP,27,"Gross domestic product, current dollars",1990Q1,Current Dollars,"Percent change, annual rate",0,9.0,T10101
T10101,A191RP,27,"Gross domestic product, current dollars",1990Q2,Current Dollars,"Percent change, annual rate",0,6.1,T10101
T10101,A191RP,27,"Gross domestic product, current dollars",1990Q3,Current Dollars,"Percent change, annual rate",0,3.7,T10101
T10101,A191RP,27,"Gross domestic product, current dollars",1990Q4,Current Dollars,"Percent change, annual rate",0,-0.7,T10101
T10101,A191RP,27,"Gross domestic product, current dollars",1991Q1,Current Dollars,"Percent change, annual rate",0,2.0,T10101
T10101,A191RP,27,"Gross domestic product, current dollars",1991Q2,Current Dollars,"Percent change, annual rate",0,6.2,T10101
T10101,A191RP,27,"Gross domestic product, current dollars",1991Q3,Current Dollars,"Percent change, annual rate",0,5.3,T10101
T10101,A191RP,27,"Gross domestic product, current dollars",1991Q4,Current Dollars,"Percent change, annual rate",0,3.8,T10101
T10101,A191RP,27,"Gross domestic product, current dollars",1992Q1,Current Dollars,"Percent change, annual rate",0,6.4,T10101
T10101,A191RP,27,"Gross domestic product, current dollars",1992Q2,Current Dollars,"Percent change, annual rate",0,6.9,T10101
T10101,A191RP,27,"Gross domestic product, current dollars",1992Q3,Current Dollars,"Percent change, annual rate",0,6.1,T10101
T10101,A191RP,27,"Gross domestic product, current dollars",1992Q4,Current Dollars,"Percent change, annual rate",0,7.1,T10101
T10101,A191RP,27,"Gross domestic product, current dollars",1993Q1,Current Dollars,"Percent change, annual rate",0,2.9,T10101
T10101,A191RP,27,"Gross domestic product, current dollars",1993Q2,Current Dollars,"Percent change, annual rate",0,4.8,T10101
T10101,A191RP,27,"Gross domestic product, current dollars",1993Q3,Current Dollars,"Percent change, annual rate",0,4.4,T10101
T10101,A191RP,27,"Gross domestic product, current dollars",1993Q4,Current Dollars,"Percent change, annual rate",0,7.9,T10101
T10101,A191RP,27,"Gross domestic product, current dollars",1994Q1,Current Dollars,"Percent change, annual rate",0,5.9,T10101
T10101,A191RP,27,"Gross domestic product, current dollars",1994Q2,Current Dollars,"Percent change, annual rate",0,7.6,T10101
T10101,A191RP,27,"Gross domestic product, current dollars",1994Q3,Current Dollars,"Percent change, annual rate",0,4.7,T10101
T10101,A191RP,27,"Gross domestic product, current dollars",1994Q4,Current Dollars,"Percent change, annual rate",0,7.0,T10101
T10101,A191RP,27,"Gross domestic product, current dollars",1995Q1,Current Dollars,"Percent change, annual rate",0,3.6,T10101
T10101,A191RP,27,"Gross domestic product, current dollars",1995Q2,Current Dollars,"Percent change, annual rate",0,3.2,T10101
T10101,A191RP,27,"Gross domestic product, current dollars",1995Q3,Current Dollars,"Percent change, annual rate",0,5.5,T10101
T10101,A191RP,27,"Gross domestic product, current dollars",1995Q4,Current Dollars,"Percent change, annual rate",0,4.7,T10101
T10101,A191RP,27,"Gross domestic product, current dollars",1996Q1,Current Dollars,"Percent change, annual rate",0,5.0,T10101
T10101,A191RP,27,"Gross domestic product, current dollars",1996Q2,Current Dollars,"Percent change, annual rate",0,8.6,T10101
T10101,A191RP,27,"Gross domestic product, current dollars",1996Q3,Current Dollars,"Percent change, annual rate",0,5.0,T10101
T10101,A191RP,27,"Gross domestic product, current dollars",1996Q4,Current Dollars,"Percent change, annual rate",0,6.5,T10101
T10101,A191RP,27,"Gross domestic product, current dollars",1997Q1,Current Dollars,"Percent change, annual rate",0,5.1,T10101
T10101,A191RP,27,"Gross domestic product, current dollars",1997Q2,Current Dollars,"Percent change, annual rate",0,7.7,T10101
T10101,A191RP,27,"Gross domestic product, current dollars",1997Q3,Current Dollars,"Percent change, annual rate",0,6.9,T10101
T10101,A191RP,27,"Gross domestic product, current dollars",1997Q4,Current Dollars,"Percent change, annual rate",0,4.8,T10101
T10101,A191RP,27,"Gross domestic product, current dollars",1998Q1,Current Dollars,"Percent change, annual rate",0,4.7,T10101
T10101,A191RP,27,"Gross domestic product, current dollars",1998Q2,Current Dollars,"Percent change, annual rate",0,4.7,T10101
T10101,A191RP,27,"Gross domestic product, current dollars",1998Q3,Current Dollars,"Percent change, annual rate",0,6.9,T10101
T10101,A191RP,27,"Gross domestic product, current dollars",1998Q4,Current Dollars,"Percent change, annual rate",0,7.8,T10101
T10101,A191RP,27,"Gross domestic product, current dollars",1999Q1,Current Dollars,"Percent change, annual rate",0,5.2,T10101
T10101,A191RP,27,"Gross domestic product, current dollars",1999Q2,Current Dollars,"Percent change, annual rate",0,5.0,T10101
T10101,A191RP,27,"Gross domestic product, current dollars",1999Q3,Current Dollars,"Percent change, annual rate",0,6.9,T10101
T10101,A191RP,27,"Gross domestic product, current dollars",1999Q4,Current Dollars,"Percent change, annual rate",0,9.1,T10101
T10101,A191RP,27,"Gross domestic product, current dollars",2000Q1,Current Dollars,"Percent change, annual rate",0,4.2,T10101
T10101,A191RP,27,"Gross domestic product, current dollars",2000Q2,Current Dollars,"Percent change, annual rate",0,10.2,T10101
T10101,A191RP,27,"Gross domestic product, current dollars",2000Q3,Current Dollars,"Percent change, annual rate",0,2.8,T10101
T10101,A191RP,27,"Gross domestic product, current dollars",2000Q4,Current Dollars,"Percent change, annual rate",0,4.6,T10101
T10101,A191RP,27,"Gross domestic product, current dollars",2001Q1,Current Dollars,"Percent change, annual rate",0,1.3,T10101
T10101,A191RP,27,"Gross domestic product, current dollars",2001Q2,Current Dollars,"Percent change, annual rate",0,5.0,T10101
T10101,A191RP,27,"Gross domestic product, current dollars",2001Q3,Current Dollars,"Percent change, annual rate",0,0.0,T10101
T10101,A191RP,27,"Gross domestic product, current dollars",2001Q4,Current Dollars,"Percent change, annual rate",0,2.4,T10101
T10101,A191RP,27,"Gross domestic product, current dollars",2002Q1,Current Dollars,"Percent change, annual rate",0,4.7,T10101
T10101,A191RP,27,"Gross domestic product, current dollars",2002Q2,Current Dollars,"Percent change, annual rate",0,3.9,T10101
T10101,A191RP,27,"Gross domestic product, current dollars",2002Q3,Current Dollars,"Percent change, annual rate",0,3.6,T10101
T10101,A191RP,27,"Gross domestic product, current dollars",2002Q4,Current Dollars,"Percent change, annual rate",0,2.8,T10101
T10101,A191RP,27,"Gross domestic product, current dollars",2003Q1,Current Dollars,"Percent change, annual rate",0,4.1,T10101
T10101,A191RP,27,"Gross domestic product, current dollars",2003Q2,Current Dollars,"Percent change, annual rate",0,5.1,T10101
T10101,A191RP,27,"Gross domestic product, current dollars",2003Q3,Current Dollars,"Percent change, annual rate",0,9.3,T10101
T10101,A191RP,27,"Gross domestic product, current dollars",2003Q4,Current Dollars,"Percent change, annual rate",0,7.3,T10101
T10101,A191RP,27,"Gross domestic product, current dollars",2004Q1,Current Dollars,"Percent change, annual rate",0,5.2,T10101
T10101,A191RP,27,"Gross domestic product, current dollars",2004Q2,Current Dollars,"Percent change, annual rate",0,6.5,T10101
T10101,A191RP,27,"Gross domestic product, current dollars",2004Q3,Current Dollars,"Percent change, annual rate",0,6.5,T10101
T10101,A191RP,27,"Gross domestic product, current dollars",2004Q4,Current Dollars,"Percent change, annual rate",0,7.4,T10101
T10101,A191RP,27,"Gross domestic product, current dollars",2005Q1,Current Dollars,"Percent change, annual rate",0,7.9,T10101
T10101,A191RP,27,"Gross domestic product, current dollars",2005Q2,Current Dollars,"Percent change, annual rate",0,5.0,T10101
T10101,A191RP,27,"Gross domestic product, current dollars",2005Q3,Current Dollars,"Percent change, annual rate",0,7.0,T10101
T10101,A191RP,27,"Gross domestic product, current dollars",2005Q4,Current Dollars,"Percent change, annual rate",0,5.6,T10101
T10101,A191RP,27,"Gross domestic product, current dollars",2006Q1,Current Dollars,"Percent change, annual rate",0,8.5,T10101
T10101,A191RP,27,"Gross domestic product, current dollars",2006Q2,Current Dollars,"Percent change, annual rate",0,4.6,T10101
T10101,A191RP,27,"Gross domestic product, current dollars",2006Q3,Current Dollars,"Percent change, annual rate",0,3.4,T10101
T10101,A191RP,27,"Gross domestic product, current dollars",2006Q4,Current Dollars,"Percent change, annual rate",0,5.0,T10101
T10101,A191RP,27,"Gross domestic product, current dollars",2007Q1,Current Dollars,"Percent change, annual rate",0,5.1,T10101
T10101,A191RP,27,"Gross domestic product, current dollars",2007Q2,Current Dollars,"Percent change, annual rate",0,5.3,T10101
T10101,A191RP,27,"Gross domestic product, current dollars",2007Q3,Current Dollars,"Percent change, annual rate",0,4.6,T10101
T10101,A191RP,27,"Gross domestic product, current dollars",2007Q4,Current Dollars,"Percent change, annual rate",0,4.2,T10101
T10101,A191RP,27,"Gross domestic product, current dollars",2008Q1,Current Dollars,"Percent change, annual rate",0,-0.2,T10101
T10101,A191RP,27,"Gross domestic product, current dollars",2008Q2,Current Dollars,"Percent change, annual rate",0,4.4,T10101
T10101,A191RP,27,"Gross domestic product, current dollars",2008Q3,Current Dollars,"Percent change, annual rate",0,0.9,T10101
T10101,A191RP,27,"Gross domestic product, current dollars",2008Q4,Current Dollars,"Percent change, annual rate",0,-7.6,T10101
T10101,A191RP,27,"Gross domestic product, current dollars",2009Q1,Current Dollars,"Percent change, annual rate",0,-4.8,T10101
T10101,A191RP,27,"Gross domestic product, current dollars",2009Q2,Current Dollars,"Percent change, annual rate",0,-1.4,T10101
T10101,A191RP,27,"Gross domestic product, current dollars",2009Q3,Current Dollars,"Percent change, annual rate",0,1.9,T10101
T10101,A191RP,27,"Gross domestic product, current dollars",2009Q4,Current Dollars,"Percent change, annual rate",0,5.7,T10101
T10101,A191RP,27,"Gross domestic product, current dollars",2010Q1,Current Dollars,"Percent change, annual rate",0,3.1,T10101
T10101,A191RP,27,"Gross domestic product, current dollars",2010Q2,Current Dollars,"Percent change, annual rate",0,6.0,T10101
T10101,A191RP,27,"Gross domestic product, current dollars",2010Q3,Current Dollars,"Percent change, annual rate",0,4.4,T10101
T10101,A191RP,27,"Gross domestic product, current dollars",2010Q4,Current Dollars,"Percent change, annual rate",0,4.5,T10101
T10101,A191RP,27,"Gross domestic product, current dollars",2011Q1,Current Dollars,"Percent change, annual rate",0,1.1,T10101
T10101,A191RP,27,"Gross domestic product, current dollars",2011Q2,Current Dollars,"Percent change, annual rate",0,5.5,T10101
T10101,A191RP,27,"Gross domestic product, current dollars",2011Q3,Current Dollars,"Percent change, annual rate",0,2.3,T10101
T10101,A191RP,27,"Gross domestic product, current dollars",2011Q4,Current Dollars,"Percent change, annual rate",0,5.1,T10101
T10101,A191RP,27,"Gross domestic product, current dollars",2012Q1,Current Dollars,"Percent change, annual rate",0,5.8,T10101
T10101,A191RP,27,"Gross domestic product, current dollars",2012Q2,Current Dollars,"Percent change, annual rate",0,3.5,T10101
T10101,A191RP,27,"Gross domestic product, current dollars",2012Q3,Current Dollars,"Percent change, annual rate",0,2.8,T10101
T10101,A191RP,27,"Gross domestic product, current dollars",2012Q4,Current Dollars,"Percent change, annual rate",0,2.5,T10101
T10101,A191RP,27,"Gross domestic product, current dollars",2013Q1,Current Dollars,"Percent change, annual rate",0,5.7,T10101
T10101,A191RP,27,"Gross domestic product, current dollars",2013Q2,Current Dollars,"Percent change, annual rate",0,1.9,T10101
T10101,A191RP,27,"Gross domestic product, current dollars",2013Q3,Current Dollars,"Percent change, annual rate",0,5.5,T10101
T10101,A191RP,27,"Gross domestic product, current dollars",2013Q4,Current Dollars,"Percent change, annual rate",0,5.7,T10101
T10101,A191RP,27,"Gross domestic product, current dollars",2014Q1,Current Dollars,"Percent change, annual rate",0,0.1,T10101
T10101,A191RP,27,"Gross domestic product, current dollars",2014Q2,Current Dollars,"Percent change, annual rate",0,7.7,T10101
T10101,A191RP,27,"Gross domestic product, current dollars",2014Q3,Current Dollars,"Percent change, annual rate",0,6.7,T10101
T10101,A191RP,27,"Gross domestic product, current dollars",2014Q4,Current Dollars,"Percent change, annual rate",0,2.4,T10101
T10101,A191RP,27,"Gross domestic product, current dollars",2015Q1,Current Dollars,"Percent change, annual rate",0,3.4,T10101
T10101,A191RP,27,"Gross domestic product, current dollars",2015Q2,Current Dollars,"Percent change, annual rate",0,4.9,T10101
T10101,A191RP,27,"Gross domestic product, current dollars",2015Q3,Current Dollars,"Percent change, annual rate",0,2.7,T10101
T10101,A191RP,27,"Gross domestic product, current dollars",2015Q4,Current Dollars,"Percent change, annual rate",0,0.7,T10101
T10101,A191RP,27,"Gross domestic product, current dollars",2016Q1,Current Dollars,"Percent change, annual rate",0,2.0,T10101
T10101,A191RP,27,"Gross domestic product, current dollars",2016Q2,Current Dollars,"Percent change, annual rate",0,4.1,T10101
T10101,A191RP,27,"Gross domestic product, current dollars",2016Q3,Current Dollars,"Percent change, annual rate",0,3.9,T10101
T10101,A191RP,27,"Gross domestic product, current dollars",2016Q4,Current Dollars,"Percent change, annual rate",0,4.2,T10101
T10101,A191RP,27,"Gross domestic product, current dollars",2017Q1,Current Dollars,"Percent change, annual rate",0,4.1,T10101
T10101,A191RP,27,"Gross domestic product, current dollars",2017Q2,Current Dollars,"Percent change, annual rate",0,3.3,T10101
T10101,A191RP,27,"Gross domestic product, current dollars",2017Q3,Current Dollars,"Percent change, annual rate",0,5.3,T10101
T10101,A191RP,27,"Gross domestic product, current dollars",2017Q4,Current Dollars,"Percent change, annual rate",0,7.2,T10101
T10101,A191RP,27,"Gross domestic product, current dollars",2018Q1,Current Dollars,"Percent change, annual rate",0,5.9,T10101
T10101,A191RP,27,"Gross domestic product, current dollars",2018Q2,Current Dollars,"Percent change, annual rate",0,5.1,T10101
T10101,A191RP,27,"Gross domestic product, current dollars",2018Q3,Current Dollars,"Percent change, annual rate",0,4.3,T10101
T10101,A191RP,27,"Gross domestic product, current dollars",2018Q4,Current Dollars,"Percent change, annual rate",0,2.3,T10101
T10101,A191RP,27,"Gross domestic product, current dollars",2019Q1,Current Dollars,"Percent change, annual rate",0,3.8,T10101
T10101,A191RP,27,"Gross domestic product, current dollars",2019Q2,Current Dollars,"Percent change, annual rate",0,5.5,T10101
T10101,A191RP,27,"Gross domestic product, current dollars",2019Q3,Current Dollars,"Percent change, annual rate",0,6.1,T10101
T10101,A191RP,27,"Gross domestic product, current dollars",2019Q4,Current Dollars,"Percent change, annual rate",0,4.0,T10101
T10101,A191RP,27,"Gross domestic product, current dollars",2020Q1,Current Dollars,"Percent change, annual rate",0,-3.3,T10101
T10101,A191RP,27,"Gross domestic product, current dollars",2020Q2,Current Dollars,"Percent change, annual rate",0,-29.1,T10101
T10101,A191RP,27,"Gross domestic product, current dollars",2020Q3,Current Dollars,"Percent change, annual rate",0,39.9,T10101
T10101,A191RP,27,"Gross domestic product, current dollars",2020Q4,Current Dollars,"Percent change, annual rate",0,7.2,T10101
T10101,A191RP,27,"Gross domestic product, current dollars",2021Q1,Current Dollars,"Percent change, annual rate",0,11.2,T10101
T10101,A191RP,27,"Gross domestic product, current dollars",2021Q2,Current Dollars,"Percent change, annual rate",0,13.8,T10101
T10101,A191RP,27,"Gross domestic product, current dollars",2021Q3,Current Dollars,"Percent change, annual rate",0,9.8,T10101
T10101,A191RP,27,"Gross domestic product, current dollars",2021Q4,Current Dollars,"Percent change, annual rate",0,14.6,T10101
T10101,A191RP,27,"Gross domestic product, current dollars",2022Q1,Current Dollars,"Percent change, annual rate",0,7.2,T10101
T10101,A191RP,27,"Gross domestic product, current dollars",2022Q2,Current Dollars,"Percent change, annual rate",0,10.0,T10101
T10101,A191RP,27,"Gross domestic product, current dollars",2022Q3,Current Dollars,"Percent change, annual rate",0,7.6,T10101
T10101,A191RP,27,"Gross domestic product, current dollars",2022Q4,Current Dollars,"Percent change, annual rate",0,6.8,T10101
T10101,A191RP,27,"Gross domestic product, current dollars",2023Q1,Current Dollars,"Percent change, annual rate",0,6.8,T10101
T10101,A191RP,27,"Gross domestic product, current dollars",2023Q2,Current Dollars,"Percent change, annual rate",0,4.7,T10101
T10101,A191RP,27,"Gross domestic product, current dollars",2023Q3,Current Dollars,"Percent change, annual rate",0,8.2,T10101
T10101,A191RP,27,"Gross domestic product, current dollars",2023Q4,Current Dollars,"Percent change, annual rate",0,5.1,T10101
T10101,A191RP,27,"Gross domestic product, current dollars",2024Q1,Current Dollars,"Percent change, annual rate",0,4.0,T10101
T10101,A191RP,27,"Gross domestic product, current dollars",2024Q2,Current Dollars,"Percent change, annual rate",0,6.3,T10101
T10101,A191RP,27,"Gross domestic product, current dollars",2024Q3,Current Dollars,"Percent change, annual rate",0,5.1,T10101
T10101,A191RP,27,"Gross domestic product, current dollars",2024Q4,Current Dollars,"Percent change, annual rate",0,4.3,T10101
T10101,A191RP,27,"Gross domestic product, current dollars",2025Q1,Current Dollars,"Percent change, annual rate",0,2.9,T10101
T10101,A191RP,27,"Gross domestic product, current dollars",2025Q2,Current Dollars,"Percent change, annual rate",0,6.0,T10101
T10101,A191RP,27,"Gross domestic product, current dollars",2025Q3,Current Dollars,"Percent change, annual rate",0,8.3,T10101
